-- Users
INSERT INTO `user`
(`id`, `password`, `type`, `email`, `firstName`, `lastName`, `address`, `city`, `state`, `country`, `zipCode`, `phoneNumber`, `isLockout`, `second_email`) VALUES
(19909, '123', 'F', 'math1teacher', 'Kim', 'Miss', '100 Main St', 'Lynbrrok', 'NY', 'USA', '11563', '5167900666', 0, 'mathemail1@gmail.com'),
(19901, '123', 'F', 'math2teacher', 'Chuckee', 'Miss', '110 Main St', 'Lynbrrok', 'NY', 'USA', '11562', '5167900656', 0, 'mathemail2@gmail.com'),
(19902, '123', 'F', 'math3teacher', 'Zhao', 'Miss', '120 Main St', 'Lynbrrok', 'NY', 'USA', '11564', '5167900646', 0, 'mathemail3@gmail.com'),
(19903, '123', 'F', 'math4teacher', 'Zhao', 'Lan', '130 Main St', 'Lynbrrok', 'NY', 'USA', '11565', '5167900636', 0, 'mathemail4@gmail.com'),
(19904, '123', 'F', 'GE1teacher', 'Sarah', 'Miss', '140 Main St', 'Lynbrrok', 'NY', 'USA', '11863', '5167900626', 0, 'GEemail1@gmail.com'),
(19905, '123', 'F', 'GE2teacher', 'Williams', 'Miss', '150 Main St', 'Lynbrrok', 'NY', 'USA', '11763', '5167900616', 0, 'GEemail2@gmail.com'),
(19906, '123', 'F', 'GE3teacher', 'GENEDTEACHER', 'Miss', '160 Main St', 'Lynbrrok', 'NY', 'USA', '11663', '5167900606', 0, 'GEemail3@gmail.com'),
(19907, '123', 'F', 'GE4teacher', 'GE', 'Miss', '170 Main St', 'Lynbrrok', 'NY', 'USA', '11463', '5167900661', 0, 'GEemail4@gmail.com'),
(19908, '123', 'F', 'PH1teacher', 'Alizee', 'Miss', '180 Main St', 'Lynbrrok', 'NY', 'USA', '11263', '5167900662', 0, 'GEemail1@gmail.com'),
(19910, '123', 'F', 'PH2teacher', 'Gup', 'Na', '190 Main St', 'Lynbrrok', 'NY', 'USA', '11513', '5167900663', 0, 'PHemail2@gmail.com'),
(19911, '123', 'F', 'PH3teacher', 'Physic', 'MS', '200 Main St', 'Lynbrrok', 'NY', 'USA', '11593', '5167900664', 0, 'PHemail3@gmail.com'),
(19912, '123', 'F', 'PH4teacher', 'Physic', 'MR', '210 Main St', 'Lynbrrok', 'NY', 'USA', '11963', '5167900665', 0, 'PHemail4@gmail.com');



-- enrollmentprocess faculty

INSERT INTO `faculty` (`user_id`, `isFullTime`, `department_id`, `room_id`) VALUES
(19909, 1, 'MA', 'ET16'), 
(19901, 1, 'MA', 'ET17'),
(19902, 1, 'MA', 'ET18'),
(19903, 1, 'MA', 'ET19'),
(19904, 1, 'GE', 'ET20'), 
(19905, 1, 'GE', 'ET21'),
(19906, 1, 'GE', 'ET22'),
(19907, 1, 'GE', 'ET23'),
(19908, 1, 'PH', 'ET35'), 
(19910, 1, 'PH', 'ET36'),
(19911, 1, 'PH', 'ET37'),
(19912, 1, 'PH', 'ET38');


-- SIDE NOTE ALSO MADE MORE EE FACULTY FOR GERTZ EE ENROLLMENT

INSERT INTO `user`
(`id`, `password`, `type`, `email`, `firstName`, `lastName`, `address`, `city`, `state`, `country`, `zipCode`, `phoneNumber`, `isLockout`, `second_email`) VALUES
(19913, '123', 'F', 'EE1teacher', 'EE', 'Miss', '100 Main St', 'Lynbrrok', 'NY', 'USA', '11563', '5167900666', 0, 'mathemail1@gmail.com'),
(19914, '123', 'F', 'EE2teacher', 'ChuckEE', 'Miss', '110 Main St', 'Lynbrrok', 'NY', 'USA', '11562', '5167900656', 0, 'mathemail2@gmail.com'),
(19915, '123', 'F', 'EE3teacher', 'EE', 'Miss', '100 Main St', 'Lynbrrok', 'NY', 'USA', '11563', '5167900666', 0, 'mathemail1@gmail.com'),
(19916, '123', 'F', 'EE4teacher', 'ChuckEE', 'Miss', '110 Main St', 'Lynbrrok', 'NY', 'USA', '11562', '5167900656', 0, 'mathemail2@gmail.com');





INSERT INTO `faculty` (`user_id`, `isFullTime`, `department_id`, `room_id`) VALUES
(19913, 1, 'EE', 'ET36'),
(19914, 1, 'EE', 'ET37'),
(19915, 1, 'EE', 'ET38'),
(19916, 1, 'EE', 'ET39');


-- Physics inserts
INSERT INTO `course` (`id`, `department_id`, `number`, `name`, `description`, `numberOfCredits`, `isGraduateCourse`, `isActive`, `isInCatalog`) VALUES
('PH131','PH',131, 'Classical Physics', "With laboratories",4,0,1,1),
('PH251','PH',251, 'Modern Physics', "With Modern laboratories",4,0,1,1),
('PH277','PH',277, 'Computation for Physics', "With phyiscal laboratories",4,0,1,1),
('PH300','PH',300, 'Waves and Optics', "With wavey laboratories",4,0,1,1),
('PH301','PH',301, 'Electromagnetic Theory', "With electromagnetic laboratories",4,0,1,1),
('PH303','PH',303, 'Mechanics', "With mechanical laboratories",4,0,1,1),
('PH306','PH',306, 'Thermodynamics', "With thermolaboratories",4,0,1,1),
('PH308','PH',308, 'Quantum Physics', "With quantum laboratories",4,0,1,1);

INSERT INTO `minor` (`id`,`name`,`department_id`) VALUES (2,'Physics', 'PH');
INSERT INTO `major` (`id`,`name`,`type`,`department_id`) VALUES (4, 'Physics','BS','PH');

-- minor req for physics
INSERT INTO `major_requirement` (`id`,`major_id`,`course_id`) VALUES
(110,4,'PH131'),
(111,4,'PH251'),
(112,4,'PH277'),
(113,4,'PH300'),
(114,4,'PH303'),
(115,4,'PH306'),
(116,4,'PH308');

INSERT INTO `prerequisite` (`id`,`requiredGrade`,`course_id`,`prereq_id`) VALUES
(31,'C','MA302','MA110'),
(32,'C','MA304','MA111'),
(33,'C','MA303','MA113'),
(34,'C','MA305','MA223'),
(35,'C','GE105','GE102'),
(36,'C','GE106','GE101'),
(37,'C','PH251','PH101'),
(38,'C','PH300','PH102'),
(39,'C','PH306','PH103'),
(40,'C','PH308','PH300'),
(41,'C','GE107','GE103'),
(42,'C','GE108','GE104');

-- USE pre reqs already in sql file + these
-- major requirements for ma, gen electives, and physics
INSERT INTO `major_requirement` (`id`,`major_id`,`course_id`) VALUES
(100,5,'GE101'),
(101,5,'GE102'),
(102,5,'GE103'),
(103,5,'GE104'),
(104,5,'GE105'),
(105,5,'GE106'),
(106,5,'GE107'),
(107,5,'GE108'),
(108,5,'GE109'),
(109,5,'GE110'),
(110,4,'PH131'),
(111,4,'PH251'),
(112,4,'PH277'),
(113,4,'PH300'),
(114,4,'PH303'),
(115,4,'PH306'),
(116,4,'PH308');

-- student_major to general elective and EE for GertzG and general elective for toothG
INSERT INTO `student_major` (`id`,`dateDeclared`,`major_id`,`student_id`) VALUES
(2,20160804, 5, 40001),
(3,20160804, 1,40201),
(4,20160804,5,40201);

-- toothg student_minor to math
INSERT INTO `student_minor` (`id`,`dateDeclared`,`minor_id`,`student_id`) VALUES (2,20080515, 1, 40001);

-- toothg and gertzG advisor inserts for corresponding faculty EE for gertz MA for toothg
INSERT INTO `advisor` (`id`, `faculty_id`, `student_id`,`dateAssigned`) VALUES 
(103,10009, 40001, '2018-07-22');
INSERT INTO `course` (`id`, `department_id`, `number`, `name`, `description`, `numberOfCredits`, `isGraduateCourse`, `isActive`, `isInCatalog`) VALUES
('EE101','EE',101, 'EE BASICS', "With EE laboratories",4,0,1,1),
('EE102','EE',102, 'EE BASICS 2', "With Modern EE laboratories",4,0,1,1),
('EE321','EE',321, 'Computation for EE', "With phyiscal EE laboratories",4,0,1,1);
SET SQL_SAFE_UPDATES=0;
delete from transcript;
-- TRANSCRIPT INSERTS TOOTHG HAS GE, GERTZ HAS GE AND EE

INSERT INTO `transcript` (`id`,`gradeReceived`,`year`,`season`,`course_id`,`student_id`) VALUES
(11,'B','2016','F','EE101','40201'),
(12,'B','2016','F','EE102','40201'),
(13,'A','2016','F','EE300','40201'),
(14,'B','2016','F','EE310','40201'),
(15,'B','2016','F','EE303','40201'),
(16,'B','2017','SP','EE321','40201'),
(17,'A','2017','SP','EE342','40201'),
(18,'B','2017','SP','EE357','40201'),
(19,'A','2017','SP','EE360','40201'),
(20,'B','2017','F','EE365','40201'),
(21,'A','2017','F','EE394','40201'),
(22,'C','2017','F','EE395','40201'),
(23,'C','2017','F','EE396','40201'),
(24,'A','2018','SP','GE101','40201'),
(25,'B','2018','SP','GE102','40201'),
(26,'C','2018','SP','GE103','40201'),
(27,'C','2018','F','GE104','40201'),
(28,'A','2018','F','GE105','40201'),
(29,'A','2018','F','GE106','40201'),
(30,'B','2018','F','GE107','40201'),
(31,'C','2019','SP','GE108','40201'),
(32,'A','2019','SP','GE109','40201'),
(33,'A','2016','SP','GE101','40001'),
(34,'B','2016','SP','MA110','40001'),
(35,'A','2016','SP','MA111','40001'),
(36,'B','2016','SP','GE102','40001'),
(37,'A','2017','F','MA113','40001'),
(38,'A','2017','F','GE102','40001'),
(39,'B','2017','F','GE103','40001'),
(40,'C','2017','F','MA223','40001'),
(41,'B','2017','SP','GE104','40001'),
(42,'A','2017','SP','MA224','40001'),
(43,'C','2017','SP','GE105','40001'),
(45,'A','2018','F','MA240','40001'),
(46,'B','2018','F','MA302','40001'),
(47,'A','2018','F','GE106','40001'),
(48,'B','2018','F','GE107','40001'),
(49,'A','2018','SP','MA303','40001'),
(50,'A','2018','SP','MA304','40001'),
(51,'B','2018','SP','GE108','40001'),
(52,'C','2018','SP','GE109','40001');


-- ENROLLMENT PROCESS made user then fac users then course section ids for enrollment then enrollment for attendance
--
-- COURSE SECTIONS FOR ALL CLASSES IN TRANSCRIPTS TO TEST

INSERT INTO `course_section` (`id`,`course_id`,`number`,`faculty_id`,`numOfSeats`,`numOfTaken`,`term_id`,`room_id`) VALUES
(20150,'EE101',1,19913,30,20,2,'ET36'),
(20151,'EE102',1,19914,30,20,2,'ET37'),
(20152,'EE300',1,19915,30,20,2,'ET38'),
(20153,'EE310',1,19916,30,20,2,'ET39'),
(20154,'EE303',1,10006,30,20,2,'ET2');


INSERT INTO `course_section` (`id`,`course_id`,`number`,`faculty_id`,`numOfSeats`,`numOfTaken`,`term_id`,`room_id`) VALUES
(20155,'EE321',1,19913,30,20,3,'ET36'),
(20056,'EE342',1,19914,30,20,3,'ET37'),
(20057,'EE357',1,19915,30,20,3,'ET38'),
(20058,'EE360',1,19916,30,20,3,'ET39'),
(20059,'EE365',1,19913,30,20,4,'ET36'),
(20060,'EE394',1,19914,30,20,4,'ET37'),
(20061,'EE395',1,19915,30,20,4,'ET38'),
(20062,'EE396',1,19916,30,20,4,'ET39'),
(20063,'GE101',1,19904,30,20,5,'ET20'),
(20064,'GE102',1,19905,30,20,5,'ET21'),
(20065,'GE103',1,19906,30,20,5,'ET22'),
(20066,'GE104',1,19904,30,20,6,'ET20'),
(20067,'GE105',1,19905,30,20,6,'ET21'),
(20068,'GE106',1,19906,30,20,6,'ET22'),
(20069,'GE107',1,19907,30,20,6,'ET23'),
(20070,'GE108',1,19905,30,20,7,'ET21'),
(20071,'GE109',1,19907,30,20,7,'ET23'),
(20072,'GE101',1,19905,30,20,1,'ET21'),
(20073,'MA110',1,19909,30,20,1,'ET16'),
(20074,'MA111',1,19901,30,20,1,'ET17'),
(20075,'GE102',1,19904,30,20,1,'ET20'),
(20076,'MA113',1,19909,30,20,4,'ET16'),
(20077,'GE103',1,19904,30,20,4,'ET20'),
(20078,'MA223',1,19902,30,20,4,'ET18'),
(20079,'GE104',1,19905,30,20,3,'ET21'),
(20080,'MA224',1,19901,30,20,3,'ET17'),
(20081,'GE105',1,19906,30,20,3,'ET22'),
(20082,'MA240',1,19901,30,20,6,'ET17'),
(20083,'MA302',1,19902,30,20,6,'ET18'),
(20084,'GE106',1,19907,30,20,6,'ET23'),
(20085,'GE107',1,10004,30,20,6,'ET20'),
(20086,'MA303',1,19903,30,20,5,'ET19'),
(20087,'MA304',1,19901,30,20,5,'ET17'),
(20088,'GE108',1,19905,30,20,5,'ET21'),
(20089,'GE109',1,19906,30,20,5,'ET22');


-- COURSE SECTION SLOT FOR ALL REQUIRED CLASSES FOR TOOTHG AND GERTZG

INSERT INTO `course_section_slot` (`id`,`coursesection_id`,`slot_id`) VALUES
(901,20150,14),  
(902,20150,30),
(903,20151,13),
(904,20151,29),
(905,20152,12),
(906,20152,28),
(907,20153,11),
(908,20153,27),
(909,20154,10),
(910,20154,26),
(911,20155,14),
(912,20155,30),
(913,20056,13),
(914,20056,29),
(915,20057,12),
(916,20057,28),
(917,20058,11),
(918,20058,27),
(919,20059,14),
(920,20059,30),
(921,20060,13),
(922,20060,29),
(923,20061,12),
(924,20061,28),
(925,20062,11),
(926,20062,27),
(927,20063,14),
(928,20063,30),
(929,20064,13),
(930,20064,29),  
(931,20065,12),
(932,20065,28),
(933,20066,11),  
(934,20066,27),
(935,20067,14),
(936,20067,30),  
(937,20068,13),
(938,20068,29),
(939,20069,12),  
(940,20069,28),
(941,20070,14),
(942,20070,30),
(943,20071,13),
(944,20071,29),
(945,20072,14),
(946,20072,30),
(947,20073,13),
(948,20073,29),
(949,20074,12),
(950,20074,28),
(951,20075,11),
(952,20075,27),
(953,20076,14),
(954,20076,30),
(955,20077,13),
(956,20077,29),
(957,20078,12),
(958,20078,28),
(959,20079,14),
(960,20079,30),
(961,20080,13),
(962,20080,29),
(963,20081,12),
(964,20081,28),
(965,20082,14),
(966,20082,30),
(967,20083,13),
(968,20083,29),
(969,20084,12),
(970,20084,28),
(971,20085,11),
(972,20086,27),
(973,20087,14),
(974,20088,30),
(975,20089,13),
(976,20089,29);


-- ENROLLMENT FOR TOOTHG AND GERTZG

-- gertzg
INSERT INTO `enrollment` (`id`,`dateEnrolled`,`course_section_id`,`student_id`) VALUES
(101,'2016-09-20',20150,'40201'),
(102,'2016-09-20',20151,'40201'),
(103,'2016-09-20',20152,'40201'),
(104,'2016-09-20',20153,'40201'),
(190,'2016-09-20',20154,'40201'),
(105,'2017-03-20',20155,'40201'),
(106,'2017-03-20',20056,'40201'),
(107,'2017-03-20',20057,'40201'),
(108,'2017-03-20',20058,'40201'),
(109,'2017-09-20',20059,'40201'),
(110,'2017-09-20',20060,'40201'),
(111,'2017-09-20',20061,'40201'),
(112,'2017-09-20',20062,'40201'),
(113,'2018-03-20',20063,'40201'),
(114,'2018-03-20',20064,'40201'),
(115,'2018-03-20',20065,'40201'),
(116,'2018-09-20',20066,'40201'),
(117,'2018-09-20',20067,'40201'),
(118,'2018-09-20',20068,'40201'),
(119,'2018-09-20',20069,'40201'),
(120,'2019-03-20',20070,'40201'),
(121,'2019-03-20',20071,'40201');


-- toothg
INSERT INTO `enrollment` (`id`,`dateEnrolled`,`course_section_id`,`student_id`) VALUES
(122,'2016-03-20',20072,'40001'),
(123,'2016-03-20',20073,'40001'),
(124,'2016-03-20',20074,'40001'),
(125,'2016-03-20',20075,'40001'),
(129,'2017-09-20',20076,'40001'),
(130,'2017-09-20',20077,'40001'),
(131,'2017-09-20',20078,'40001'),
(126,'2017-03-20',20079,'40001'),
(127,'2017-03-20',20080,'40001'),
(128,'2017-03-20',20081,'40001'),
(132,'2018-09-20',20082,'40001'),
(133,'2018-09-20',20083,'40001'),
(134,'2018-09-20',20084,'40001'),
(135,'2018-09-20',20085,'40001'),
(136,'2018-03-20',20086,'40001'),
(137,'2018-03-20',20087,'40001'),
(138,'2018-03-20',20088,'40001'),
(139,'2018-03-20',20089,'40001');


-- SECTION SLOT I THINK U MEANT THIS RIGHT
INSERT INTO `course` (`id`, `department_id`, `number`, `name`, `description`, `numberOfCredits`, `isGraduateCourse`, `isActive`, `isInCatalog`) VALUES
('TBD10','PH',101,'TBD',"TO BE DECIDED",4,0,1,1);

INSERT INTO `course_section` (`id`,`course_id`,`number`,`faculty_id`,`numOfSeats`,`numOfTaken`,`term_id`,`room_id`) VALUES
(50909,'TBD10',1,10010,30,0,8,'ET25');


-- ATTENDANCE FOR GERTZG
INSERT INTO `attendance` (`id`,`isPresent`,`dayAttended`,`enrollment_id`) VALUES
(26,1,'2016-10-01', 101),
(27,1,'2016-10-03', 101),
(28,1,'2016-10-08', 101),
(29,1,'2016-10-10', 101),
(30,1,'2016-10-15', 101),
(31,1,'2016-10-17', 101),
(32,1,'2016-10-22', 101),
(33,1,'2016-10-24', 101),
(34,1,'2016-11-01', 101),
(35,1,'2016-11-03', 101),
(36,1,'2016-11-08', 101),
(37,1,'2016-11-10', 101),
(38,1,'2016-11-15', 101),
(39,1,'2016-11-17', 101),
(40,1,'2016-11-22', 101),
(41,1,'2016-11-24', 101),
(42,1,'2016-10-01', 102),
(43,1,'2016-10-03', 102),
(44,1,'2016-10-08', 102),
(45,1,'2016-10-10', 102),
(46,1,'2016-10-15', 102),
(47,1,'2016-10-17', 102),
(48,1,'2016-10-22', 102),
(49,1,'2016-10-24', 102),
(50,1,'2016-11-01', 102),
(51,1,'2016-11-03', 102),
(52,1,'2016-11-08', 102),
(53,1,'2016-11-10', 102),
(54,1,'2016-11-15', 102),
(55,1,'2016-11-17', 102),
(56,1,'2016-11-22', 102),
(57,1,'2016-11-24', 102),
(58,1,'2016-10-01', 103),
(59,1,'2016-10-03', 103),
(60,1,'2016-10-08', 103),
(61,1,'2016-10-10', 103),
(62,1,'2016-10-15', 103),
(63,1,'2016-10-17', 103),
(64,1,'2016-10-22', 103),
(65,1,'2016-10-24', 103),
(66,1,'2016-11-01', 103),
(67,1,'2016-11-03', 103),
(68,1,'2016-11-08', 103),
(69,1,'2016-11-10', 103),
(70,1,'2016-11-15', 103),
(71,1,'2016-11-17', 103),
(72,1,'2016-11-22', 103),
(73,1,'2016-11-24', 103),
(74,1,'2016-10-01', 104),
(75,1,'2016-10-03', 104),
(76,1,'2016-10-08', 104),
(77,1,'2016-10-10', 104),
(78,1,'2016-10-15', 104),
(79,1,'2016-10-17', 104),
(80,1,'2016-10-22', 104),
(81,1,'2016-10-24', 104),
(82,1,'2016-11-01', 104),
(83,1,'2016-11-03', 104),
(84,1,'2016-11-08', 104),
(85,1,'2016-11-10', 104),
(86,1,'2016-11-15', 104),
(87,1,'2016-11-17', 104),
(88,1,'2016-11-22', 104),
(89,1,'2016-11-24', 104),
(690,1,'2016-05-10', 190),
(691,1,'2016-05-15', 190),
(692,1,'2016-05-17', 190),
(693,1,'2016-05-22', 190),
(694,1,'2016-05-24', 190),
(695,1,'2017-05-10', 105),
(696,1,'2017-05-15', 106),
(697,1,'2017-05-17', 106),
(698,1,'2017-05-22', 106),
(699,1,'2017-06-24', 106),
(685,1,'2017-05-10', 107),
(686,1,'2017-05-15', 107),
(687,1,'2017-05-17', 107),
(688,1,'2017-05-22', 107),
(689,1,'2017-05-24', 107),
(90,1,'2017-05-10', 108),
(591,1,'2017-05-12', 108),
(592,1,'2017-05-17', 108),
(593,1,'2017-05-19', 108),
(594,1,'2017-05-24', 108),
(91,1,'2017-11-15', 109),
(595,1,'2017-11-17', 109),
(596,1,'2017-11-24', 109),
(597,1,'2017-11-26', 109),
(598,1,'2017-12-03', 109),
(599,1,'2017-12-05', 109),
(92,1,'2017-11-17', 110),
(600,1,'2017-11-19', 110),
(601,1,'2017-11-24', 110),
(93,1,'2017-11-22', 111),
(602,1,'2017-11-24', 111),
(603,1,'2017-11-26', 111),
(94,1,'2017-11-28', 112),
(604,1,'2017-11-30', 112),
(605,1,'2017-12-03', 112),
(606,1,'2017-12-05', 112),
(95,1,'2018-05-10', 113),
(607,1,'2018-05-12', 113),
(608,1,'2017-05-19', 113),
(609,1,'2017-05-21', 113),
(96,1,'2018-05-15', 114),
(610,1,'2018-05-17', 114),
(611,1,'2018-05-22', 114),
(612,1,'2018-05-24', 114),
(97,1,'2018-05-17', 115),
(613,1,'2018-05-19', 115),
(614,1,'2018-05-24', 115),
(615,1,'2018-05-26', 115),
(98,1,'2018-11-22', 116),
(616,1,'2018-11-24', 116),
(617,1,'2018-11-30', 116),
(618,1,'2018-12-02', 116),
(99,1,'2018-11-24', 117),
(619,1,'2018-11-26', 117),
(620,1,'2018-12-03', 117),
(621,1,'2018-12-05', 117),
(100,1,'2018-11-10', 118),
(622,1,'2018-11-12', 118),
(623,1,'2018-11-19', 118),
(624,1,'2018-11-21', 118),
(625,1,'2018-11-28', 118),
(626,1,'2018-11-30', 118),
(627,1,'2018-12-06', 118),
(101,1,'2018-10-08', 119),
(628,1,'2018-10-10', 119),
(629,1,'2018-10-15', 119),
(630,1,'2018-10-17', 119),
(631,1,'2018-10-22', 119),
(632,1,'2018-10-24', 119),
(633,1,'2018-10-29', 119),
(634,1,'2018-11-01', 119),
(635,1,'2018-11-06', 119),
(102,1,'2019-04-20', 120),
(636,1,'2019-04-22', 120),
(637,1,'2019-04-27', 120),
(638,1,'2019-05-03', 120),
(639,1,'2019-05-05', 120),
(640,1,'2019-05-10', 120),
(641,1,'2019-05-12', 120),
(642,1,'2019-05-17', 120),
(643,1,'2019-05-19', 120),
(644,1,'2019-05-26', 120),
(645,1,'2019-05-28', 120),

(103,1,'2019-04-20', 121),
(646,1,'2019-04-22', 121),
(647,1,'2019-04-29', 121),
(648,1,'2019-04-30', 121),
(649,1,'2019-05-05', 121),
(650,1,'2019-05-07', 121),
(651,1,'2019-05-12', 121),
(652,1,'2019-05-14', 121),
(653,1,'2019-05-19', 121),
(654,1,'2019-05-22', 121),
(655,1,'2019-05-26', 121);



-- ATTENDANCE FOR TOOTHG
INSERT INTO `attendance` (`id`,`isPresent`,`dayAttended`,`enrollment_id`) VALUES
(104,1,'2016-03-24', 122),
(701,1,'2016-03-26', 122),
(702,1,'2016-04-02', 122),
(703,1,'2016-04-04', 122),
(704,1,'2016-04-09', 122),
(705,1,'2016-04-11', 122),
(706,1,'2016-04-16', 122),
(707,1,'2016-04-18', 122),
(708,1,'2016-04-23', 122),
(709,1,'2016-04-25', 122),
(710,1,'2016-05-02', 122),

(105,1,'2016-05-24', 123),
(711,1,'2016-03-26', 123),
(712,1,'2016-04-02', 123),
(713,1,'2016-04-04', 123),
(714,1,'2016-04-09', 123),
(715,1,'2016-04-11', 123),
(716,1,'2016-04-16', 123),
(717,1,'2016-04-18', 123),
(718,1,'2016-04-23', 123),
(719,1,'2016-04-25', 123),
(720,1,'2016-05-02', 123),

(106,1,'2016-05-24', 124),
(721,1,'2016-03-26', 124),
(722,1,'2016-04-02', 124),
(723,1,'2016-04-04', 124),
(724,1,'2016-04-09', 124),
(725,1,'2016-04-11', 124),
(726,1,'2016-04-16', 124),
(727,1,'2016-04-18', 124),
(728,1,'2016-04-23', 124),
(729,1,'2016-04-25', 124),
(730,1,'2016-05-02', 124),

(107,1,'2016-05-24', 125),
(731,1,'2016-03-26', 125),
(732,1,'2016-04-02', 125),
(733,1,'2016-04-04', 125),
(734,1,'2016-04-09', 125),
(735,1,'2016-04-11', 125),
(736,1,'2016-04-16', 125),
(737,1,'2016-04-18', 125),
(738,1,'2016-04-23', 125),
(739,1,'2016-04-25', 125),
(740,1,'2016-05-02', 125),

(108,1,'2017-10-06', 129),
(741,1,'2017-10-08', 129),
(742,1,'2017-10-10', 129),
(743,1,'2017-10-15', 129),
(744,1,'2017-10-17', 129),
(745,1,'2017-10-22', 129),
(746,1,'2017-10-24', 129),
(747,1,'2017-11-01', 129),
(748,1,'2017-11-03', 129),
(749,1,'2017-11-08', 129),
(750,1,'2017-11-22', 129),

(109,1,'2017-10-06', 130),
(751,1,'2017-10-08', 130),
(752,1,'2017-10-10', 130),
(753,1,'2017-10-15', 130),
(754,1,'2017-10-17', 130),
(755,1,'2017-10-22', 130),
(756,1,'2017-10-24', 130),
(757,1,'2017-11-01', 130),
(758,1,'2017-11-03', 130),
(759,1,'2017-11-08', 130),
(760,1,'2017-11-22', 130),

(110,1,'2017-10-06', 131),
(761,1,'2017-10-08', 131),
(762,1,'2017-10-10', 131),
(763,1,'2017-10-15', 131),
(764,1,'2017-10-17', 131),
(765,1,'2017-10-22', 131),
(766,1,'2017-10-24', 131),
(767,1,'2017-11-01', 131),
(768,1,'2017-11-03', 131),
(769,1,'2017-11-08', 131),
(770,1,'2017-11-22', 131),

(111,1,'2017-05-24', 126),
(771,1,'2017-03-26', 126),
(772,1,'2017-04-02', 126),
(773,1,'2017-04-04', 126),
(774,1,'2017-04-09', 126),
(775,1,'2017-04-11', 126),
(776,1,'2017-04-16', 126),
(777,1,'2017-04-18', 126),
(778,1,'2017-04-23', 126),
(779,1,'2017-04-25', 126),
(780,1,'2017-05-02', 126),

(112,1,'2017-05-24', 127),
(781,1,'2017-03-26', 127),
(782,1,'2017-04-02', 127),
(783,1,'2017-04-04', 127),
(784,1,'2017-04-09', 127),
(785,1,'2017-04-11', 127),
(786,1,'2017-04-16', 127),
(787,1,'2017-04-18', 127),
(788,1,'2017-04-23', 127),
(789,1,'2017-04-25', 127),
(790,1,'2017-05-02', 127),

(113,1,'2017-05-24', 128),
(791,1,'2017-03-26', 128),
(792,1,'2017-04-02', 128),
(793,1,'2017-04-04', 128),
(794,1,'2017-04-09', 128),
(795,1,'2017-04-11', 128),
(796,1,'2017-04-16', 128),
(797,1,'2017-04-18', 128),
(798,1,'2017-04-23', 128),
(799,1,'2017-04-25', 128),
(800,1,'2017-05-02', 128),

(114,1,'2018-10-06', 132),
(801,1,'2018-10-08', 132),
(802,1,'2018-10-10', 132),
(803,1,'2018-10-15', 132),
(804,1,'2018-10-17', 132),
(805,1,'2018-10-22', 132),
(806,1,'2018-10-24', 132),
(807,1,'2018-11-01', 132),
(808,1,'2018-11-03', 132),
(809,1,'2018-11-08', 132),
(810,1,'2018-11-22', 132),

(115,1,'2018-10-06', 133),
(811,1,'2018-10-08', 133),
(812,1,'2018-10-10', 133),
(813,1,'2018-10-15', 133),
(814,1,'2018-10-17', 133),
(815,1,'2018-10-22', 133),
(816,1,'2018-10-24', 133),
(817,1,'2018-11-01', 133),
(818,1,'2018-11-03', 133),
(819,1,'2018-11-08', 133),
(820,1,'2018-11-22', 133),


(116,1,'2018-10-06', 134),
(821,1,'2018-10-08', 134),
(822,1,'2018-10-10', 134),
(823,1,'2018-10-15', 134),
(824,1,'2018-10-17', 134),
(825,1,'2018-10-22', 134),
(826,1,'2018-10-24', 134),
(827,1,'2018-11-01', 134),
(828,1,'2018-11-03', 134),
(829,1,'2018-11-08', 134),
(830,1,'2018-11-22', 134),


(117,1,'2018-10-06', 135),
(831,1,'2018-10-08', 135),
(832,1,'2018-10-10', 135),
(833,1,'2018-10-15', 135),
(834,1,'2018-10-17', 135),
(835,1,'2018-10-22', 135),
(836,1,'2018-10-24', 135),
(837,1,'2018-11-01', 135),
(838,1,'2018-11-03', 135),
(839,1,'2018-11-08', 135),
(840,1,'2018-11-22', 135),

(118,1,'2018-05-24', 136),
(841,1,'2018-03-26', 136),
(842,1,'2018-04-02', 136),
(843,1,'2018-04-04', 136),
(844,1,'2018-04-09', 136),
(845,1,'2018-04-11', 136),
(846,1,'2018-04-16', 136),
(847,1,'2018-04-18', 136),
(848,1,'2018-04-23', 136),
(849,1,'2018-04-25', 136),
(850,1,'2018-05-02', 136),

(119,1,'2018-05-24', 137),
(851,1,'2018-03-26', 137),
(852,1,'2018-04-02', 137),
(853,1,'2018-04-04', 137),
(854,1,'2018-04-09', 137),
(855,1,'2018-04-11', 137),
(856,1,'2018-04-16', 137),
(857,1,'2018-04-18', 137),
(858,1,'2018-04-23', 137),
(859,1,'2018-04-25', 137),
(860,1,'2018-05-02', 137),

(120,1,'2018-05-24', 138),
(861,1,'2018-03-26', 138),
(862,1,'2018-04-02', 138),
(863,1,'2018-04-04', 138),
(864,1,'2018-04-09', 138),
(865,1,'2018-04-11', 138),
(866,1,'2018-04-16', 138),
(867,1,'2018-04-18', 138),
(868,1,'2018-04-23', 138),
(869,1,'2018-04-25', 138),
(870,1,'2018-05-02', 138),

(121,1,'2018-05-24', 139),
(871,1,'2018-03-26', 139),
(872,1,'2018-04-02', 139),
(873,1,'2018-04-04', 139),
(874,1,'2018-04-09', 139),
(875,1,'2018-04-11', 139),
(876,1,'2018-04-16', 139),
(877,1,'2018-04-18', 139),
(878,1,'2018-04-23', 139),
(879,1,'2018-04-25', 139),
(880,1,'2018-05-02', 139);


