-- SQL 15

INSERT INTO `user`
(`id`, `password`, `type`, `email`, `firstName`, `lastName`, `address`, `city`, `state`, `country`, `zipCode`, `phoneNumber`, `isLockout`, `second_email`) VALUES
(41001, 'pbkdf2_sha256$120000$eHLk2CDse3nZ$8whlC4N4DF3zo8PongGKK/+Wm23W9jPwWwwPd6P2TEI=', 'S', 'toothM', 'Mage', 'Tooth', '223 Grand Ave', 'Garden City', 'NY', 'USA', '11530', '5165601525', 0, 'geraancino@gmail.com'),
(41002, '1415', 'S','millHs','Harry','Mill','78 Bail Rd','White Plains','NY','USA','11710','9146321550', 0, 'randomemail122@gmail.com'), 
(41003, '1516', 'S','LynerCs','Carl','Lyner','890 Wake Rd', 'Garden City', 'NY', 'USA', '11530', '5169698500', 0, 'randomemail123@gmail.com'),
(41004,'2223','S','GuzmanGs', 'Garry', 'Guzman', '45 Lewis Rd', 'Riverdale', 'NY', 'USA', '11710', '9144507777', 0, 'randomemail124@gmail.com'),
(41005,'1920','S','KurstJs', 'John', 'Kurst', '8500 Jill Rd', 'Hicksville', 'NY', 'USA', '11598', '5168799999', 0, 'randomemail125@gmail.com'),
(41006,'1718','S','AlvaRs', 'Ron', 'Alva', '1212 North Ave', 'Baldwin', 'NY', 'USA', '11570', '5169600000', 0, 'randomemail126@gmail.com'),
(41007,'7878','S','LewisPs', 'Patrice', 'Lewis', '54 Locust Hill', 'Yonkers', 'NY', 'USA', '10710', '9144845554', 0, 'randomemail127@gmail.com'),
(41008,'4747','S','MoonLs', 'Larry', 'Moon', '4788 Liberty Ave', 'Seattle', 'WA', 'USA', '98101', '4258585566', 0, 'randomemail128@gmail.com'),
(41009,'3654','S','MilanOs', 'Opina', 'Milan', '458 Bismark Ct', 'Ocean ', 'CA', 'USA', '93304', '6618511525', 0, 'randomemail129@gmail.com'),
(41010,'3971','S','JuneKs', 'Kelly', 'June', '5468 Rock Pl', 'Yonkers', 'NY', 'USA', '10706', '91456560000', 0, 'randomemail130@gmail.com'),  -- ^ Minor Math ^
(41011,'5586','S','KapiloskiUs', 'Ubert', 'Kapilski', '300 Moon Lane', 'Brooklyn', 'NY', 'USA', '11209', '2129998787', 0, 'randomemail131@gmail.com'),
(41012,'7784','S','LordCs', 'Connie', 'Lord', '227 Place Terrace', 'Queens', 'NY', 'USA', '11405', '7188523636', 0, 'randomemail132@gmail.com'), 
(41013,'7870','S','PewissP', 'Patrice', 'Pewis', '54 Locust Hill', 'Yonkers', 'NY', 'USA', '10710', '9144845554', 0, 'randomemail133@gmail.com'),
(41014,'7411','S','HomerFs', 'Fatima', 'Homer', '65 Little Neck Rd', 'White Stone', 'NY', 'USA', '11406', '2122333636', 0, 'randomemail134@gmail.com'),
(41015,'2512','S','HoltzHs', 'Hazel', 'Holtz', '45688 Hillside', 'Long Beach', 'CA', 'USA', '27012', '9085839696', 0, 'randomemail135@gmail.com'),
(41016,'1136','S','GordonHs', 'Harriett', 'Gordon', '45 Pine St', 'Valley Stream', 'NY', 'USA', '11881', '5169898989', 0, 'randomemail136@gmail.com'), 
(41017,'2364','S','BursonFs', 'Fanny', 'Burson', '1075 Court Lane', 'Connecticut', 'NY', 'USA', '06002', '2037898888', 0, 'randomemail137@gmail.com'),
(41018,'9713','S','VasquezLs', 'Letty', 'Vasquez', '14 Caryl Rd', 'FishKill', 'NY', 'USA', '12524', '8459708711', 0, 'randomemail138@gmail.com'),
(41019,'3698','S','MayorIs', 'Irma', 'Mayor', '14 Capital Lane', 'Wishkill', 'WI', 'USA', '00081', '7060555600', 0, 'randomemail1139@gmail.com'),
(41020,'9636','S','CastroJs', 'Jeannie', 'Castro', '568 Pine Lane', 'Hartford', 'NY', 'USA', '06004', '2031414578', 0, 'randomemail140@gmail.com'),
(41101,'9640','S','brownJs','Joe', 'Brown', '223 Grand Ave', 'Garden City', 'NY', 'USA', '11530', '5165601525', 0, 'randomemail141@gmail.com'), -- Chemical Engineering Juniors
(41102,'1112','S','PolaskiDs', 'Nancy', 'Polaski', '5221 Newton Street', 'Farmingdale', 'NY', 'USA', '11472', '3491223132', 0, 'randomemail142@gmail.com'),
(41103,'5678','S','ChungMs', 'Mari', 'Chung', '101 Main St', 'Lynbrrok', 'NY', 'USA', '11563', '5167907070',  0, 'randomemail143@gmail.com'),
(41104,'1113','S','ChevyDs', 'Dan', 'Chevy', '530 Newton Street', 'St Cloud', 'MN', 'USA', '11148', '3202912312',0, 'randomemail144@gmail.com'),
(41105,'1114','S','HammerDs', 'Dave', 'Hammer', '554 Hill St', 'Garden City', 'NY', 'USA', '11560', '5164545123', 0, 'randomemai145@gmail.com'),
(41106,'1115','S','Patps', 'Patrick', 'Pat', '11th Ave', 'New York', 'NY', 'USA', '11022', '2475684723', 0, 'randomemail146@gmail.com'),
(41107,'1116','S','LewisQ', 'Corriene', 'Lewis', '87 Fair Mountain', 'Horton', 'NY', 'USA', '11212', '7188772431', 0, 'randomemail147@gmail.com'),
(41108,'1117','S','AdmasQ', 'Kiara', 'Admas', '4512 Mill Rd', 'Saw Mill', 'NY', 'USA', '11723', '9144506323', 0, 'randomemail148@gmail.com'),
(41109,'1118','S','RoseQ', 'Frank', 'Rose', '323 George Rd', 'Portchester', 'NY', 'USA', '11742', '9195857764',0, 'randomemail149@gmail.com'),
(41110,'1119','S','SamsQ', 'Adam', 'Sams', '600 Valentine Lane', 'Freeport', 'NY', 'USA', '11545', '5164141211', 0, 'randomemail150@gmail.com'),
(41111,'1211','S','CollonsE', 'Edwin', 'Collins', '134 Cherry Road', 'New Rochelle', 'NY', 'USA', '10802', '9146574432', 0, 'randomemail151@gmail.com'),
(41112,'1212','S','PetrovskyQ', 'Conrad', 'Petrovsky', '65 Harvest Lane', 'Yonkers', 'NY', 'USA', '10704', '9145646677', 0, 'randomemail152@gmail.com'),
(41113,'1213','S','WestEe', 'Emily', 'West', '44 Green Street', 'Garden City', 'NY', 'USA', '11530', '5162430910', 0, 'randomemail153@gmail.com'),
(41114,'1214','S','LeviBE', 'Beatrice', 'Levi', '11 Shell Avenue', 'Port Jefferson', 'NY', 'USA', '11777', '6312231974', 0, 'randomemail154@gmail.com'),
(41115,'1215','S','HansonSs', 'Sue', 'Hanson', '642 Rose Lane', 'Hempstead', 'NY', 'USA', '11530', '5169881012', 0, 'randomemail155@gmail.com'),
(41116,'1216','S','DowlingSs', 'Sandy', 'Dowling', '64 Washington Boulevard', 'Mineola', 'NY', 'USA', '11501', '5167554315', 0, 'randomemail156@gmail.com'),
(41117,'1217','S','DavisCQ', 'Cristopher', 'Davis', '2394 Frum Street', 'Dickson', 'TN', 'USA', '37055', '6153266921', 0, 'randomemail157@gmail.com'),
(41118,'1218','S','DesrosiersRB', 'Rebecca', 'Desrosiers', '3517 Centennial Farm Road', 'Wall Lake', 'IA', 'USA', '51466', '7126640082', 0, 'randomemail158@gmail.com'),
(41119,'1219','S','DicksonJO', 'Jeff', 'Dickson', '1410 Zappia Drive', 'Lexington', 'KY', 'USA', '40507', '8593681491', 0, 'randomemail159@gmail.com'),
(41120,'1220','S','TregreLO', 'Linh', 'Tregre', '2518 Cedarstone Drive', 'Defiance', 'OH', 'USA', '43512', '4194984411',0, 'randomemail160@gmail.com'),
(41201,'pbkdf2_sha256$150000$LZzTo2xc3Zwd$qM/uFkJ1qCJypiGFOR/3EDsJ1ZummPfZDbPrpGKurE8=','S','GertzQ', 'George', 'Gertz', '1092 Pooh Bear Lane', 'Greenville', 'SC', 'USA', '29607', '8647064684', 0, 'randomemail161@gmail.com'), -- Computer Engineering Freshmen
(41202,'1120','S','ChuckRA', 'Rose', 'Chuck', '232 Hammer St', 'Hicksville', 'NY', 'USA', '11801', '5168291212', 0, 'randomemail162@gmail.com'),
(41203,'1121','S','mathewKA', 'Kill', 'mathew', '334 Park Ave', 'Union', 'PA', 'USA', '20560', '7065669923', 0, 'randomemail163@gmail.com'),
(41204,'1122','S','CriagDA', 'Denna', 'Criag', '549 Moonside St', 'Valley Stream', 'NY', 'USA', '11580', '5166238080', 0, 'randomemail164@gmail.com'),
(41205,'1123','S','ParkJS', 'John', 'Park', '2128 Golf Rd', 'New Rochelle', 'NY', 'USA', '10530', '9145251092', 0, 'randomemail165@gmail.com'),
(41206,'1124','S','DanteRS', 'Rilley', 'Dante', '691 Hill Ave', 'Toronto', 'CA', 'Canada', '0015', '5165554212', 0, 'randomemail166@gmail.com'),
(41207,'1222','S','HillsCS', 'Caleb', 'Hills', '2610 Angie Drive', 'Huntington Beach', 'CA', 'USA', '92648', '7149608153', 0, 'randomemail167@gmail.com'),
(41208,'1223','S','McGeeBS', 'Betty', 'McGee', '1513 Bates Brothers Road', 'Columbus', 'OH', 'USA', '43204', '6143084533', 0, 'randomemail168@gmail.com'),
(41209,'1224','S','CardenasKS', 'Kecia', 'Cardenas', '484 Huntz Lane', 'Acton', 'MA', 'USA', '01720', '9786061225', 0, 'randomemail169@gmail.com'),
(41210,'1225','S','BermudezGS', 'George', 'Bermudez', '2224 Marietta Street', 'Oakland', 'CA', 'USA', '94612', '7075977671', 0, 'randomemail170@gmail.com'),
(41211,'1226','S','FarrellDS', 'Don', 'Farrell', '2884 Lakewood Drive', 'Fair Lawn', 'NJ', 'USA', '07410', '2017964116', 0, 'randomemail171@gmail.com'),
(41212,'1227','S','BurtonMS', 'Maria', 'Burton', '707 Anmoore Road', 'Staten Island', 'NY', 'USA', '10314', '7187616915',0, 'randomemail172@gmail.com'),
(41213,'1228','S','HoltonDS', 'Donald', 'Holton', '2291 Martha Ellen Drive', 'Elko', 'NV', 'USA', '89801', '7757388174', 0, 'randomemail173@gmail.com'),
(41214,'1229','S','WardSS', 'Sasha', 'Ward', '690 Golf Course Drive', 'Manassas', 'VA', 'USA', '22110', '7033358491', 0, 'randomemail174@gmail.com'),
(41215,'1230','S','ShintaniKSS', 'Kisa', 'Shintani', '42 Goosetown Drive', 'Taylorsville', 'NC', 'USA', '28681', '8286355900', 0, 'randomemail175@gmail.com'),
(41216,'1231','S','HamadaSA', 'Sahara', 'Hamada', '806 Stratford Park', 'Terre Haute', 'IN', 'USA', '47805', '8128724626', 0, 'randomemail176@gmail.com'),
(41217,'1232','S','TaketouIA', 'Isae', 'Taketou', '2125 Lake Road', 'Egg Harbor', 'NJ', 'USA', '08232', '6094120025', 0, 'randomemail177@gmail.com'),
(41218,'1233','S','MotsuzukiRA', 'Ryou', 'Motsuzuki', '679 Jadewood Drive', 'South Bend', 'IN', 'USA', '46601', '2199734248', 0, 'randomemail178@gmail.com'),
(41219,'1234','S','MunguiaOA', 'Ozias', 'Munguia', '720 Hawks Nest Lane', 'Saint Louis', 'MO', 'USA', '63101', '3146788245', 0, 'randomemail179@gmail.com'),
(41220,'1235','S','GranadosSA', 'Sibila', 'Granados', '2899 Apple Lane', 'San Jose', 'IL', 'USA', '62682', '3092477424', 0, 'randomemail180@gmail.com'),
(41301,'1236','S','HallGA', 'Sibila', 'Granados', '184 Heatherleigh', 'Cooksville', 'ON', 'Canada', 'L5A 1V9', '9058975797', 0, 'randomemail181@gmail.com'), -- Computer Engineering Juniors
(41302,'1130','S','MollyDA', 'Dolly', 'Molly', '549 Moonside St', 'Valley Stream', 'NY', 'USA', '11580', '5166238080', 0, 'randomemail182@gmail.com'),
(41303,'1131','S','MollyEA', 'Ellen', 'Molly', '5442 Moonside St', 'Valley Stream', 'NY', 'USA', '11580', '5166238080', 0, 'randomemail183@gmail.com'),
(41304,'1140','S','HarrisonPA', 'Patrick', 'Harrison', '542 Hill St', 'Garden City', 'NY', 'USA', '11560', '5164545211', 0, 'randomemail184@gmail.com'),
(41305,'1141','S','TylerWO', 'Walter', 'Tyler', '51th Ave', 'New York', 'NY', 'USA', '11020', '2475684723', 0, 'randomemail185@gmail.com'),
(41306,'1142','S','BourneJO', 'Jason', 'Bourne', '2123 Golf Rd', 'New Rochelle', 'NY', 'USA', '10530', '9145251231', 0, 'randomemail186@gmail.com'),
(41307,'1237','S','EberhardtJO', 'Juliane', 'Eberhardt', '388 Custer Street', 'Chicago', 'IL', 'USA', '60607', '8152155274', 0, 'randomemail187@gmail.com'),
(41308,'1238','S','SalibTA', 'Tareef', 'Salib', '4397 Pin Oak Drive', 'Pomona', 'CA', 'USA', '91766', '5629993704', 0, 'randomemail188@gmail.com'),
(41309,'1239','S','TumaAA', 'Ajib', 'Tuma', '3462 Huntz Lane', 'Cambridge', 'MA', 'USA', '02141', '9786073839', 0, 'randomemail189@gmail.com'),
(41310,'1240','S','BisharaWA', 'Waliy', 'Bishara', '104 Poplar Street', 'Burr Ridge', 'IL', 'USA', '61257', '7087277744',0, 'randomemail190@gmail.com'),
(41311,'1241','S','MarounAA', 'Ataa', 'Maroun', '1511 Hoffman Avenue', 'New York', 'NY', 'USA', '10003', '9179614688', 0, 'randomemail191@gmail.com'),
(41312,'1242','S','StankovicTA', 'Teo', 'Stankovic', '1481 Baker Avenue', 'Dallas', 'TX', 'USA', '75244', '8178937793', 0, 'randomemail192@gmail.com'),
(41313,'1243','S','JepsenRA', 'Rikke', 'Jepsen', '1093 Snowbird Lane', 'Hooper', 'NE', 'USA', '68031', '4026545363', 0, 'randomemail193@gmail.com'),
(41314,'1244','S','JoudaSA', 'Sai', 'Jouda', '4918 Oakmound Drive', 'Chicago', 'IL', 'USA', '60605', '7733517885', 0, 'randomemail194@gmail.com'),
(41315,'1245','S','EndoOA', 'Otohiko', 'Endo', '1613 Deans Lane', 'Fairview Park', 'NY', 'USA', '10603', '9147892888', 0, 'randomemail195@gmail.com'),
(41316,'1246','S','SandovalGA', 'George', 'Sandoval', '4889 Glen Street', 'Brandenburg', 'KY', 'USA', '40108', '2704227409', 0, 'randomemail196@gmail.com'),
(41317,'1247','S','CooleyAA', 'Alfred', 'Cooley', '4884 John Avenue', 'East Lansing', 'MI', 'USA', '48823', '5179250756', 0, 'randomemail197@gmail.com'), 
(41318,'1248','S','LockhartJA', 'James', 'Lockhart', '3603 Warner Street', 'Miami', 'FL', 'USA', '33169', '3059926675', 0, 'randomemail198@gmail.com'),
(41319,'1249','S','RiddleBA', 'Betty', 'Riddle', '607 August Lane', 'Shreveport', 'LA', 'USA', '71101', '318-461-3457', 0, 'randomemail199@gmail.com'),
(41320,'1250','S','ChenNB','Nick','Chen','222 store hill rd','old westbury','NY','USA','11568','9293008381', 0, 'randomemail1100gmail.com'),
(41401,'1150','S','BrownJeB', 'Jennifer', 'Brown', '4520 Mill Rd', 'Saw Mill', 'NY', 'USA', '11760', '9144506551', 0, 'randomemail1101@gmail.com'), -- Electrical Grad Fresh
(41402,'1151','S','WilliamsMA', 'Mary', 'Williams', '310 George Rd', 'Portchester', 'NY', 'USA', '11789', '9195857621', 0, 'randomemail1102@gmail.com'),
(41403,'1152','S','JonesMA', 'Mary', 'Jones', '102 Main St', 'Lynbrrok', 'NY', 'USA', '11563', '5167900623', 0, 'randomemail1103@gmail.com'),
(41404,'1153','S','BrownDA', 'Dave', 'Brown', '5421 Hill St', 'Garden City', 'NY', 'USA', '11560', '5164545521', 0, 'randomemail1104@gmail.com'),
(41405,'1154','S','MiaNA', 'Nazir', 'Mia', '100th Ave', 'New York', 'NY', 'USA', '11020', '2475682222', 0, 'randomemail1105@gmail.com'),
(41406,'1155','S','VasquezCA', 'Connia', 'Vasquez', '812 Fair View', 'Horton', 'NY', 'USA', '11400', '7188774121', 0, 'randomemail1106@gmail.com'),
(41407,'1251','S', 'NashSA', 'Sergia', 'Nash', '433 Golden Street', 'Miami', 'FL', 'USA', '33143', '3056616606', 0, 'randomemail1107@gmail.com'),
(41408,'1252','S','ThompsonMA', 'Marys', 'Thompson', '4589 Windy Ridge Road', 'Fort Wayne', 'IN', 'USA', '46805', '2604719988', 0, 'randomemail1108@gmail.com'),
(41409,'1253','S','FlemingKA', 'Kathryns', 'Fleming', '4478 Myra Street', 'Providence', 'RI', 'USA', '02906', '4015599812', 0, 'randomemail109@gmail.com'),
(41410,'1254','S','CatheyCA', 'Constances', 'Cathey', '190 Hiddenview Drive', 'Portland', 'PA', 'USA', '97205', '2159261768', 0, 'randomemail1110@gmail.com'),
(41411,'1160','S','ChaseLA', 'Loranes', 'Chase', '4500 Mill Rd', 'Saw Mill', 'FL', 'USA', '11760', '9144506511', 0, 'randomemail1111@gmail.com'), -- Electrical Grad Junior
(41412,'1161','S','QueensTA', 'Tellys', 'Queens', '321 George Rd', 'Portchester', 'NY', 'USA', '11789', '9195857212', 0, 'randomemail1112@gmail.com'),
(41413,'1162','S','JamesPA', 'Pollys', 'James', '67 Valentine Lane', 'Freeport', 'NY', 'USA', '11545', '5164141112', 0, 'randomemail1113@gmail.com'),
(41414,'1163','S','MarciaAP', 'Anthonyl', 'Marcia', '34 Valentine Lane', 'Freeport', 'NY', 'USA', '11545', '5164569912', 0, 'randomemail1114@gmail.com'),
(41415,'1164','S','ChenHAP', 'Hat', 'Chsen', '59 Moonside St', 'Valley Stream', 'NY', 'USA', '11580', '5166338021', 0, 'randomemail1115@gmail.com'),
(41416,'1165','S','RobertsJA', 'Janse', 'Roberts', '258 Golf Rd', 'New Rochelle', 'NY', 'USA', '10530', '9145257121', 0, 'randomemail1116@gmail.com'),
(41417,'1255','S','choiksA','Ken','Chsoi','221 hill rd','old westbury','NY','USA','11568','9293008388', 0, 'randomemail1117@gmail.com'), 
(41418,'1256','S','choinsA','Nick','Cshoi','225 hill rd','old westbury','NY','USA','11568','5165556666', 0, 'randomemail1118@gmail.com'),
(41419,'1257','S','zhenssA','steve','szhen','220 store rd','old westbury','NY','USA','11568','5166203320', 0, 'randomemail1119@gmail.com'),
(41420,'1258','S','tangjsA','jenny','stang','110 store rd','old westbury','NY','USA','11568','9298883868', 0, 'randomemail1120@gmail.com');

INSERT INTO `student` (`user_id`,`isUndergrad`) VALUES
(41002,1),
(41003,1),
(41004,1),
(41005,1),
(41006,1),
(41007,1),
(41008,1),
(41009,1),
(41010,1),
(41011,1),
(41012,1),
(41013,1),
(41014,1),
(41015,1),
(41016,1),
(41017,1),
(41018,1),
(41019,1),
(41020,1),
(41101,1),
(41102,1),
(41103,1),
(41104,1),
(41105,1),
(41106,1),
(41107,1),
(41108,1),
(41109,1),
(41110,1),
(41111,1),
(41112,1),
(41113,1),
(41114,1),
(41115,1),
(41116,1),
(41117,1),
(41118,1),
(41119,1),
(41120,1),
(41201,1),
(41202,1),
(41203,1),
(41204,1),
(41205,1),
(41206,1),
(41207,1),
(41208,1),
(41209,1),
(41210,1),
(41211,1),
(41212,1),
(41213,1),
(41214,1),
(41215,1),
(41216,1),
(41217,1),
(41218,1),
(41219,1),
(41220,1),
(41301,1),
(41302,1),
(41303,1),
(41304,1),
(41305,1),
(41306,1),
(41307,1),
(41308,1),
(41309,1),
(41310,1),
(41311,1),
(41312,1),
(41313,1),
(41314,1),
(41315,1),
(41316,1),
(41317,1),
(41318,1),
(41319,1),
(41320,1),
(41401,1),
(41402,1),
(41403,1),
(41404,1),
(41405,1),
(41406,1),
(41407,1),
(41408,1),
(41409,1),
(41410,1),
(41411,1),
(41412,1),
(41413,1),
(41414,1),
(41415,1),
(41416,1),
(41417,1),
(41418,1),
(41419,1),
(41420,1);

INSERT INTO `student` (`user_id`,`isUndergrad`) VALUES
(41001,1);

INSERT INTO `enrollment`(`id`,`dateEnrolled`,`course_section_id`,`student_id`) VALUES
(2100, 20160320, 20072, 41001),
(2101, 20160320, 20073, 41001),
(2102, 20160320, 20074, 41001),
(2103, 20160320, 20075, 41001),
(2104, 20161020, 20023, 41001),
(2105, 20161020, 20022, 41001),
(2106, 20161020, 20001, 41001),
(2107, 20170320, 20079, 41001),
(2108, 20170320, 20081, 41001),
(2109, 20170320, 21019, 41001),
(2110, 20170320, 21021, 41001),
(2111, 20171020, 30025, 41001),
(2112, 20171020, 30019, 41001),
(2113, 20180320, 20088, 41001),
(2114, 20180320, 20089, 41001),
(2115, 20180320, 20086, 41001),
(2116, 20181020, 20066, 41001),
(2117, 20181020, 20069, 41001),
(2118, 20181020, 20082, 41001),
(2119, 20190320, 20071, 41001),
(2120, 20190320, 41015, 41001),
(2121, 20190320, 41030, 41001),
(2122, 20190320, 41031, 41001);

INSERT INTO `grade` (`id`,`type`,`letterGrade`,`course_section_id`,`student_id`) VALUES
(8000,'M','B',20072,41001), 
(8001,'F','A',20072,41001),
(8002,'M','B',20073,41001),
(8003,'F','A',20073,41001),
(8004,'M','B',20074,41001),
(8005,'F','A',20074,41001),
(8006,'M','C',20075,41001),
(8007,'F','A',20075,41001),
(8008,'M','C',20023,41001),
(8009,'F','A',20023,41001),
(8010,'M','B',20022,41001),
(8011,'F','A',20022,41001),
(8012,'M','C',20001,41001),
(8013,'F','A',20001,41001),
(8014,'M','A',20079,41001),
(8015,'F','F',20079,41001),
(8016,'M','A',20081,41001),
(8017,'F','F',20081,41001),
(8018,'M','A',21019,41001),
(8019,'F','A',21019,41001),
(6000,'M','B',21021,41001), 
(6001,'F','A',21021,41001),
(6002,'M','B',30025,41001),
(6003,'F','A',30025,41001),
(6004,'M','B',30019,41001),
(6005,'F','A',30019,41001),
(6006,'M','C',20088,41001),
(6007,'F','A',20088,41001),
(6008,'M','C',20089,41001),
(6009,'F','F',20089,41001),
(6010,'M','B',20086,41001),
(6011,'F','A',20086,41001),
(6012,'M','C',20066,41001),
(6013,'F','A',20066,41001),
(6014,'M','A',20069,41001),
(6015,'F','A',20069,41001),
(6016,'M','A',20082,41001),
(6017,'F','A',20082,41001),
(6018,'M','A',20071,41001),
(6019,'F','A',20071,41001),
(6112,'M','C',41015,41001),
(6113,'F','A',41015,41001),
(6114,'M','A',41030,41001),
(6115,'F','A',41030,41001),
(6116,'M','A',41031,41001),
(6117,'F','A',41031,41001);

INSERT INTO `transcript` (`id`, `gradeReceived`, `year`, `season`, `course_id`, `student_id`) VALUES
(7001, 'A', 2016, 'SP', 'GE101', 41001),
(7002, 'A', 2016, 'SP', 'MA110', 41001),
(7003, 'A', 2016, 'SP', 'MA111', 41001),
(7004, 'A', 2016, 'SP', 'GE102', 41001),
(7005, 'A', 2016, 'F', 'HU103', 41001),
(7006, 'A', 2016, 'F', 'HU101', 41001),
(7007, 'A', 2016, 'F', 'CE110', 41001),
(7008, 'F', 2017, 'SP','GE104', 41001),
(7009, 'F', 2017, 'SP','GE105', 41001),
(7010, 'A', 2017, 'SP','HU102', 41001),
(7011, 'A', 2017, 'SP','HU104', 41001),
(7012, 'A', 2017, 'F', 'PH102', 41001),
(7013, 'A', 2017, 'F', 'MA224', 41001),
(7014, 'A', 2018, 'SP','GE108', 41001),
(7015, 'F', 2018, 'SP', 'GE109', 41001),
(7016, 'A', 2018, 'SP', 'MA303', 41001),
(7017, 'A', 2018, 'F', 'GE104', 41001),
(7018, 'A', 2018, 'F', 'GE105', 41001),
(7019, 'A', 2018, 'F', 'MA240', 41001),
(7020, 'A', 2019, 'SP', 'GE109', 41001),
(7021, 'A', 2019, 'SP', 'MA113', 41001),
(7022, 'A', 2019, 'SP', 'EE150', 41001),
(7023, 'A', 2019, 'SP', 'EE160', 41001);

INSERT INTO `student_major` (`id`,`dateDeclared`,`major_id`,`student_id`) VALUES

(1,'2016-01-02', 6, 41001),

(2,'2016-01-02', 5, 41001);


INSERT INTO `major_requirement` (`id`,`major_id`,`course_id`) VALUES
(1, 4, 'PH101'),
(2, 4, 'PH102');
INSERT INTO `major_requirement` (`id`,`major_id`,`course_id`) VALUES

(500, 4, 'PH103');
-- spr 2016
INSERT INTO `enrollment`(`id`,`dateEnrolled`,`course_section_id`,`student_id`) VALUES
(2501,'2016-02-20',20072,41002),
(2502,'2016-02-20',20072,41003),
(2503,'2016-02-20',20072,41004),
(2504,'2016-02-20',20072,41005),
(2505,'2016-02-20',20072,41006),
(2506,'2016-02-20',20072,41007),
(2507,'2016-02-20',20072,41008),
(2508,'2016-02-20',20072,41009),
(2509,'2016-02-20',20072,41010),
(2510,'2016-02-20',20072,41011),
(2511,'2016-02-20',20072,41012),
(2512,'2016-02-20',20072,41013),
(2513,'2016-02-20',20072,41014),
(2514,'2016-02-20',20072,41015),
(2515,'2016-02-20',20072,41016),
(2516,'2016-02-20',20072,41017),
(2517,'2016-02-20',20072,41018),
(2518,'2016-02-20',20072,41019),
(2519,'2016-02-20',20072,41020);
INSERT INTO `enrollment`(`id`,`dateEnrolled`,`course_section_id`,`student_id`) VALUES
(2521,'2016-02-20',20073,41002),

(2522,'2016-02-20',20073,41003),

(2523,'2016-02-20',20073,41004),

(2524,'2016-02-20',20073,41005),

(2525,'2016-02-20',20073,41006),

(2526,'2016-02-20',20073,41007),

(2527,'2016-02-20',20073,41008),

(2528,'2016-02-20',20073,41009),

(2529,'2016-02-20',20073,41010),

(2530,'2016-02-20',20073,41011),

(2531,'2016-02-20',20073,41012),

(2532,'2016-02-20',20073,41013),

(2533,'2016-02-20',20073,41014),

(2534,'2016-02-20',20073,41015),

(2535,'2016-02-20',20073,41016),

(2536,'2016-02-20',20073,41017),

(2537,'2016-02-20',20073,41018),

(2538,'2016-02-20',20073,41019);
-- fall 2016
INSERT INTO `enrollment`(`id`,`dateEnrolled`,`course_section_id`,`student_id`) VALUES
(2540,'2016-02-20',20074,41002),

(2541,'2016-02-20',20074,41003),

(2542,'2016-02-20',20074,41004),

(2543,'2016-02-20',20074,41005),

(2544,'2016-02-20',20074,41006),

(2545,'2016-02-20',20074,41007),

(2546,'2016-02-20',20074,41008),

(2547,'2016-02-20',20074,41009),

(2548,'2016-02-20',20074,41010),

(2549,'2016-02-20',20074,41011),

(2550,'2016-02-20',20074,41012),

(2551,'2016-02-20',20074,41013),

(2552,'2016-02-20',20074,41014),

(2553,'2016-02-20',20074,41015),

(2554,'2016-02-20',20074,41016),

(2555,'2016-02-20',20074,41017),

(2556,'2016-02-20',20074,41018),

(2557,'2016-02-20',20074,41019);

INSERT INTO `enrollment`(`id`,`dateEnrolled`,`course_section_id`,`student_id`) VALUES
(2558,'2016-02-20',20075,41002),

(2559,'2016-02-20',20075,41003),

(2560,'2016-02-20',20075,41004),

(2561,'2016-02-20',20075,41005),

(2562,'2016-02-20',20075,41006),

(2563,'2016-02-20',20075,41007),

(2564,'2016-02-20',20075,41008),

(2565,'2016-02-20',20075,41009),

(2566,'2016-02-20',20075,41010),

(2567,'2016-02-20',20075,41011),

(2568,'2016-02-20',20075,41012),

(2569,'2016-02-20',20075,41013),

(2570,'2016-02-20',20075,41014),

(2571,'2016-02-20',20075,41015),

(2572,'2016-02-20',20075,41016),

(2573,'2016-02-20',20075,41017),

(2574,'2016-02-20',20075,40018),

(2575,'2016-02-20',20075,41019),

(2576,'2016-02-20',20075,41020);

INSERT INTO `enrollment`(`id`,`dateEnrolled`,`course_section_id`,`student_id`) VALUES
(3656,'2016-06-20',20001,41101),
(2577,'2016-06-20',20002,41101),
(2578,'2016-06-20',20003,41101),
(2579,'2016-06-20',20004,41101),
(2580,'2016-06-20',20005,41101),
(2581,'2016-06-20',20006,41101),
(2582,'2016-06-20',20007,41101),
(2583,'2016-06-20',20008,41101),
(2584,'2016-06-20',20009,41101),
(2585,'2016-06-20',20010,41101),
(2586,'2016-06-20',20011,41101),
(2587,'2016-06-20',20012,41101),
(2588,'2016-06-20',20013,41101),
(2589,'2016-06-20',20014,41101),
(2590,'2016-06-20',20015,41101),
(2591,'2016-06-20',20016,41101),
(2592,'2016-06-20',20017,41101),
(2593,'2016-06-20',20018,41101),
(2594,'2016-06-20',20019,41101),
(2595,'2016-06-20',20020,41101),
(2596,'2016-06-20',20021,41101),
(2597,'2016-06-20',20022,41101),
(2598,'2016-06-20',20023,41101),
(2599,'2016-06-20',20024,41101),
(2600,'2016-06-20',20025,41101),
(2601,'2016-06-20',20026,41101),
(2602,'2016-06-20',20027,41101),
(2603,'2016-06-20',20028,41101),
(2604,'2016-06-20',20029,41101),
(2605,'2016-06-20',20030,41101),
(2606,'2016-06-20',20031,41101),
(2607,'2016-06-20',20032,41101),
(2608,'2016-06-20',20033,41101),
(2609,'2016-06-20',20034,41101),
(2610,'2016-06-20',20035,41101),
(2611,'2016-06-20',20036,41101),
(2612,'2016-06-20',20037,41101),
(2613,'2016-06-20',20038,41101),
(2614,'2016-06-20',20039,41101),
(2615,'2016-06-20',20040,41101),
(2616,'2016-06-20',20041,41101),
(2617,'2016-06-20',20042,41101),
(2618,'2016-06-20',20043,41101),
(2619,'2016-06-20',20044,41101),
(2625,'2016-06-20',20050,41101),
(2626,'2016-06-20',20051,41101),
(2627,'2016-06-20',20052,41101),
(2628,'2016-06-20',20053,41101),
(2629,'2016-06-20',20054,41101),

(2630,'2016-06-20',20001,41102),
(2631,'2016-06-20',20002,41102),
(2632,'2016-06-20',20003,41102),
(2633,'2016-06-20',20004,41102),
(2634,'2016-06-20',20005,41102),
(2635,'2016-06-20',20006,41102),
(2636,'2016-06-20',20007,41102),
(2637,'2016-06-20',20008,41102),
(2638,'2016-06-20',20009,41102),
(2639,'2016-06-20',20010,41102),
(2640,'2016-06-20',20011,41102),
(2641,'2016-06-20',20012,41102),
(2642,'2016-06-20',20013,41102),
(2643,'2016-06-20',20014,41102),
(2644,'2016-06-20',20015,41102),
(2645,'2016-06-20',20016,41102),
(2646,'2016-06-20',20017,41102),
(2647,'2016-06-20',20018,41102),
(2648,'2016-06-20',20019,41102),
(2649,'2016-06-20',20020,41102),
(2650,'2016-06-20',20021,41102),
(2651,'2016-06-20',20022,41102),
(2652,'2016-06-20',20023,41102),
(2653,'2016-06-20',20024,41102),
(2654,'2016-06-20',20025,41102),
(2655,'2016-06-20',20026,41102),
(2656,'2016-06-20',20027,41102),
(2657,'2016-06-20',20028,41102),
(2658,'2016-06-20',20029,41102),
(2659,'2016-06-20',20030,41102),
(2660,'2016-06-20',20031,41102),
(2661,'2016-06-20',20032,41102),
(2662,'2016-06-20',20033,41102),
(2663,'2016-06-20',20034,41102),
(2664,'2016-06-20',20035,41102),
(2665,'2016-06-20',20036,41102),
(2666,'2016-06-20',20037,41102),
(2667,'2016-06-20',20038,41102),
(2668,'2016-06-20',20039,41102),
(2669,'2016-06-20',20040,41102),
(2670,'2016-06-20',20041,41102),
(2671,'2016-06-20',20042,41102),
(2672,'2016-06-20',20043,41102),
(2673,'2016-06-20',20044,41102),
(2674,'2016-06-20',20045,41102),
(2679,'2016-06-20',20050,41102),
(2680,'2016-06-20',20051,41102),
(2681,'2016-06-20',20052,41102),
(2682,'2016-06-20',20053,41102),
(2683,'2016-06-20',20054,41102),

(2684,'2016-06-20',20001,41103),
(2685,'2016-06-20',20002,41103),
(2686,'2016-06-20',20003,41103),
(2687,'2016-06-20',20004,41103),
(2688,'2016-06-20',20005,41103),
(2689,'2016-06-20',20006,41103),
(2690,'2016-06-20',20007,41103),
(2691,'2016-06-20',20008,41103),
(2692,'2016-06-20',20009,41103),
(2693,'2016-06-20',20010,41103),
(2694,'2016-06-20',20011,41103),
(2695,'2016-06-20',20012,41103),
(2696,'2016-06-20',20013,41103),
(2697,'2016-06-20',20014,41103),
(2698,'2016-06-20',20015,41103),
(2699,'2016-06-20',20016,41103),
(2700,'2016-06-20',20017,41103),
(2701,'2016-06-20',20018,41103),
(2702,'2016-06-20',20019,41103),
(2703,'2016-06-20',20020,41103),
(2704,'2016-06-20',20021,41103),
(2705,'2016-06-20',20022,41103),
(2706,'2016-06-20',20023,41103),
(2707,'2016-06-20',20024,41103),
(2708,'2016-06-20',20025,41103),
(2709,'2016-06-20',20026,41103),
(2710,'2016-06-20',20027,41103),
(2711,'2016-06-20',20028,41103),
(2712,'2016-06-20',20029,41103),
(2713,'2016-06-20',20030,41103),
(2714,'2016-06-20',20031,41103),
(2715,'2016-06-20',20032,41103),
(2716,'2016-06-20',20033,41103),
(2717,'2016-06-20',20034,41103),
(2718,'2016-06-20',20035,41103),
(2719,'2016-06-20',20036,41103),
(2720,'2016-06-20',20037,41103),
(2721,'2016-06-20',20038,41103),
(2722,'2016-06-20',20039,41103),
(2723,'2016-06-20',20040,41103),
(2724,'2016-06-20',20041,41103),
(2725,'2016-06-20',20042,41103),
(2726,'2016-06-20',20043,41103),
(2727,'2016-06-20',20044,41103),
(2728,'2016-06-20',20045,41103),
(2733,'2016-06-20',20050,41103),
(2734,'2016-06-20',20051,41103),
(2735,'2016-06-20',20052,41103),
(2736,'2016-06-20',20053,41103),
(2737,'2016-06-20',20054,41103),

(2738,'2016-06-20',20001,41104),
(2739,'2016-06-20',20002,41104),
(2740,'2016-06-20',20003,41104),
(2741,'2016-06-20',20004,41104),
(2742,'2016-06-20',20005,41104),
(2743,'2016-06-20',20006,41104),
(2744,'2016-06-20',20007,41104),
(2745,'2016-06-20',20008,41104),
(2746,'2016-06-20',20009,41104),
(2747,'2016-06-20',20010,41104),
(2748,'2016-06-20',20011,41104),
(2749,'2016-06-20',20012,41104),
(2750,'2016-06-20',20013,41104),
(2751,'2016-06-20',20014,41104),
(2752,'2016-06-20',20015,41104),
(2753,'2016-06-20',20016,41104),
(2754,'2016-06-20',20017,41104),
(2755,'2016-06-20',20018,41104),
(2756,'2016-06-20',20019,41104),
(2757,'2016-06-20',20020,41104),
(2758,'2016-06-20',20021,41104),
(2759,'2016-06-20',20022,41104),
(2760,'2016-06-20',20023,41104),
(2761,'2016-06-20',20024,41104),
(2762,'2016-06-20',20025,41104),
(2763,'2016-06-20',20026,41104),
(2764,'2016-06-20',20027,41104),
(2765,'2016-06-20',20028,41104),
(2766,'2016-06-20',20029,41104),
(2767,'2016-06-20',20030,41104),
(2768,'2016-06-20',20031,41104),
(2769,'2016-06-20',20032,41104),
(2770,'2016-06-20',20033,41104),
(2771,'2016-06-20',20034,41104),
(2772,'2016-06-20',20035,41104),
(2773,'2016-06-20',20036,41104),
(2774,'2016-06-20',20037,41104),
(2775,'2016-06-20',20038,41104),
(2776,'2016-06-20',20039,41104),
(2777,'2016-06-20',20040,41104),
(2778,'2016-06-20',20041,41104),
(2779,'2016-06-20',20042,41104),
(2780,'2016-06-20',20043,41104),
(2781,'2016-06-20',20044,41104),
(2782,'2016-06-20',20045,41104),
(2787,'2016-06-20',20050,41104),
(2788,'2016-06-20',20051,41104),
(2789,'2016-06-20',20052,41104),
(2790,'2016-06-20',20053,41104),
(2791,'2016-06-20',20054,41104),

(2792,'2016-06-20',20001,41105),
(2793,'2016-06-20',20002,41105),
(2794,'2016-06-20',20003,41105),
(2795,'2016-06-20',20004,41105),
(2796,'2016-06-20',20005,41105),
(2797,'2016-06-20',20006,41105),
(2798,'2016-06-20',20007,41105),
(2799,'2016-06-20',20008,41105),
(2800,'2016-06-20',20009,41105),
(2801,'2016-06-20',20010,41105),
(2802,'2016-06-20',20011,41105),
(2803,'2016-06-20',20012,41105),
(2804,'2016-06-20',20013,41105),
(2805,'2016-06-20',20014,41105),
(2806,'2016-06-20',20015,41105),
(2807,'2016-06-20',20016,41105),
(2808,'2016-06-20',20017,41105),
(2809,'2016-06-20',20018,41105),
(2810,'2016-06-20',20019,41105),
(2811,'2016-06-20',20020,41105),
(2812,'2016-06-20',20021,41105),
(2813,'2016-06-20',20022,41105),
(2814,'2016-06-20',20023,41105),
(2815,'2016-06-20',20024,41105),
(2816,'2016-06-20',20025,41105),
(2817,'2016-06-20',20026,41105),
(2818,'2016-06-20',20027,41105),
(2819,'2016-06-20',20028,41105),
(2820,'2016-06-20',20029,41105),
(2821,'2016-06-20',20030,41105),
(2822,'2016-06-20',20031,41105),
(2823,'2016-06-20',20032,41105),
(2824,'2016-06-20',20033,41105),
(2825,'2016-06-20',20034,41105),
(2826,'2016-06-20',20035,41105),
(2827,'2016-06-20',20036,41105),
(2828,'2016-06-20',20037,41105),
(2829,'2016-06-20',20038,41105),
(2830,'2016-06-20',20039,41105),
(2831,'2016-06-20',20040,41105),
(2832,'2016-06-20',20041,41105),
(2833,'2016-06-20',20042,41105),
(2834,'2016-06-20',20043,41105),
(2835,'2016-06-20',20044,41105),
(2836,'2016-06-20',20045,41105),
(2841,'2016-06-20',20050,41105),
(2842,'2016-06-20',20051,41105),
(2843,'2016-06-20',20052,41105),
(2844,'2016-06-20',20053,41105),
(2845,'2016-06-20',20054,41105),

(2846,'2016-06-20',20001,41106),
(2847,'2016-06-20',20002,41106),
(2848,'2016-06-20',20003,41106),
(2849,'2016-06-20',20004,41106),
(2850,'2016-06-20',20005,41106),
(2851,'2016-06-20',20006,41106),
(2852,'2016-06-20',20007,41106),
(2853,'2016-06-20',20008,41106),
(2854,'2016-06-20',20009,41106),
(2855,'2016-06-20',20010,41106),
(2856,'2016-06-20',20011,41106),
(2857,'2016-06-20',20012,41106),
(2858,'2016-06-20',20013,41106),
(2859,'2016-06-20',20014,41106),
(2860,'2016-06-20',20015,41106),
(2861,'2016-06-20',20016,41106),
(2862,'2016-06-20',20017,41106),
(2863,'2016-06-20',20018,41106),
(2864,'2016-06-20',20019,41106),
(2865,'2016-06-20',20020,41106),
(2866,'2016-06-20',20021,41106),
(2867,'2016-06-20',20022,41106),
(2868,'2016-06-20',20023,41106),
(2869,'2016-06-20',20024,41106),
(2870,'2016-06-20',20025,41106),
(2871,'2016-06-20',20026,41106),
(2872,'2016-06-20',20027,41106),
(2873,'2016-06-20',20028,41106),
(2874,'2016-06-20',20029,41106),
(2875,'2016-06-20',20030,41106),
(2876,'2016-06-20',20031,41106),
(2877,'2016-06-20',20032,41106),
(2878,'2016-06-20',20033,41106),
(2879,'2016-06-20',20034,41106),
(2880,'2016-06-20',20035,41106),
(2881,'2016-06-20',20036,41106),
(2882,'2016-06-20',20037,41106),
(2883,'2016-06-20',20038,41106),
(2884,'2016-06-20',20039,41106),
(2885,'2016-06-20',20040,41106),
(2886,'2016-06-20',20041,41106),
(2887,'2016-06-20',20042,41106),
(2888,'2016-06-20',20043,41106),
(2889,'2016-06-20',20044,41106),
(2890,'2016-06-20',20045,41106),
(2895,'2016-06-20',20050,41106),
(2896,'2016-06-20',20051,41106),
(2897,'2016-06-20',20052,41106),
(2898,'2016-06-20',20053,41106),
(2899,'2016-06-20',20054,41106),

(2900,'2016-06-20',20001,41107),
(2901,'2016-06-20',20002,41107),
(2902,'2016-06-20',20003,41107),
(2903,'2016-06-20',20004,41107),
(2904,'2016-06-20',20005,41107),
(2905,'2016-06-20',20006,41107),
(2906,'2016-06-20',20007,41107),
(2907,'2016-06-20',20008,41107),
(2908,'2016-06-20',20009,41107),
(2909,'2016-06-20',20010,41107),
(2910,'2016-06-20',20011,41107),
(2911,'2016-06-20',20012,41107),
(2912,'2016-06-20',20013,41107),
(2913,'2016-06-20',20014,41107),
(2914,'2016-06-20',20015,41107),
(2915,'2016-06-20',20016,41107),
(2916,'2016-06-20',20017,41107),
(2917,'2016-06-20',20018,41107),
(2918,'2016-06-20',20019,41107),
(2919,'2016-06-20',20020,41107),
(2920,'2016-06-20',20021,41107),
(2921,'2016-06-20',20022,41107),
(2922,'2016-06-20',20023,41107),
(2923,'2016-06-20',20024,41107),
(2924,'2016-06-20',20025,41107),
(2925,'2016-06-20',20026,41107),
(2926,'2016-06-20',20027,41107),
(2927,'2016-06-20',20028,41107),
(2928,'2016-06-20',20029,41107),
(2929,'2016-06-20',20030,41107),
(2930,'2016-06-20',20031,41107),
(2931,'2016-06-20',20032,41107),
(2932,'2016-06-20',20033,41107),
(2933,'2016-06-20',20034,41107),
(2934,'2016-06-20',20035,41107),
(2935,'2016-06-20',20036,41107),
(2936,'2016-06-20',20037,41107),
(2937,'2016-06-20',20038,41107),
(2938,'2016-06-20',20039,41107),
(2939,'2016-06-20',20040,41107),
(2940,'2016-06-20',20041,41107),
(2941,'2016-06-20',20042,41107),
(2942,'2016-06-20',20043,41107),
(2943,'2016-06-20',20044,41107),
(2944,'2016-06-20',20045,41107),
(2949,'2016-06-20',20050,41107),
(2950,'2016-06-20',20051,41107),
(2951,'2016-06-20',20052,41107),
(2952,'2016-06-20',20053,41107),
(2953,'2016-06-20',20054,41107),

(2954,'2016-06-20',20001,41108),
(2955,'2016-06-20',20002,41108),
(2956,'2016-06-20',20003,41108),
(2957,'2016-06-20',20004,41108),
(2958,'2016-06-20',20005,41108),
(2959,'2016-06-20',20006,41108),
(2960,'2016-06-20',20007,41108),
(2961,'2016-06-20',20008,41108),
(2962,'2016-06-20',20009,41108),
(2963,'2016-06-20',20010,41108),
(2964,'2016-06-20',20011,41108),
(2965,'2016-06-20',20012,41108),
(2966,'2016-06-20',20013,41108),
(2967,'2016-06-20',20014,41108),
(2968,'2016-06-20',20015,41108),
(2969,'2016-06-20',20016,41108),
(2970,'2016-06-20',20017,41108),
(2971,'2016-06-20',20018,41108),
(2972,'2016-06-20',20019,41108),
(2973,'2016-06-20',20020,41108),
(2974,'2016-06-20',20021,41108),
(2975,'2016-06-20',20022,41108),
(2976,'2016-06-20',20023,41108),
(2977,'2016-06-20',20024,41108),
(2978,'2016-06-20',20025,41108),
(2979,'2016-06-20',20026,41108),
(2980,'2016-06-20',20027,41108),
(2981,'2016-06-20',20028,41108),
(2982,'2016-06-20',20029,41108),
(2983,'2016-06-20',20030,41108),
(2984,'2016-06-20',20031,41108),
(2985,'2016-06-20',20032,41108),
(2986,'2016-06-20',20033,41108),
(2987,'2016-06-20',20034,41108),
(2988,'2016-06-20',20035,41108),
(2989,'2016-06-20',20036,41108),
(2990,'2016-06-20',20037,41108),
(2991,'2016-06-20',20038,41108),
(2992,'2016-06-20',20039,41108),
(2993,'2016-06-20',20040,41108),
(2994,'2016-06-20',20041,41108),
(2995,'2016-06-20',20042,41108),
(2996,'2016-06-20',20043,41108),
(2997,'2016-06-20',20044,41108),
(2998,'2016-06-20',20045,41108),
(3003,'2016-06-20',20050,41108),
(3004,'2016-06-20',20051,41108),
(3005,'2016-06-20',20052,41108),
(3006,'2016-06-20',20053,41108),
(3007,'2016-06-20',20054,41108),

(3008,'2016-06-20',20001,41109),
(3009,'2016-06-20',20002,41109),
(3010,'2016-06-20',20003,41109),
(3011,'2016-06-20',20004,41109),
(3012,'2016-06-20',20005,41109),
(3013,'2016-06-20',20006,41109),
(3014,'2016-06-20',20007,41109),
(3015,'2016-06-20',20008,41109),
(3016,'2016-06-20',20009,41109),
(3017,'2016-06-20',20010,41109),
(3018,'2016-06-20',20011,41109),
(3019,'2016-06-20',20012,41109),
(3020,'2016-06-20',20013,41109),
(3021,'2016-06-20',20014,41109),
(3022,'2016-06-20',20015,41109),
(3023,'2016-06-20',20016,41109),
(3024,'2016-06-20',20017,41109),
(3025,'2016-06-20',20018,41109),
(3026,'2016-06-20',20019,41109),
(3027,'2016-06-20',20020,41109),
(3028,'2016-06-20',20021,41109),
(3029,'2016-06-20',20022,41109),
(3030,'2016-06-20',20023,41109),
(3031,'2016-06-20',20024,41109),
(3032,'2016-06-20',20025,41109),
(3033,'2016-06-20',20026,41109),
(3034,'2016-06-20',20027,41109),
(3035,'2016-06-20',20028,41109),
(3036,'2016-06-20',20029,41109),
(3037,'2016-06-20',20030,41109),
(3038,'2016-06-20',20031,41109),
(3039,'2016-06-20',20032,41109),
(3040,'2016-06-20',20033,41109),
(3041,'2016-06-20',20034,41109),
(3042,'2016-06-20',20035,41109),
(3043,'2016-06-20',20036,41109),
(3044,'2016-06-20',20037,41109),
(3045,'2016-06-20',20038,41109),
(3046,'2016-06-20',20039,41109),
(3047,'2016-06-20',20040,41109),
(3048,'2016-06-20',20041,41109),
(3049,'2016-06-20',20042,41109),
(3050,'2016-06-20',20043,41109),
(3051,'2016-06-20',20044,41109),
(3052,'2016-06-20',20045,41109),
(3057,'2016-06-20',20050,41109),
(3058,'2016-06-20',20051,41109),
(3059,'2016-06-20',20052,41109),
(3060,'2016-06-20',20053,41109),
(3061,'2016-06-20',20054,41109),

(3062,'2016-06-20',20001,41110),
(3063,'2016-06-20',20002,41110),
(3064,'2016-06-20',20003,41110),
(3065,'2016-06-20',20004,41110),
(3066,'2016-06-20',20005,41110),
(3067,'2016-06-20',20006,41110),
(3068,'2016-06-20',20007,41110),
(3069,'2016-06-20',20008,41110),
(3070,'2016-06-20',20009,41110),
(3071,'2016-06-20',20010,41110),
(3072,'2016-06-20',20011,41110),
(3073,'2016-06-20',20012,41110),
(3074,'2016-06-20',20013,41110),
(3075,'2016-06-20',20014,41110),
(3076,'2016-06-20',20015,41110),
(3077,'2016-06-20',20016,41110),
(3078,'2016-06-20',20017,41110),
(3079,'2016-06-20',20018,41110),
(3080,'2016-06-20',20019,41110),
(3081,'2016-06-20',20020,41110),
(3082,'2016-06-20',20021,41110),
(3083,'2016-06-20',20022,41110),
(3084,'2016-06-20',20023,41110),
(3085,'2016-06-20',20024,41110),
(3086,'2016-06-20',20025,41110),
(3087,'2016-06-20',20026,41110),
(3088,'2016-06-20',20027,41110),
(3089,'2016-06-20',20028,41110),
(3090,'2016-06-20',20029,41110),
(3091,'2016-06-20',20030,41110),
(3092,'2016-06-20',20031,41110),
(3093,'2016-06-20',20032,41110),
(3094,'2016-06-20',20033,41110),
(3095,'2016-06-20',20034,41110),
(3096,'2016-06-20',20035,41110),
(3097,'2016-06-20',20036,41110),
(3098,'2016-06-20',20037,41110),
(3099,'2016-06-20',20038,41110),
(3100,'2016-06-20',20039,41110),
(3101,'2016-06-20',20040,41110),
(3102,'2016-06-20',20041,41110),
(3103,'2016-06-20',20042,41110),
(3104,'2016-06-20',20043,41110),
(3105,'2016-06-20',20044,41110),
(3106,'2016-06-20',20045,41110),
(3111,'2016-06-20',20050,41110),
(3112,'2016-06-20',20051,41110),
(3113,'2016-06-20',20052,41110),
(3114,'2016-06-20',20053,41110),
(3115,'2016-06-20',20054,41110),

(3116,'2016-06-20',20001,41111),
(3117,'2016-06-20',20002,41111),
(3118,'2016-06-20',20003,41111),
(3119,'2016-06-20',20004,41111),
(3120,'2016-06-20',20005,41111),
(3121,'2016-06-20',20006,41111),
(3122,'2016-06-20',20007,41111),
(3123,'2016-06-20',20008,41111),
(3124,'2016-06-20',20009,41111),
(3125,'2016-06-20',20010,41111),
(3126,'2016-06-20',20011,41111),
(3127,'2016-06-20',20012,41111),
(3128,'2016-06-20',20013,41111),
(3129,'2016-06-20',20014,41111),
(3130,'2016-06-20',20015,41111),
(3131,'2016-06-20',20016,41111),
(3132,'2016-06-20',20017,41111),
(3133,'2016-06-20',20018,41111),
(3134,'2016-06-20',20019,41111),
(3135,'2016-06-20',20020,41111),
(3136,'2016-06-20',20021,41111),
(3137,'2016-06-20',20022,41111),
(3138,'2016-06-20',20023,41111),
(3139,'2016-06-20',20024,41111),
(3140,'2016-06-20',20025,41111),
(3141,'2016-06-20',20026,41111),
(3142,'2016-06-20',20027,41111),
(3143,'2016-06-20',20028,41111),
(3144,'2016-06-20',20029,41111),
(3145,'2016-06-20',20030,41111),
(3146,'2016-06-20',20031,41111),
(3147,'2016-06-20',20032,41111),
(3148,'2016-06-20',20033,41111),
(3149,'2016-06-20',20034,41111),
(3150,'2016-06-20',20035,41111),
(3151,'2016-06-20',20036,41111),
(3152,'2016-06-20',20037,41111),
(3153,'2016-06-20',20038,41111),
(3154,'2016-06-20',20039,41111),
(3155,'2016-06-20',20040,41111),
(3156,'2016-06-20',20041,41111),
(3157,'2016-06-20',20042,41111),
(3158,'2016-06-20',20043,41111),
(3159,'2016-06-20',20044,41111),
(3160,'2016-06-20',20045,41111),
(3165,'2016-06-20',20050,41111),
(3166,'2016-06-20',20051,41111),
(3167,'2016-06-20',20052,41111),
(3168,'2016-06-20',20053,41111),
(3169,'2016-06-20',20054,41111),

(3170,'2016-06-20',20001,41112),
(3171,'2016-06-20',20002,41112),
(3172,'2016-06-20',20003,41112),
(3173,'2016-06-20',20004,41112),
(3174,'2016-06-20',20005,41112),
(3175,'2016-06-20',20006,41112),
(3176,'2016-06-20',20007,41112),
(3177,'2016-06-20',20008,41112),
(3178,'2016-06-20',20009,41112),
(3179,'2016-06-20',20010,41112),
(3180,'2016-06-20',20011,41112),
(3181,'2016-06-20',20012,41112),
(3182,'2016-06-20',20013,41112),
(3183,'2016-06-20',20014,41112),
(3184,'2016-06-20',20015,41112),
(3185,'2016-06-20',20016,41112),
(3186,'2016-06-20',20017,41112),
(3187,'2016-06-20',20018,41112),
(3188,'2016-06-20',20019,41112),
(3189,'2016-06-20',20020,41112),
(3190,'2016-06-20',20021,41112),
(3191,'2016-06-20',20022,41112),
(3192,'2016-06-20',20023,41112),
(3193,'2016-06-20',20024,41112),
(3194,'2016-06-20',20025,41112),
(3195,'2016-06-20',20026,41112),
(3196,'2016-06-20',20027,41112),
(3197,'2016-06-20',20028,41112),
(3198,'2016-06-20',20029,41112),
(3199,'2016-06-20',20030,41112),
(3200,'2016-06-20',20031,41112),
(3201,'2016-06-20',20032,41112),
(3202,'2016-06-20',20033,41112),
(3203,'2016-06-20',20034,41112),
(3204,'2016-06-20',20035,41112),
(3205,'2016-06-20',20036,41112),
(3206,'2016-06-20',20037,41112),
(3207,'2016-06-20',20038,41112),
(3208,'2016-06-20',20039,41112),
(3209,'2016-06-20',20040,41112),
(3210,'2016-06-20',20041,41112),
(3211,'2016-06-20',20042,41112),
(3212,'2016-06-20',20043,41112),
(3213,'2016-06-20',20044,41112),
(3214,'2016-06-20',20045,41112),
(3219,'2016-06-20',20050,41112),
(3220,'2016-06-20',20051,41112),
(3221,'2016-06-20',20052,41112),
(3222,'2016-06-20',20053,41112),
(3223,'2016-06-20',20054,41112),

(3224,'2016-06-20',20001,41113),
(3225,'2016-06-20',20002,41113),
(3226,'2016-06-20',20003,41113),
(3227,'2016-06-20',20004,41113),
(3228,'2016-06-20',20005,41113),
(3229,'2016-06-20',20006,41113),
(3230,'2016-06-20',20007,41113),
(3231,'2016-06-20',20008,41113),
(3232,'2016-06-20',20009,41113),
(3233,'2016-06-20',20010,41113),
(3234,'2016-06-20',20011,41113),
(3235,'2016-06-20',20012,41113),
(3236,'2016-06-20',20013,41113),
(3237,'2016-06-20',20014,41113),
(3238,'2016-06-20',20015,41113),
(3239,'2016-06-20',20016,41113),
(3240,'2016-06-20',20017,41113),
(3241,'2016-06-20',20018,41113),
(3242,'2016-06-20',20019,41113),
(3243,'2016-06-20',20020,41113),
(3244,'2016-06-20',20021,41113),
(3245,'2016-06-20',20022,41113),
(3246,'2016-06-20',20023,41113),
(3247,'2016-06-20',20024,41113),
(3248,'2016-06-20',20025,41113),
(3249,'2016-06-20',20026,41113),
(3250,'2016-06-20',20027,41113),
(3251,'2016-06-20',20028,41113),
(3252,'2016-06-20',20029,41113),
(3253,'2016-06-20',20030,41113),
(3254,'2016-06-20',20031,41113),
(3255,'2016-06-20',20032,41113),
(3256,'2016-06-20',20033,41113),
(3257,'2016-06-20',20034,41113),
(3258,'2016-06-20',20035,41113),
(3259,'2016-06-20',20036,41113),
(3260,'2016-06-20',20037,41113),
(3261,'2016-06-20',20038,41113),
(3262,'2016-06-20',20039,41113),
(3263,'2016-06-20',20040,41113),
(3264,'2016-06-20',20041,41113),
(3265,'2016-06-20',20042,41113),
(3266,'2016-06-20',20043,41113),
(3267,'2016-06-20',20044,41113),
(3268,'2016-06-20',20045,41113),
(3273,'2016-06-20',20050,41113),
(3274,'2016-06-20',20051,41113),
(3275,'2016-06-20',20052,41113),
(3276,'2016-06-20',20053,41113),
(3277,'2016-06-20',20054,41113),

(3278,'2016-06-20',20001,41114),
(3279,'2016-06-20',20002,41114),
(3280,'2016-06-20',20003,41114),
(3281,'2016-06-20',20004,41114),
(3282,'2016-06-20',20005,41114),
(3283,'2016-06-20',20006,41114),
(3284,'2016-06-20',20007,41114),
(3285,'2016-06-20',20008,41114),
(3286,'2016-06-20',20009,41114),
(3287,'2016-06-20',20010,41114),
(3288,'2016-06-20',20011,41114),
(3289,'2016-06-20',20012,41114),
(3290,'2016-06-20',20013,41114),
(3291,'2016-06-20',20014,41114),
(3292,'2016-06-20',20015,41114),
(3293,'2016-06-20',20016,41114),
(3294,'2016-06-20',20017,41114),
(3295,'2016-06-20',20018,41114),
(3296,'2016-06-20',20019,41114),
(3297,'2016-06-20',20020,41114),
(3298,'2016-06-20',20021,41114),
(3299,'2016-06-20',20022,41114),
(3300,'2016-06-20',20023,41114),
(3301,'2016-06-20',20024,41114),
(3302,'2016-06-20',20025,41114),
(3303,'2016-06-20',20026,41114),
(3304,'2016-06-20',20027,41114),
(3305,'2016-06-20',20028,41114),
(3306,'2016-06-20',20029,41114),
(3307,'2016-06-20',20030,41114),
(3308,'2016-06-20',20031,41114),
(3309,'2016-06-20',20032,41114),
(3310,'2016-06-20',20033,41114),
(3311,'2016-06-20',20034,41114),
(3312,'2016-06-20',20035,41114),
(3313,'2016-06-20',20036,41114),
(3314,'2016-06-20',20037,41114),
(3315,'2016-06-20',20038,41114),
(3316,'2016-06-20',20039,41114),
(3317,'2016-06-20',20040,41114),
(3318,'2016-06-20',20041,41114),
(3319,'2016-06-20',20042,41114),
(3320,'2016-06-20',20043,41114),
(3321,'2016-06-20',20044,41114),
(3322,'2016-06-20',20045,41114),
(3327,'2016-06-20',20050,41114),
(3328,'2016-06-20',20051,41114),
(3329,'2016-06-20',20052,41114),
(3330,'2016-06-20',20053,41114),
(3331,'2016-06-20',20054,41114),

(3332,'2016-06-20',20001,41115),
(3333,'2016-06-20',20002,41115),
(3334,'2016-06-20',20003,41115),
(3335,'2016-06-20',20004,41115),
(3336,'2016-06-20',20005,41115),
(3337,'2016-06-20',20006,41115),
(3338,'2016-06-20',20007,41115),
(3339,'2016-06-20',20008,41115),
(3340,'2016-06-20',20009,41115),
(3341,'2016-06-20',20010,41115),
(3342,'2016-06-20',20011,41115),
(3343,'2016-06-20',20012,41115),
(3344,'2016-06-20',20013,41115),
(3345,'2016-06-20',20014,41115),
(3346,'2016-06-20',20015,41115),
(3347,'2016-06-20',20016,41115),
(3348,'2016-06-20',20017,41115),
(3349,'2016-06-20',20018,41115),
(3350,'2016-06-20',20019,41115),
(3351,'2016-06-20',20020,41115),
(3352,'2016-06-20',20021,41115),
(3353,'2016-06-20',20022,41115),
(3354,'2016-06-20',20023,41115),
(3355,'2016-06-20',20024,41115),
(3356,'2016-06-20',20025,41115),
(3357,'2016-06-20',20026,41115),
(3358,'2016-06-20',20027,41115),
(3359,'2016-06-20',20028,41115),
(3360,'2016-06-20',20029,41115),
(3361,'2016-06-20',20030,41115),
(3362,'2016-06-20',20031,41115),
(3363,'2016-06-20',20032,41115),
(3364,'2016-06-20',20033,41115),
(3365,'2016-06-20',20034,41115),
(3366,'2016-06-20',20035,41115),
(3367,'2016-06-20',20036,41115),
(3368,'2016-06-20',20037,41115),
(3369,'2016-06-20',20038,41115),
(3370,'2016-06-20',20039,41115),
(3371,'2016-06-20',20040,41115),
(3372,'2016-06-20',20041,41115),
(3373,'2016-06-20',20042,41115),
(3374,'2016-06-20',20043,41115),
(3375,'2016-06-20',20044,41115),
(3376,'2016-06-20',20045,41115),
(3381,'2016-06-20',20050,41115),
(3382,'2016-06-20',20051,41115),
(3383,'2016-06-20',20052,41115),
(3384,'2016-06-20',20053,41115),
(3385,'2016-06-20',20054,41115),

(3386,'2016-06-20',20001,41116),
(3387,'2016-06-20',20002,41116),
(3388,'2016-06-20',20003,41116),
(3389,'2016-06-20',20004,41116),
(3390,'2016-06-20',20005,41116),
(3391,'2016-06-20',20006,41116),
(3392,'2016-06-20',20007,41116),
(3393,'2016-06-20',20008,41116),
(3394,'2016-06-20',20009,41116),
(3395,'2016-06-20',20010,41116),
(3396,'2016-06-20',20011,41116),
(3397,'2016-06-20',20012,41116),
(3398,'2016-06-20',20013,41116),
(3399,'2016-06-20',20014,41116),
(3400,'2016-06-20',20015,41116),
(3401,'2016-06-20',20016,41116),
(3402,'2016-06-20',20017,41116),
(3403,'2016-06-20',20018,41116),
(3404,'2016-06-20',20019,41116),
(3405,'2016-06-20',20020,41116),
(3406,'2016-06-20',20021,41116),
(3407,'2016-06-20',20022,41116),
(3408,'2016-06-20',20023,41116),
(3409,'2016-06-20',20024,41116),
(3410,'2016-06-20',20025,41116),
(3411,'2016-06-20',20026,41116),
(3412,'2016-06-20',20027,41116),
(3413,'2016-06-20',20028,41116),
(3414,'2016-06-20',20029,41116),
(3415,'2016-06-20',20030,41116),
(3416,'2016-06-20',20031,41116),
(3417,'2016-06-20',20032,41116),
(3418,'2016-06-20',20033,41116),
(3419,'2016-06-20',20034,41116),
(3420,'2016-06-20',20035,41116),
(3421,'2016-06-20',20036,41116),
(3422,'2016-06-20',20037,41116),
(3423,'2016-06-20',20038,41116),
(3424,'2016-06-20',20039,41116),
(3425,'2016-06-20',20040,41116),
(3426,'2016-06-20',20041,41116),
(3427,'2016-06-20',20042,41116),
(3428,'2016-06-20',20043,41116),
(3429,'2016-06-20',20044,41116),
(3430,'2016-06-20',20045,41116),
(3435,'2016-06-20',20050,41116),
(3436,'2016-06-20',20051,41116),
(3437,'2016-06-20',20052,41116),
(3438,'2016-06-20',20053,41116),
(3439,'2016-06-20',20054,41116),

(3440,'2016-06-20',20001,41117),
(3441,'2016-06-20',20002,41117),
(3442,'2016-06-20',20003,41117),
(3443,'2016-06-20',20004,41117),
(3444,'2016-06-20',20005,41117),
(3445,'2016-06-20',20006,41117),
(3446,'2016-06-20',20007,41117),
(3447,'2016-06-20',20008,41117),
(3448,'2016-06-20',20009,41117),
(3449,'2016-06-20',20010,41117),
(3450,'2016-06-20',20011,41117),
(3451,'2016-06-20',20012,41117),
(3452,'2016-06-20',20013,41117),
(3453,'2016-06-20',20014,41117),
(3454,'2016-06-20',20015,41117),
(3455,'2016-06-20',20016,41117),
(3456,'2016-06-20',20017,41117),
(3457,'2016-06-20',20018,41117),
(3458,'2016-06-20',20019,41117),
(3459,'2016-06-20',20020,41117),
(3460,'2016-06-20',20021,41117),
(3461,'2016-06-20',20022,41117),
(3462,'2016-06-20',20023,41117),
(3463,'2016-06-20',20024,41117),
(3464,'2016-06-20',20025,41117),
(3465,'2016-06-20',20026,41117),
(3466,'2016-06-20',20027,41117),
(3467,'2016-06-20',20028,41117),
(3468,'2016-06-20',20029,41117),
(3469,'2016-06-20',20030,41117),
(3470,'2016-06-20',20031,41117),
(3471,'2016-06-20',20032,41117),
(3472,'2016-06-20',20033,41117),
(3473,'2016-06-20',20034,41117),
(3474,'2016-06-20',20035,41117),
(3475,'2016-06-20',20036,41117),
(3476,'2016-06-20',20037,41117),
(3477,'2016-06-20',20038,41117),
(3478,'2016-06-20',20039,41117),
(3479,'2016-06-20',20040,41117),
(3480,'2016-06-20',20041,41117),
(3481,'2016-06-20',20042,41117),
(3482,'2016-06-20',20043,41117),
(3483,'2016-06-20',20044,41117),
(3484,'2016-06-20',20045,41117),
(3489,'2016-06-20',20050,41117),
(3490,'2016-06-20',20051,41117),
(3491,'2016-06-20',20052,41117),
(3492,'2016-06-20',20053,41117),
(3493,'2016-06-20',20054,41117),

(3494,'2016-06-20',20001,41118),
(3495,'2016-06-20',20002,41118),
(3496,'2016-06-20',20003,41118),
(3497,'2016-06-20',20004,41118),
(3498,'2016-06-20',20005,41118),
(3499,'2016-06-20',20006,41118),
(3500,'2016-06-20',20007,41118),
(3501,'2016-06-20',20008,41118),
(3502,'2016-06-20',20009,41118),
(3503,'2016-06-20',20010,41118),
(3504,'2016-06-20',20011,41118),
(3505,'2016-06-20',20012,41118),
(3506,'2016-06-20',20013,41118),
(3507,'2016-06-20',20014,41118),
(3508,'2016-06-20',20015,41118),
(3509,'2016-06-20',20016,41118),
(3510,'2016-06-20',20017,41118),
(3511,'2016-06-20',20018,41118),
(3512,'2016-06-20',20019,41118),
(3513,'2016-06-20',20020,41118),
(3514,'2016-06-20',20021,41118),
(3515,'2016-06-20',20022,41118),
(3516,'2016-06-20',20023,41118),
(3517,'2016-06-20',20024,41118),
(3518,'2016-06-20',20025,41118),
(3519,'2016-06-20',20026,41118),
(3520,'2016-06-20',20027,41118),
(3521,'2016-06-20',20028,41118),
(3522,'2016-06-20',20029,41118),
(3523,'2016-06-20',20030,41118),
(3524,'2016-06-20',20031,41118),
(3525,'2016-06-20',20032,41118),
(3526,'2016-06-20',20033,41118),
(3527,'2016-06-20',20034,41118),
(3528,'2016-06-20',20035,41118),
(3529,'2016-06-20',20036,41118),
(3530,'2016-06-20',20037,41118),
(3531,'2016-06-20',20038,41118),
(3532,'2016-06-20',20039,41118),
(3533,'2016-06-20',20040,41118),
(3534,'2016-06-20',20041,41118),
(3535,'2016-06-20',20042,41118),
(3536,'2016-06-20',20043,41118),
(3537,'2016-06-20',20044,41118),
(3538,'2016-06-20',20045,41118),
(3543,'2016-06-20',20050,41118),
(3544,'2016-06-20',20051,41118),
(3545,'2016-06-20',20052,41118),
(3546,'2016-06-20',20053,41118),
(3547,'2016-06-20',20054,41118),

(3548,'2016-06-20',20001,41119),
(3549,'2016-06-20',20002,41119),
(3550,'2016-06-20',20003,41119),
(3551,'2016-06-20',20004,41119),
(3552,'2016-06-20',20005,41119),
(3553,'2016-06-20',20006,41119),
(3554,'2016-06-20',20007,41119),
(3555,'2016-06-20',20008,41119),
(3556,'2016-06-20',20009,41119),
(3557,'2016-06-20',20010,41119),
(3558,'2016-06-20',20011,41119),
(3559,'2016-06-20',20012,41119),
(3560,'2016-06-20',20013,41119),
(3561,'2016-06-20',20014,41119),
(3562,'2016-06-20',20015,41119),
(3563,'2016-06-20',20016,41119),
(3564,'2016-06-20',20017,41119),
(3565,'2016-06-20',20018,41119),
(3566,'2016-06-20',20019,41119),
(3567,'2016-06-20',20020,41119),
(3568,'2016-06-20',20021,41119),
(3569,'2016-06-20',20022,41119),
(3570,'2016-06-20',20023,41119),
(3571,'2016-06-20',20024,41119),
(3572,'2016-06-20',20025,41119),
(3573,'2016-06-20',20026,41119),
(3574,'2016-06-20',20027,41119),
(3575,'2016-06-20',20028,41119),
(3576,'2016-06-20',20029,41119),
(3577,'2016-06-20',20030,41119),
(3578,'2016-06-20',20031,41119),
(3579,'2016-06-20',20032,41119),
(3580,'2016-06-20',20033,41119),
(3581,'2016-06-20',20034,41119),
(3582,'2016-06-20',20035,41119),
(3583,'2016-06-20',20036,41119),
(3584,'2016-06-20',20037,41119),
(3585,'2016-06-20',20038,41119),
(3586,'2016-06-20',20039,41119),
(3587,'2016-06-20',20040,41119),
(3588,'2016-06-20',20041,41119),
(3589,'2016-06-20',20042,41119),
(3590,'2016-06-20',20043,41119),
(3591,'2016-06-20',20044,41119),
(3592,'2016-06-20',20045,41119),
(3597,'2016-06-20',20050,41119),
(3598,'2016-06-20',20051,41119),
(3599,'2016-06-20',20052,41119),
(3600,'2016-06-20',20053,41119),
(3601,'2016-06-20',20054,41119),

(3602,'2016-06-20',20001,41120),
(3603,'2016-06-20',20002,41120),
(3604,'2016-06-20',20003,41120),
(3605,'2016-06-20',20004,41120),
(3606,'2016-06-20',20005,41120),
(3607,'2016-06-20',20006,41120),
(3608,'2016-06-20',20007,41120),
(3609,'2016-06-20',20008,41120),
(3610,'2016-06-20',20009,41120),
(3611,'2016-06-20',20010,41120),
(3612,'2016-06-20',20011,41120),
(3613,'2016-06-20',20012,41120),
(3614,'2016-06-20',20013,41120),
(3615,'2016-06-20',20014,41120),
(3616,'2016-06-20',20015,41120),
(3617,'2016-06-20',20016,41120),
(3618,'2016-06-20',20017,41120),
(3619,'2016-06-20',20018,41120),
(3620,'2016-06-20',20019,41120),
(3621,'2016-06-20',20020,41120),
(3622,'2016-06-20',20021,41120),
(3623,'2016-06-20',20022,41120),
(3624,'2016-06-20',20023,41120),
(3625,'2016-06-20',20024,41120),
(3626,'2016-06-20',20025,41120),
(3627,'2016-06-20',20026,41120),
(3628,'2016-06-20',20027,41120),
(3629,'2016-06-20',20028,41120),
(3630,'2016-06-20',20029,41120),
(3631,'2016-06-20',20030,41120),
(3632,'2016-06-20',20031,41120),
(3633,'2016-06-20',20032,41120),
(3634,'2016-06-20',20033,41120),
(3635,'2016-06-20',20034,41120),
(3636,'2016-06-20',20035,41120),
(3637,'2016-06-20',20036,41120),
(3638,'2016-06-20',20037,41120),
(3639,'2016-06-20',20038,41120),
(3640,'2016-06-20',20039,41120),
(3641,'2016-06-20',20040,41120),
(3642,'2016-06-20',20041,41120),
(3643,'2016-06-20',20042,41120),
(3644,'2016-06-20',20043,41120),
(3645,'2016-06-20',20044,41120),
(3646,'2016-06-20',20045,41120),
(3651,'2016-06-20',20050,41120),
(3652,'2016-06-20',20051,41120),
(3653,'2016-06-20',20052,41120),
(3654,'2016-06-20',20053,41120),
(3655,'2016-06-20',20054,41120);

-- spr2017
INSERT INTO `enrollment`(`id`,`dateEnrolled`,`course_section_id`,`student_id`) VALUES
(4656,'2017-02-20',21001,41101),
(4660,'2017-02-20',21002,41101),
(1578,'2017-02-20',21003,41101),
(1579,'2017-02-20',21004,41101),
(1580,'2017-02-20',21005,41101),
(1581,'2017-02-20',21006,41101),
(1582,'2017-02-20',21007,41101),
(1583,'2017-02-20',21008,41101),
(1584,'2017-02-20',21009,41101),
(1585,'2017-02-20',21010,41101),
(1586,'2017-02-20',21011,41101),
(1587,'2017-02-20',21012,41101),
(1588,'2017-02-20',21013,41101),
(1589,'2017-02-20',21014,41101),
(1590,'2017-02-20',21015,41101),
(1591,'2017-02-20',21016,41101),
(1592,'2017-02-20',21017,41101),
(1593,'2017-02-20',21018,41101),
(1594,'2017-02-20',21019,41101),
(1595,'2017-02-20',21020,41101),
(1596,'2017-02-20',21021,41101),
(1597,'2017-02-20',21022,41101),
(1598,'2017-02-20',21023,41101),
(1599,'2017-02-20',21024,41101),
(1600,'2017-02-20',21025,41101),
(1601,'2017-02-20',21026,41101),
(1602,'2017-02-20',20155,41101),
(1603,'2017-02-20',21028,41101),
(1604,'2017-02-20',21029,41101),
(1605,'2017-02-20',21030,41101),
(1606,'2017-02-20',21031,41101),
(1607,'2017-02-20',21032,41101),
(1608,'2017-02-20',21033,41101),
(1609,'2017-02-20',21034,41101),
(1610,'2017-02-20',21035,41101),
(1611,'2017-02-20',21036,41101),
(1612,'2017-02-20',21037,41101),
(1613,'2017-02-20',21038,41101),
(1614,'2017-02-20',21039,41101),
(1615,'2017-02-20',21040,41101),
(1616,'2017-02-20',20056,41101),
(1617,'2017-02-20',20057,41101),
(1618,'2017-02-20',20058,41101),
(1619,'2017-02-20',20079,41101),
(1625,'2017-02-20',20080,41101),
(1626,'2017-02-20',20081,41101),

(1630,'2017-02-20',21001,41102),
(1631,'2017-02-20',21002,41102),
(1632,'2017-02-20',21003,41102),
(1633,'2017-02-20',21004,41102),
(1634,'2017-02-20',21005,41102),
(1635,'2017-02-20',21006,41102),
(1636,'2017-02-20',21007,41102),
(1637,'2017-02-20',21008,41102),
(1638,'2017-02-20',21009,41102),
(1639,'2017-02-20',21010,41102),
(1640,'2017-02-20',21011,41102),
(1641,'2017-02-20',21012,41102),
(1642,'2017-02-20',21013,41102),
(1643,'2017-02-20',21014,41102),
(1644,'2017-02-20',21015,41102),
(1645,'2017-02-20',21016,41102),
(1646,'2017-02-20',21017,41102),
(1647,'2017-02-20',21018,41102),
(1648,'2017-02-20',21019,41102),
(1649,'2017-02-20',21020,41102),
(1650,'2017-02-20',21021,41102),
(1651,'2017-02-20',21022,41102),
(1652,'2017-02-20',21023,41102),
(1653,'2017-02-20',21024,41102),
(1654,'2017-02-20',21025,41102),
(1655,'2017-02-20',21026,41102),
(1656,'2017-02-20',20155,41102),
(1657,'2017-02-20',21028,41102),
(1658,'2017-02-20',21029,41102),
(1659,'2017-02-20',21030,41102),
(1660,'2017-02-20',21031,41102),
(1661,'2017-02-20',21032,41102),
(1662,'2017-02-20',21033,41102),
(1663,'2017-02-20',21034,41102),
(1664,'2017-02-20',21035,41102),
(1665,'2017-02-20',21036,41102),
(1666,'2017-02-20',21037,41102),
(1667,'2017-02-20',21038,41102),
(1668,'2017-02-20',21039,41102),
(1669,'2017-02-20',21040,41102),
(1670,'2017-02-20',20056,41102),
(1671,'2017-02-20',20057,41102),
(1672,'2017-02-20',20058,41102),
(1673,'2017-02-20',20079,41102),
(1679,'2017-02-20',20080,41102),
(1680,'2017-02-20',20081,41102),


(1684,'2017-02-20',21001,41103),
(1685,'2017-02-20',21002,41103),
(1686,'2017-02-20',21003,41103),
(1687,'2017-02-20',21004,41103),
(1688,'2017-02-20',21005,41103),
(1689,'2017-02-20',21006,41103),
(1690,'2017-02-20',21007,41103),
(1691,'2017-02-20',21008,41103),
(1692,'2017-02-20',21009,41103),
(1693,'2017-02-20',21010,41103),
(1694,'2017-02-20',21011,41103),
(1695,'2017-02-20',21012,41103),
(1696,'2017-02-20',21013,41103),
(1697,'2017-02-20',21014,41103),
(1698,'2017-02-20',21015,41103),
(1699,'2017-02-20',21016,41103),
(3700,'2017-02-20',21017,41103),
(3701,'2017-02-20',21018,41103),
(3702,'2017-02-20',21019,41103),
(3703,'2017-02-20',21020,41103),
(3704,'2017-02-20',21021,41103),
(3705,'2017-02-20',21022,41103),
(3706,'2017-02-20',21023,41103),
(3707,'2017-02-20',21024,41103),
(3708,'2017-02-20',21025,41103),
(3709,'2017-02-20',21026,41103),
(3710,'2017-02-20',20155,41103),
(3711,'2017-02-20',21028,41103),
(3712,'2017-02-20',21029,41103),
(3713,'2017-02-20',21030,41103),
(3714,'2017-02-20',21031,41103),
(3715,'2017-02-20',21032,41103),
(3716,'2017-02-20',21033,41103),
(3717,'2017-02-20',21034,41103),
(3718,'2017-02-20',21035,41103),
(3719,'2017-02-20',21036,41103),
(3720,'2017-02-20',21037,41103),
(3721,'2017-02-20',21038,41103),
(3722,'2017-02-20',21039,41103),
(3723,'2017-02-20',21040,41103),
(3724,'2017-02-20',20056,41103),
(3725,'2017-02-20',20057,41103),
(3726,'2017-02-20',20058,41103),
(3727,'2017-02-20',20079,41103),
(3733,'2017-02-20',20080,41103),
(3734,'2017-02-20',20081,41103),


(3738,'2017-02-20',21001,41104),
(3739,'2017-02-20',21002,41104),
(3740,'2017-02-20',21003,41104),
(3741,'2017-02-20',21004,41104),
(3742,'2017-02-20',21005,41104),
(3743,'2017-02-20',21006,41104),
(3744,'2017-02-20',21007,41104),
(3745,'2017-02-20',21008,41104),
(3746,'2017-02-20',21009,41104),
(3747,'2017-02-20',21010,41104),
(3748,'2017-02-20',21011,41104),
(3749,'2017-02-20',21012,41104),
(3750,'2017-02-20',21013,41104),
(3751,'2017-02-20',21014,41104),
(3752,'2017-02-20',21015,41104),
(3753,'2017-02-20',21016,41104),
(3754,'2017-02-20',21017,41104),
(3755,'2017-02-20',21018,41104),
(3756,'2017-02-20',21019,41104),
(3757,'2017-02-20',21020,41104),
(3758,'2017-02-20',21021,41104),
(3759,'2017-02-20',21022,41104),
(3760,'2017-02-20',21023,41104),
(3761,'2017-02-20',21024,41104),
(3762,'2017-02-20',21025,41104),
(3763,'2017-02-20',21026,41104),
(3764,'2017-02-20',20155,41104),
(3765,'2017-02-20',21028,41104),
(3766,'2017-02-20',21029,41104),
(3767,'2017-02-20',21030,41104),
(3768,'2017-02-20',21031,41104),
(3769,'2017-02-20',21032,41104),
(3770,'2017-02-20',21033,41104),
(3771,'2017-02-20',21034,41104),
(3772,'2017-02-20',21035,41104),
(3773,'2017-02-20',21036,41104),
(3774,'2017-02-20',21037,41104),
(3775,'2017-02-20',21038,41104),
(3776,'2017-02-20',21039,41104),
(3777,'2017-02-20',21040,41104),
(3778,'2017-02-20',20056,41104),
(3779,'2017-02-20',20057,41104),
(3780,'2017-02-20',20058,41104),
(3781,'2017-02-20',20079,41104),
(3787,'2017-02-20',20080,41104),
(3788,'2017-02-20',20081,41104),


(3792,'2017-02-20',21001,41105),
(3793,'2017-02-20',21002,41105),
(3794,'2017-02-20',21003,41105),
(3795,'2017-02-20',21004,41105),
(3796,'2017-02-20',21005,41105),
(3797,'2017-02-20',21006,41105),
(3798,'2017-02-20',21007,41105),
(3799,'2017-02-20',21008,41105),
(3800,'2017-02-20',21009,41105),
(3801,'2017-02-20',21010,41105),
(3802,'2017-02-20',21011,41105),
(3803,'2017-02-20',21012,41105),
(3804,'2017-02-20',21013,41105),
(3805,'2017-02-20',21014,41105),
(3806,'2017-02-20',21015,41105),
(3807,'2017-02-20',21016,41105),
(3808,'2017-02-20',21017,41105),
(3809,'2017-02-20',21018,41105),
(3810,'2017-02-20',21019,41105),
(3811,'2017-02-20',21020,41105),
(3812,'2017-02-20',21021,41105),
(3813,'2017-02-20',21022,41105),
(3814,'2017-02-20',21023,41105),
(3815,'2017-02-20',21024,41105),
(3816,'2017-02-20',21025,41105),
(3817,'2017-02-20',21026,41105),
(3818,'2017-02-20',20155,41105),
(3819,'2017-02-20',21028,41105),
(3820,'2017-02-20',21029,41105),
(3821,'2017-02-20',21030,41105),
(3822,'2017-02-20',21031,41105),
(3823,'2017-02-20',21032,41105),
(3824,'2017-02-20',21033,41105),
(3825,'2017-02-20',21034,41105),
(3826,'2017-02-20',21035,41105),
(3827,'2017-02-20',21036,41105),
(3828,'2017-02-20',21037,41105),
(3829,'2017-02-20',21038,41105),
(3830,'2017-02-20',21039,41105),
(3831,'2017-02-20',21040,41105),
(3832,'2017-02-20',20056,41105),
(3833,'2017-02-20',20057,41105),
(3834,'2017-02-20',20058,41105),
(3835,'2017-02-20',20079,41105),
(3841,'2017-02-20',20080,41105),
(3842,'2017-02-20',20081,41105),


(3846,'2017-02-20',21001,41106),
(3847,'2017-02-20',21002,41106),
(3848,'2017-02-20',21003,41106),
(3849,'2017-02-20',21004,41106),
(3850,'2017-02-20',21005,41106),
(3851,'2017-02-20',21006,41106),
(3852,'2017-02-20',21007,41106),
(3853,'2017-02-20',21008,41106),
(3854,'2017-02-20',21009,41106),
(3855,'2017-02-20',21010,41106),
(3856,'2017-02-20',21011,41106),
(3857,'2017-02-20',21012,41106),
(3858,'2017-02-20',21013,41106),
(3859,'2017-02-20',21014,41106),
(3860,'2017-02-20',21015,41106),
(3861,'2017-02-20',21016,41106),
(3862,'2017-02-20',21017,41106),
(3863,'2017-02-20',21018,41106),
(3864,'2017-02-20',21019,41106),
(3865,'2017-02-20',21020,41106),
(3866,'2017-02-20',21021,41106),
(3867,'2017-02-20',21022,41106),
(3868,'2017-02-20',21023,41106),
(3869,'2017-02-20',21024,41106),
(3870,'2017-02-20',21025,41106),
(3871,'2017-02-20',21026,41106),
(3872,'2017-02-20',20155,41106),
(3873,'2017-02-20',21028,41106),
(3874,'2017-02-20',21029,41106),
(3875,'2017-02-20',21030,41106),
(3876,'2017-02-20',21031,41106),
(3877,'2017-02-20',21032,41106),
(3878,'2017-02-20',21033,41106),
(3879,'2017-02-20',21034,41106),
(3880,'2017-02-20',21035,41106),
(3881,'2017-02-20',21036,41106),
(3882,'2017-02-20',21037,41106),
(3883,'2017-02-20',21038,41106),
(3884,'2017-02-20',21039,41106),
(3885,'2017-02-20',21040,41106),
(3886,'2017-02-20',20056,41106),
(3887,'2017-02-20',20057,41106),
(3888,'2017-02-20',20058,41106),
(3889,'2017-02-20',20079,41106),
(3895,'2017-02-20',20080,41106),
(3896,'2017-02-20',20081,41106),

(3900,'2017-02-20',21001,41107),
(3901,'2017-02-20',21002,41107),
(3902,'2017-02-20',21003,41107),
(3903,'2017-02-20',21004,41107),
(3904,'2017-02-20',21005,41107),
(3905,'2017-02-20',21006,41107),
(3906,'2017-02-20',21007,41107),
(3907,'2017-02-20',21008,41107),
(3908,'2017-02-20',21009,41107),
(3909,'2017-02-20',21010,41107),
(3910,'2017-02-20',21011,41107),
(3911,'2017-02-20',21012,41107),
(3912,'2017-02-20',21013,41107),
(3913,'2017-02-20',21014,41107),
(3914,'2017-02-20',21015,41107),
(3915,'2017-02-20',21016,41107),
(3916,'2017-02-20',21017,41107),
(3917,'2017-02-20',21018,41107),
(3918,'2017-02-20',21019,41107),
(3919,'2017-02-20',21020,41107),
(3920,'2017-02-20',21021,41107),
(3921,'2017-02-20',21022,41107),
(3922,'2017-02-20',21023,41107),
(3923,'2017-02-20',21024,41107),
(3924,'2017-02-20',21025,41107),
(3925,'2017-02-20',21026,41107),
(3926,'2017-02-20',20155,41107),
(3927,'2017-02-20',21028,41107),
(3928,'2017-02-20',21029,41107),
(3929,'2017-02-20',21030,41107),
(3930,'2017-02-20',21031,41107),
(3931,'2017-02-20',21032,41107),
(3932,'2017-02-20',21033,41107),
(3933,'2017-02-20',21034,41107),
(3934,'2017-02-20',21035,41107),
(3935,'2017-02-20',21036,41107),
(3936,'2017-02-20',21037,41107),
(3937,'2017-02-20',21038,41107),
(3938,'2017-02-20',21039,41107),
(3939,'2017-02-20',21040,41107),
(3940,'2017-02-20',20056,41107),
(3941,'2017-02-20',20057,41107),
(3942,'2017-02-20',20058,41107),
(3943,'2017-02-20',20079,41107),
(3949,'2017-02-20',20080,41107),
(3950,'2017-02-20',20081,41107),

(3954,'2017-02-20',21001,41108),
(3955,'2017-02-20',21002,41108),
(3956,'2017-02-20',21003,41108),
(3957,'2017-02-20',21004,41108),
(3958,'2017-02-20',21005,41108),
(3959,'2017-02-20',21006,41108),
(3960,'2017-02-20',21007,41108),
(3961,'2017-02-20',21008,41108),
(3962,'2017-02-20',21009,41108),
(3963,'2017-02-20',21010,41108),
(3964,'2017-02-20',21011,41108),
(3965,'2017-02-20',21012,41108),
(3966,'2017-02-20',21013,41108),
(3967,'2017-02-20',21014,41108),
(3968,'2017-02-20',21015,41108),
(3969,'2017-02-20',21016,41108),
(3970,'2017-02-20',21017,41108),
(3971,'2017-02-20',21018,41108),
(3972,'2017-02-20',21019,41108),
(3973,'2017-02-20',21020,41108),
(3974,'2017-02-20',21021,41108),
(3975,'2017-02-20',21022,41108),
(3976,'2017-02-20',21023,41108),
(3977,'2017-02-20',21024,41108),
(3978,'2017-02-20',21025,41108),
(3979,'2017-02-20',21026,41108),
(3980,'2017-02-20',20155,41108),
(3981,'2017-02-20',21028,41108),
(3982,'2017-02-20',21029,41108),
(3983,'2017-02-20',21030,41108),
(3984,'2017-02-20',21031,41108),
(3985,'2017-02-20',21032,41108),
(3986,'2017-02-20',21033,41108),
(3987,'2017-02-20',21034,41108),
(3988,'2017-02-20',21035,41108),
(3989,'2017-02-20',21036,41108),
(3990,'2017-02-20',21037,41108),
(3991,'2017-02-20',21038,41108),
(3992,'2017-02-20',21039,41108),
(3993,'2017-02-20',21040,41108),
(3994,'2017-02-20',20056,41108),
(3995,'2017-02-20',20057,41108),
(3996,'2017-02-20',20058,41108),
(3997,'2017-02-20',20079,41108),
(4003,'2017-02-20',20080,41108),
(4004,'2017-02-20',20081,41108),


(4008,'2017-02-20',21001,41109),
(4009,'2017-02-20',21002,41109),
(4010,'2017-02-20',21003,41109),
(4011,'2017-02-20',21004,41109),
(4012,'2017-02-20',21005,41109),
(4013,'2017-02-20',21006,41109),
(4014,'2017-02-20',21007,41109),
(4015,'2017-02-20',21008,41109),
(4016,'2017-02-20',21009,41109),
(4017,'2017-02-20',21010,41109),
(4018,'2017-02-20',21011,41109),
(4019,'2017-02-20',21012,41109),
(4020,'2017-02-20',21013,41109),
(4021,'2017-02-20',21014,41109),
(4022,'2017-02-20',21015,41109),
(4023,'2017-02-20',21016,41109),
(4024,'2017-02-20',21017,41109),
(4025,'2017-02-20',21018,41109),
(4026,'2017-02-20',21019,41109),
(4027,'2017-02-20',21020,41109),
(4028,'2017-02-20',21021,41109),
(4029,'2017-02-20',21022,41109),
(4030,'2017-02-20',21023,41109),
(4031,'2017-02-20',21024,41109),
(4032,'2017-02-20',21025,41109),
(4033,'2017-02-20',21026,41109),
(4034,'2017-02-20',20155,41109),
(4035,'2017-02-20',21028,41109),
(4036,'2017-02-20',21029,41109),
(4037,'2017-02-20',21030,41109),
(4038,'2017-02-20',21031,41109),
(4039,'2017-02-20',21032,41109),
(4040,'2017-02-20',21033,41109),
(4041,'2017-02-20',21034,41109),
(4042,'2017-02-20',21035,41109),
(4043,'2017-02-20',21036,41109),
(4044,'2017-02-20',21037,41109),
(4045,'2017-02-20',21038,41109),
(4046,'2017-02-20',21039,41109),
(4047,'2017-02-20',21040,41109),
(4048,'2017-02-20',20056,41109),
(4049,'2017-02-20',20057,41109),
(4050,'2017-02-20',20058,41109),
(4051,'2017-02-20',20079,41109),
(4057,'2017-02-20',20080,41109),
(4058,'2017-02-20',20081,41109),

(4062,'2017-02-20',21001,41110),
(4063,'2017-02-20',21002,41110),
(4064,'2017-02-20',21003,41110),
(4065,'2017-02-20',21004,41110),
(4066,'2017-02-20',21005,41110),
(4067,'2017-02-20',21006,41110),
(4068,'2017-02-20',21007,41110),
(4069,'2017-02-20',21008,41110),
(4070,'2017-02-20',21009,41110),
(4071,'2017-02-20',21010,41110),
(4072,'2017-02-20',21011,41110),
(4073,'2017-02-20',21012,41110),
(4074,'2017-02-20',21013,41110),
(4075,'2017-02-20',21014,41110),
(4076,'2017-02-20',21015,41110),
(4077,'2017-02-20',21016,41110),
(4078,'2017-02-20',21017,41110),
(4079,'2017-02-20',21018,41110),
(4080,'2017-02-20',21019,41110),
(4081,'2017-02-20',21020,41110),
(4082,'2017-02-20',21021,41110),
(4083,'2017-02-20',21022,41110),
(4084,'2017-02-20',21023,41110),
(4085,'2017-02-20',21024,41110),
(4086,'2017-02-20',21025,41110),
(4087,'2017-02-20',21026,41110),
(4088,'2017-02-20',20155,41110),
(4089,'2017-02-20',21028,41110),
(4090,'2017-02-20',21029,41110),
(4091,'2017-02-20',21030,41110),
(4092,'2017-02-20',21031,41110),
(4093,'2017-02-20',21032,41110),
(4094,'2017-02-20',21033,41110),
(4095,'2017-02-20',21034,41110),
(4096,'2017-02-20',21035,41110),
(4097,'2017-02-20',21036,41110),
(4098,'2017-02-20',21037,41110),
(4099,'2017-02-20',21038,41110),
(4100,'2017-02-20',21039,41110),
(4101,'2017-02-20',21040,41110),
(4102,'2017-02-20',20056,41110),
(4103,'2017-02-20',20057,41110),
(4104,'2017-02-20',20058,41110),
(4105,'2017-02-20',20079,41110),
(4111,'2017-02-20',20080,41110),
(4112,'2017-02-20',20081,41110),


(4116,'2017-02-20',21001,41111),
(4117,'2017-02-20',21002,41111),
(4118,'2017-02-20',21003,41111),
(4119,'2017-02-20',21004,41111),
(4120,'2017-02-20',21005,41111),
(4121,'2017-02-20',21006,41111),
(4122,'2017-02-20',21007,41111),
(4123,'2017-02-20',21008,41111),
(4124,'2017-02-20',21009,41111),
(4125,'2017-02-20',21010,41111),
(4126,'2017-02-20',21011,41111),
(4127,'2017-02-20',21012,41111),
(4128,'2017-02-20',21013,41111),
(4129,'2017-02-20',21014,41111),
(4130,'2017-02-20',21015,41111),
(4131,'2017-02-20',21016,41111),
(4132,'2017-02-20',21017,41111),
(4133,'2017-02-20',21018,41111),
(4134,'2017-02-20',21019,41111),
(4135,'2017-02-20',21020,41111),
(4136,'2017-02-20',21021,41111),
(4137,'2017-02-20',21022,41111),
(4138,'2017-02-20',21023,41111),
(4139,'2017-02-20',21024,41111),
(4140,'2017-02-20',21025,41111),
(4141,'2017-02-20',21026,41111),
(4142,'2017-02-20',20155,41111),
(4143,'2017-02-20',21028,41111),
(4144,'2017-02-20',21029,41111),
(4145,'2017-02-20',21030,41111),
(4146,'2017-02-20',21031,41111),
(4147,'2017-02-20',21032,41111),
(4148,'2017-02-20',21033,41111),
(4149,'2017-02-20',21034,41111),
(4150,'2017-02-20',21035,41111),
(4151,'2017-02-20',21036,41111),
(4152,'2017-02-20',21037,41111),
(4153,'2017-02-20',21038,41111),
(4154,'2017-02-20',21039,41111),
(4155,'2017-02-20',21040,41111),
(4156,'2017-02-20',20056,41111),
(4157,'2017-02-20',20057,41111),
(4158,'2017-02-20',20058,41111),
(4159,'2017-02-20',20079,41111),
(4165,'2017-02-20',20080,41111),
(4166,'2017-02-20',20081,41111),


(4170,'2017-02-20',21001,41112),
(4171,'2017-02-20',21002,41112),
(4172,'2017-02-20',21003,41112),
(4173,'2017-02-20',21004,41112),
(4174,'2017-02-20',21005,41112),
(4175,'2017-02-20',21006,41112),
(4176,'2017-02-20',21007,41112),
(4177,'2017-02-20',21008,41112),
(4178,'2017-02-20',21009,41112),
(4179,'2017-02-20',21010,41112),
(4180,'2017-02-20',21011,41112),
(4181,'2017-02-20',21012,41112),
(4182,'2017-02-20',21013,41112),
(4183,'2017-02-20',21014,41112),
(4184,'2017-02-20',21015,41112),
(4185,'2017-02-20',21016,41112),
(4186,'2017-02-20',21017,41112),
(4187,'2017-02-20',21018,41112),
(4188,'2017-02-20',21019,41112),
(4189,'2017-02-20',21020,41112),
(4190,'2017-02-20',21021,41112),
(4191,'2017-02-20',21022,41112),
(4192,'2017-02-20',21023,41112),
(4193,'2017-02-20',21024,41112),
(4194,'2017-02-20',21025,41112),
(4195,'2017-02-20',21026,41112),
(4196,'2017-02-20',20155,41112),
(4197,'2017-02-20',21028,41112),
(4198,'2017-02-20',21029,41112),
(4199,'2017-02-20',21030,41112),
(4200,'2017-02-20',21031,41112),
(4201,'2017-02-20',21032,41112),
(4202,'2017-02-20',21033,41112),
(4203,'2017-02-20',21034,41112),
(4204,'2017-02-20',21035,41112),
(4205,'2017-02-20',21036,41112),
(4206,'2017-02-20',21037,41112),
(4207,'2017-02-20',21038,41112),
(4208,'2017-02-20',21039,41112),
(4209,'2017-02-20',21040,41112),
(4210,'2017-02-20',20056,41112),
(4211,'2017-02-20',20057,41112),
(4212,'2017-02-20',20058,41112),
(4213,'2017-02-20',20079,41112),
(4219,'2017-02-20',20080,41112),
(4220,'2017-02-20',20081,41112),


(4224,'2017-02-20',21001,41113),
(4225,'2017-02-20',21002,41113),
(4226,'2017-02-20',21003,41113),
(4227,'2017-02-20',21004,41113),
(4228,'2017-02-20',21005,41113),
(4229,'2017-02-20',21006,41113),
(4230,'2017-02-20',21007,41113),
(4231,'2017-02-20',21008,41113),
(4232,'2017-02-20',21009,41113),
(4233,'2017-02-20',21010,41113),
(4234,'2017-02-20',21011,41113),
(4235,'2017-02-20',21012,41113),
(4236,'2017-02-20',21013,41113),
(4237,'2017-02-20',21014,41113),
(4238,'2017-02-20',21015,41113),
(4239,'2017-02-20',21016,41113),
(4240,'2017-02-20',21017,41113),
(4241,'2017-02-20',21018,41113),
(4242,'2017-02-20',21019,41113),
(4243,'2017-02-20',21020,41113),
(4244,'2017-02-20',21021,41113),
(4245,'2017-02-20',21022,41113),
(4246,'2017-02-20',21023,41113),
(4247,'2017-02-20',21024,41113),
(4248,'2017-02-20',21025,41113),
(4249,'2017-02-20',21026,41113),
(4250,'2017-02-20',20155,41113),
(4251,'2017-02-20',21028,41113),
(4252,'2017-02-20',21029,41113),
(4253,'2017-02-20',21030,41113),
(4254,'2017-02-20',21031,41113),
(4255,'2017-02-20',21032,41113),
(4256,'2017-02-20',21033,41113),
(4257,'2017-02-20',21034,41113),
(4258,'2017-02-20',21035,41113),
(4259,'2017-02-20',21036,41113),
(4260,'2017-02-20',21037,41113),
(4261,'2017-02-20',21038,41113),
(4262,'2017-02-20',21039,41113),
(4263,'2017-02-20',21040,41113),
(4264,'2017-02-20',20056,41113),
(4265,'2017-02-20',20057,41113),
(4266,'2017-02-20',20058,41113),
(4267,'2017-02-20',20079,41113),
(4273,'2017-02-20',20080,41113),
(4274,'2017-02-20',20081,41113),


(4278,'2017-02-20',21001,41114),
(4279,'2017-02-20',21002,41114),
(4280,'2017-02-20',21003,41114),
(4281,'2017-02-20',21004,41114),
(4282,'2017-02-20',21005,41114),
(4283,'2017-02-20',21006,41114),
(4284,'2017-02-20',21007,41114),
(4285,'2017-02-20',21008,41114),
(4286,'2017-02-20',21009,41114),
(4287,'2017-02-20',21010,41114),
(4288,'2017-02-20',21011,41114),
(4289,'2017-02-20',21012,41114),
(4290,'2017-02-20',21013,41114),
(4291,'2017-02-20',21014,41114),
(4292,'2017-02-20',21015,41114),
(4293,'2017-02-20',21016,41114),
(4294,'2017-02-20',21017,41114),
(4295,'2017-02-20',21018,41114),
(4296,'2017-02-20',21019,41114),
(4297,'2017-02-20',21020,41114),
(4298,'2017-02-20',21021,41114),
(4299,'2017-02-20',21022,41114),
(4300,'2017-02-20',21023,41114),
(4301,'2017-02-20',21024,41114),
(4302,'2017-02-20',21025,41114),
(4303,'2017-02-20',21026,41114),
(4304,'2017-02-20',20155,41114),
(4305,'2017-02-20',21028,41114),
(4306,'2017-02-20',21029,41114),
(4307,'2017-02-20',21030,41114),
(4308,'2017-02-20',21031,41114),
(4309,'2017-02-20',21032,41114),
(4310,'2017-02-20',21033,41114),
(4311,'2017-02-20',21034,41114),
(4312,'2017-02-20',21035,41114),
(4313,'2017-02-20',21036,41114),
(4314,'2017-02-20',21037,41114),
(4315,'2017-02-20',21038,41114),
(4316,'2017-02-20',21039,41114),
(4317,'2017-02-20',21040,41114),
(4318,'2017-02-20',20056,41114),
(4319,'2017-02-20',20057,41114),
(4320,'2017-02-20',20058,41114),
(4321,'2017-02-20',20079,41114),
(4327,'2017-02-20',20080,41114),
(4328,'2017-02-20',20081,41114),


(4332,'2017-02-20',21001,41115),
(4333,'2017-02-20',21002,41115),
(4334,'2017-02-20',21003,41115),
(4335,'2017-02-20',21004,41115),
(4336,'2017-02-20',21005,41115),
(4337,'2017-02-20',21006,41115),
(4338,'2017-02-20',21007,41115),
(4339,'2017-02-20',21008,41115),
(4340,'2017-02-20',21009,41115),
(4341,'2017-02-20',21010,41115),
(4342,'2017-02-20',21011,41115),
(4343,'2017-02-20',21012,41115),
(4344,'2017-02-20',21013,41115),
(4345,'2017-02-20',21014,41115),
(4346,'2017-02-20',21015,41115),
(4347,'2017-02-20',21016,41115),
(4348,'2017-02-20',21017,41115),
(4349,'2017-02-20',21018,41115),
(4350,'2017-02-20',21019,41115),
(4351,'2017-02-20',21020,41115),
(4352,'2017-02-20',21021,41115),
(4353,'2017-02-20',21022,41115),
(4354,'2017-02-20',21023,41115),
(4355,'2017-02-20',21024,41115),
(4356,'2017-02-20',21025,41115),
(4357,'2017-02-20',21026,41115),
(4358,'2017-02-20',20155,41115),
(4359,'2017-02-20',21028,41115),
(4360,'2017-02-20',21029,41115),
(4361,'2017-02-20',21030,41115),
(4362,'2017-02-20',21031,41115),
(4363,'2017-02-20',21032,41115),
(4364,'2017-02-20',21033,41115),
(4365,'2017-02-20',21034,41115),
(4366,'2017-02-20',21035,41115),
(4367,'2017-02-20',21036,41115),
(4368,'2017-02-20',21037,41115),
(4369,'2017-02-20',21038,41115),
(4370,'2017-02-20',21039,41115),
(4371,'2017-02-20',21040,41115),
(4372,'2017-02-20',20056,41115),
(4373,'2017-02-20',20057,41115),
(4374,'2017-02-20',20058,41115),
(4375,'2017-02-20',20079,41115),
(4381,'2017-02-20',20080,41115),
(4382,'2017-02-20',20081,41115),


(4386,'2017-02-20',21001,41116),
(4387,'2017-02-20',21002,41116),
(4388,'2017-02-20',21003,41116),
(4389,'2017-02-20',21004,41116),
(4390,'2017-02-20',21005,41116),
(4391,'2017-02-20',21006,41116),
(4392,'2017-02-20',21007,41116),
(4393,'2017-02-20',21008,41116),
(4394,'2017-02-20',21009,41116),
(4395,'2017-02-20',21010,41116),
(4396,'2017-02-20',21011,41116),
(4397,'2017-02-20',21012,41116),
(4398,'2017-02-20',21013,41116),
(4399,'2017-02-20',21014,41116),
(4400,'2017-02-20',21015,41116),
(4401,'2017-02-20',21016,41116),
(4402,'2017-02-20',21017,41116),
(4403,'2017-02-20',21018,41116),
(4404,'2017-02-20',21019,41116),
(4405,'2017-02-20',21020,41116),
(4406,'2017-02-20',21021,41116),
(4407,'2017-02-20',21022,41116),
(4408,'2017-02-20',21023,41116),
(4409,'2017-02-20',21024,41116),
(4410,'2017-02-20',21025,41116),
(4411,'2017-02-20',21026,41116),
(4412,'2017-02-20',20155,41116),
(4413,'2017-02-20',21028,41116),
(4414,'2017-02-20',21029,41116),
(4415,'2017-02-20',21030,41116),
(4416,'2017-02-20',21031,41116),
(4417,'2017-02-20',21032,41116),
(4418,'2017-02-20',21033,41116),
(4419,'2017-02-20',21034,41116),
(4420,'2017-02-20',21035,41116),
(4421,'2017-02-20',21036,41116),
(4422,'2017-02-20',21037,41116),
(4423,'2017-02-20',21038,41116),
(4424,'2017-02-20',21039,41116),
(4425,'2017-02-20',21040,41116),
(4426,'2017-02-20',20056,41116),
(4427,'2017-02-20',20057,41116),
(4428,'2017-02-20',20058,41116),
(4429,'2017-02-20',20079,41116),
(4435,'2017-02-20',20080,41116),
(4436,'2017-02-20',20081,41116),


(4440,'2017-02-20',21001,41117),
(4441,'2017-02-20',21002,41117),
(4442,'2017-02-20',21003,41117),
(4443,'2017-02-20',21004,41117),
(4444,'2017-02-20',21005,41117),
(4445,'2017-02-20',21006,41117),
(4446,'2017-02-20',21007,41117),
(4447,'2017-02-20',21008,41117),
(4448,'2017-02-20',21009,41117),
(4449,'2017-02-20',21010,41117),
(4450,'2017-02-20',21011,41117),
(4451,'2017-02-20',21012,41117),
(4452,'2017-02-20',21013,41117),
(4453,'2017-02-20',21014,41117),
(4454,'2017-02-20',21015,41117),
(4455,'2017-02-20',21016,41117),
(4456,'2017-02-20',21017,41117),
(4457,'2017-02-20',21018,41117),
(4458,'2017-02-20',21019,41117),
(4459,'2017-02-20',21020,41117),
(4460,'2017-02-20',21021,41117),
(4461,'2017-02-20',21022,41117),
(4462,'2017-02-20',21023,41117),
(4463,'2017-02-20',21024,41117),
(4464,'2017-02-20',21025,41117),
(4465,'2017-02-20',21026,41117),
(4466,'2017-02-20',20155,41117),
(4467,'2017-02-20',21028,41117),
(4468,'2017-02-20',21029,41117),
(4469,'2017-02-20',21030,41117),
(4470,'2017-02-20',21031,41117),
(4471,'2017-02-20',21032,41117),
(4472,'2017-02-20',21033,41117),
(4473,'2017-02-20',21034,41117),
(4474,'2017-02-20',21035,41117),
(4475,'2017-02-20',21036,41117),
(4476,'2017-02-20',21037,41117),
(4477,'2017-02-20',21038,41117),
(4478,'2017-02-20',21039,41117),
(4479,'2017-02-20',21040,41117),
(4480,'2017-02-20',20056,41117),
(4481,'2017-02-20',20057,41117),
(4482,'2017-02-20',20058,41117),
(4483,'2017-02-20',20079,41117),
(4489,'2017-02-20',20080,41117),
(4490,'2017-02-20',20081,41117),


(4494,'2017-02-20',21001,41118),
(4495,'2017-02-20',21002,41118),
(4496,'2017-02-20',21003,41118),
(4497,'2017-02-20',21004,41118),
(4498,'2017-02-20',21005,41118),
(4499,'2017-02-20',21006,41118),
(4500,'2017-02-20',21007,41118),
(4501,'2017-02-20',21008,41118),
(4502,'2017-02-20',21009,41118),
(4503,'2017-02-20',21010,41118),
(4504,'2017-02-20',21011,41118),
(4505,'2017-02-20',21012,41118),
(4506,'2017-02-20',21013,41118),
(4507,'2017-02-20',21014,41118),
(4508,'2017-02-20',21015,41118),
(4509,'2017-02-20',21016,41118),
(4510,'2017-02-20',21017,41118),
(4511,'2017-02-20',21018,41118),
(4512,'2017-02-20',21019,41118),
(4513,'2017-02-20',21020,41118),
(4514,'2017-02-20',21021,41118),
(4515,'2017-02-20',21022,41118),
(4516,'2017-02-20',21023,41118),
(4517,'2017-02-20',21024,41118),
(4518,'2017-02-20',21025,41118),
(4519,'2017-02-20',21026,41118),
(4520,'2017-02-20',20155,41118),
(4521,'2017-02-20',21028,41118),
(4522,'2017-02-20',21029,41118),
(4523,'2017-02-20',21030,41118),
(4524,'2017-02-20',21031,41118),
(4525,'2017-02-20',21032,41118),
(4526,'2017-02-20',21033,41118),
(4527,'2017-02-20',21034,41118),
(4528,'2017-02-20',21035,41118),
(4529,'2017-02-20',21036,41118),
(4530,'2017-02-20',21037,41118),
(4531,'2017-02-20',21038,41118),
(4532,'2017-02-20',21039,41118),
(4533,'2017-02-20',21040,41118),
(4534,'2017-02-20',20056,41118),
(4535,'2017-02-20',20057,41118),
(4536,'2017-02-20',20058,41118),
(4537,'2017-02-20',20079,41118),
(4543,'2017-02-20',20080,41118),
(4544,'2017-02-20',20081,41118),


(4548,'2017-02-20',21001,41119),
(4549,'2017-02-20',21002,41119),
(4550,'2017-02-20',21003,41119),
(4551,'2017-02-20',21004,41119),
(4552,'2017-02-20',21005,41119),
(4553,'2017-02-20',21006,41119),
(4554,'2017-02-20',21007,41119),
(4555,'2017-02-20',21008,41119),
(4556,'2017-02-20',21009,41119),
(4557,'2017-02-20',21010,41119),
(4558,'2017-02-20',21011,41119),
(4559,'2017-02-20',21012,41119),
(4560,'2017-02-20',21013,41119),
(4561,'2017-02-20',21014,41119),
(4562,'2017-02-20',21015,41119),
(4563,'2017-02-20',21016,41119),
(4564,'2017-02-20',21017,41119),
(4565,'2017-02-20',21018,41119),
(4566,'2017-02-20',21019,41119),
(4567,'2017-02-20',21020,41119),
(4568,'2017-02-20',21021,41119),
(4569,'2017-02-20',21022,41119),
(4570,'2017-02-20',21023,41119),
(4571,'2017-02-20',21024,41119),
(4572,'2017-02-20',21025,41119),
(4573,'2017-02-20',21026,41119),
(4574,'2017-02-20',20155,41119),
(4575,'2017-02-20',21028,41119),
(4576,'2017-02-20',21029,41119),
(4577,'2017-02-20',21030,41119),
(4578,'2017-02-20',21031,41119),
(4579,'2017-02-20',21032,41119),
(4580,'2017-02-20',21033,41119),
(4581,'2017-02-20',21034,41119),
(4582,'2017-02-20',21035,41119),
(4583,'2017-02-20',21036,41119),
(4584,'2017-02-20',21037,41119),
(4585,'2017-02-20',21038,41119),
(4586,'2017-02-20',21039,41119),
(4587,'2017-02-20',21040,41119),
(4588,'2017-02-20',20056,41119),
(4589,'2017-02-20',20057,41119),
(4590,'2017-02-20',20058,41119),
(4591,'2017-02-20',20079,41119),
(4597,'2017-02-20',20080,41119),
(4598,'2017-02-20',20081,41119),

(4602,'2017-02-20',21001,41120),
(4603,'2017-02-20',21002,41120),
(4604,'2017-02-20',21003,41120),
(4605,'2017-02-20',21004,41120),
(4606,'2017-02-20',21005,41120),
(4607,'2017-02-20',21006,41120),
(4608,'2017-02-20',21007,41120),
(4609,'2017-02-20',21008,41120),
(4610,'2017-02-20',21009,41120),
(4611,'2017-02-20',21010,41120),
(4612,'2017-02-20',21011,41120),
(4613,'2017-02-20',21012,41120),
(4614,'2017-02-20',21013,41120),
(4615,'2017-02-20',21014,41120),
(4616,'2017-02-20',21015,41120),
(4617,'2017-02-20',21016,41120),
(4618,'2017-02-20',21017,41120),
(4619,'2017-02-20',21018,41120),
(4620,'2017-02-20',21019,41120),
(4621,'2017-02-20',21020,41120),
(4622,'2017-02-20',21021,41120),
(4623,'2017-02-20',21022,41120),
(4624,'2017-02-20',21023,41120),
(4625,'2017-02-20',21024,41120),
(4626,'2017-02-20',21025,41120),
(4627,'2017-02-20',21026,41120),
(4628,'2017-02-20',20155,41120),
(4629,'2017-02-20',21028,41120),
(4630,'2017-02-20',21029,41120),
(4631,'2017-02-20',21030,41120),
(4632,'2017-02-20',21031,41120),
(4633,'2017-02-20',21032,41120),
(4634,'2017-02-20',21033,41120),
(4635,'2017-02-20',21034,41120),
(4636,'2017-02-20',21035,41120),
(4637,'2017-02-20',21036,41120),
(4638,'2017-02-20',21037,41120),
(4639,'2017-02-20',21038,41120),
(4640,'2017-02-20',21039,41120),
(4641,'2017-02-20',21040,41120),
(4642,'2017-02-20',20056,41120),
(4643,'2017-02-20',20057,41120),
(4644,'2017-02-20',20058,41120),
(4645,'2017-02-20',20079,41120),
(4651,'2017-02-20',20080,41120),
(4652,'2017-02-20',20081,41120);