## rest of cancino classes
INSERT INTO `course_section` (`id`,`number`,`numOfSeats`,`numOfTaken`,`course_id`,`room_id`,`term_id`,`faculty_id`) VALUES
(75000, 1, 30, 10, 'EE101','ET11', 1,10001),
(75001, 1, 30, 10, 'EE150','ET12', 1,10001),
(75002, 1, 30, 10, 'EE160','ET13', 1,10001),
(75003, 1, 30, 10, 'EE101','ET11', 2,10001),
(75004, 1, 30, 10, 'EE150','ET12', 2,10001),
(75005, 1, 30, 10, 'EE160','ET13', 2,10001),
(75006, 1, 30, 10, 'EE101','ET11', 3,10001),
(75007, 1, 30, 10, 'EE150','ET12', 3,10001),
(75008, 1, 30, 10, 'EE160','ET13', 3,10001),
(75009, 1, 30, 10, 'EE101','ET11', 4,10001),
(75010, 1, 30, 10, 'EE150','ET12', 4,10001),
(75011, 1, 30, 10, 'EE160','ET13', 4,10001);


## slots 
INSERT INTO `course_section_slot`(`id`,`coursesection_id`,`slot_id`) VALUES
(1000, 75000, 33),
(1001, 75000, 34),
(1002, 75001, 35),
(1003, 75001, 36),
(1004, 75002, 37),
(1005, 75002, 38),
(1006, 75003, 33),
(1007, 75003, 34),
(1008, 75004, 35),
(1009, 75004, 36),
(1010, 75005, 37),
(1011, 75005, 38),
(1012, 75006, 33),
(1013, 75006, 34),
(1014, 75007, 35),
(1015, 75007, 36),
(1016, 75008, 37),
(1017, 75008, 38),
(1018, 75009, 33),
(1019, 75009, 34),
(1020, 75010, 35),
(1021, 75010, 36),
(1022, 75011, 37),
(1023, 75011, 38);

INSERT INTO `enrollment`(`id`,`dateEnrolled`,`course_section_id`,`student_id`) VALUES
(1100, 20160320, 75000, 40410),
(1101, 20160320, 75000, 40411),
(1102, 20160320, 75000, 40412),
(1103, 20160320, 75000, 40413),
(1104, 20160320, 75000, 40414),
(1105, 20160320, 75000, 40415),
(1106, 20160320, 75000, 40416),
(1107, 20160320, 75000, 40417),
(1108, 20160320, 75000, 40418),
(1109, 20160320, 75000, 40419),
(1110, 20160320, 75001, 40410),
(1111, 20160320, 75001, 40411),
(1112, 20160320, 75001, 40412),
(1113, 20160320, 75001, 40413),
(1114, 20160320, 75001, 40414),
(1115, 20160320, 75001, 40415),
(1116, 20160320, 75001, 40416),
(1117, 20160320, 75001, 40417),
(1118, 20160320, 75001, 40418),
(1119, 20160320, 75001, 40419),
(1120, 20160320, 75002, 40410),
(1121, 20160320, 75002, 40411),
(1122, 20160320, 75002, 40412),
(1123, 20160320, 75002, 40413),
(1124, 20160320, 75002, 40414),
(1125, 20160320, 75002, 40415),
(1126, 20160320, 75002, 40416),
(1127, 20160320, 75002, 40417),
(1128, 20160320, 75002, 40418),
(1129, 20160320, 75002, 40419),
(1130, 20161120, 75003, 40420),
(1131, 20161120, 75003, 40401),
(1132, 20161120, 75003, 40402),
(1133, 20161120, 75003, 40403),
(1134, 20161120, 75003, 40404),
(1135, 20161120, 75003, 40405),
(1136, 20161120, 75003, 40406),
(1137, 20161120, 75003, 40407),
(1138, 20161120, 75003, 40408),
(1139, 20161120, 75003, 40409),
(1140, 20161120, 75004, 40420),
(1141, 20161120, 75004, 40401),
(1142, 20161120, 75004, 40402),
(1143, 20161120, 75004, 40403),
(1144, 20161120, 75004, 40404),
(1145, 20161120, 75004, 40405),
(1146, 20161120, 75004, 40406),
(1147, 20161120, 75004, 40407),
(1148, 20161120, 75004, 40408),
(1149, 20161120, 75004, 40409),
(1150, 20161120, 75005, 40420),
(1151, 20161120, 75005, 40401),
(1152, 20161120, 75005, 40402),
(1153, 20161120, 75005, 40403),
(1154, 20161120, 75005, 40404),
(1155, 20161120, 75005, 40405),
(1156, 20161120, 75005, 40406),
(1157, 20161120, 75005, 40407),
(1158, 20161120, 75005, 40408),
(1159, 20161120, 75005, 40409),
(1160, 20170320, 75006, 40301),
(1161, 20170320, 75006, 40302),
(1162, 20170320, 75006, 40303),
(1163, 20170320, 75006, 40304),
(1164, 20170320, 75006, 40305),
(1165, 20170320, 75006, 40306),
(1166, 20170320, 75006, 40307),
(1167, 20170320, 75006, 40308),
(1168, 20170320, 75006, 40309),
(1169, 20170320, 75006, 40320),
(1170, 20170320, 75007, 40301),
(1171, 20170320, 75007, 40302),
(1172, 20170320, 75007, 40303),
(1173, 20170320, 75007, 40304),
(1174, 20170320, 75007, 40305),
(1175, 20170320, 75007, 40306),
(1176, 20170320, 75007, 40307),
(1177, 20170320, 75007, 40308),
(1178, 20170320, 75007, 40309),
(1179, 20170320, 75007, 40320),
(1180, 20170320, 75008, 40301),
(1181, 20170320, 75008, 40302),
(1182, 20170320, 75008, 40303),
(1183, 20170320, 75008, 40304),
(1184, 20170320, 75008, 40305),
(1185, 20170320, 75008, 40306),
(1186, 20170320, 75008, 40307),
(1187, 20170320, 75008, 40308),
(1188, 20170320, 75008, 40309),
(1189, 20170320, 75008, 40320),
(1190, 20171120, 75009, 40310),
(1191, 20171120, 75009, 40311),
(1192, 20171120, 75009, 40312),
(1193, 20171120, 75009, 40313),
(1194, 20171120, 75009, 40314),
(1195, 20171120, 75009, 40315),
(1196, 20171120, 75009, 40316),
(1197, 20171120, 75009, 40317),
(1198, 20171120, 75009, 40318),
(1199, 20171120, 75009, 40319),
(1200, 20171120, 75010, 40310),
(1201, 20171120, 75010, 40311),
(1202, 20171120, 75010, 40312),
(1203, 20171120, 75010, 40313),
(1204, 20171120, 75010, 40314),
(1205, 20171120, 75010, 40315),
(1206, 20171120, 75010, 40316),
(1207, 20171120, 75010, 40317),
(1208, 20171120, 75010, 40318),
(1209, 20171120, 75010, 40319),
(1210, 20171120, 75011, 40310),
(1211, 20171120, 75011, 40311),
(1212, 20171120, 75011, 40312),
(1213, 20171120, 75011, 40313),
(1214, 20171120, 75011, 40314),
(1215, 20171120, 75011, 40315),
(1216, 20171120, 75011, 40316),
(1217, 20171120, 75011, 40317),
(1218, 20171120, 75011, 40318),
(1219, 20171120, 75011, 40319);

## grades
INSERT INTO `grade` (`id`,`type`,`letterGrade`,`course_section_id`,`student_id`) VALUES
(1000,'M','B',75000,40410), 
(1001,'F','B',75000,40410),
(1002,'M','B',75000,40411),
(1003,'F','C',75000,40411),
(1004,'M','B',75000,40412),
(1005,'F','B',75000,40412),
(1006,'M','C',75000,40413),
(1007,'F','C',75000,40413),
(1008,'M','C',75000,40414),
(1009,'F','C',75000,40414),
(1010,'M','B',75000,40415),
(1011,'F','A',75000,40415),
(1012,'M','C',75000,40416),
(1013,'F','B',75000,40416),
(1014,'M','A',75000,40417),
(1015,'F','A',75000,40417),
(1016,'M','A',75000,40418),
(1017,'F','A',75000,40418),
(1018,'M','A',75000,40419),
(1019,'F','A',75000,40419);

INSERT INTO `grade` (`id`,`type`,`letterGrade`,`course_section_id`,`student_id`) VALUES
(1020,'M','B',75001,40410), 
(1021,'F','B',75001,40410),
(1022,'M','B',75001,40411),
(1023,'F','C',75001,40411),
(1024,'M','B',75001,40412),
(1025,'F','B',75001,40412),
(1026,'M','C',75001,40413),
(1027,'F','C',75001,40413),
(1028,'M','C',75001,40414),
(1029,'F','C',75001,40414),
(1030,'M','B',75001,40415),
(1031,'F','A',75001,40415),
(1032,'M','C',75001,40416),
(1033,'F','B',75001,40416),
(1034,'M','A',75001,40417),
(1035,'F','A',75001,40417),
(1036,'M','A',75001,40418),
(1037,'F','A',75001,40418),
(1038,'M','A',75001,40419),
(1039,'F','A',75001,40419);

INSERT INTO `grade` (`id`,`type`,`letterGrade`,`course_section_id`,`student_id`) VALUES
(1040,'M','B',75002,40410), 
(1041,'F','B',75002,40410),
(1042,'M','B',75002,40411),
(1043,'F','C',75002,40411),
(1044,'M','B',75002,40412),
(1045,'F','B',75002,40412),
(1046,'M','C',75002,40413),
(1047,'F','C',75002,40413),
(1048,'M','C',75002,40414),
(1049,'F','C',75002,40414),
(1050,'M','B',75002,40415),
(1051,'F','A',75002,40415),
(1052,'M','C',75002,40416),
(1053,'F','B',75002,40416),
(1054,'M','A',75002,40417),
(1055,'F','A',75002,40417),
(1056,'M','A',75002,40418),
(1057,'F','A',75002,40418),
(1058,'M','A',75002,40419),
(1059,'F','A',75002,40419);

INSERT INTO `grade` (`id`,`type`,`letterGrade`,`course_section_id`,`student_id`) VALUES
(1060,'M','B',75003,40420), 
(1061,'F','B',75003,40420),
(1062,'M','B',75003,40401),
(1063,'F','C',75003,40401),
(1064,'M','B',75003,40402),
(1065,'F','B',75003,40402),
(1066,'M','C',75003,40403),
(1067,'F','C',75003,40403),
(1068,'M','C',75003,40404),
(1069,'F','C',75003,40404),
(1070,'M','B',75003,40405),
(1071,'F','A',75003,40405),
(1072,'M','C',75003,40406),
(1073,'F','B',75003,40406),
(1074,'M','A',75003,40407),
(1075,'F','A',75003,40407),
(1076,'M','A',75003,40408),
(1077,'F','A',75003,40408),
(1078,'M','A',75003,40409),
(1079,'F','A',75003,40409);

INSERT INTO `grade` (`id`,`type`,`letterGrade`,`course_section_id`,`student_id`) VALUES
(1080,'M','B',75004,40420), 
(1081,'F','B',75004,40420),
(1082,'M','B',75004,40401),
(1083,'F','C',75004,40401),
(1084,'M','B',75004,40402),
(1085,'F','B',75004,40402),
(1086,'M','C',75004,40403),
(1087,'F','C',75004,40403),
(1088,'M','C',75004,40404),
(1089,'F','C',75004,40404),
(1090,'M','B',75004,40405),
(1091,'F','A',75004,40405),
(1092,'M','C',75004,40406),
(1093,'F','B',75004,40406),
(1094,'M','A',75004,40407),
(1095,'F','A',75004,40407),
(1096,'M','A',75004,40408),
(1097,'F','A',75004,40408),
(1098,'M','A',75004,40409),
(1099,'F','A',75004,40409);

INSERT INTO `grade` (`id`,`type`,`letterGrade`,`course_section_id`,`student_id`) VALUES
(1100,'M','B',75005,40420), 
(1101,'F','B',75005,40420),
(1102,'M','B',75005,40401),
(1103,'F','C',75005,40401),
(1104,'M','B',75005,40402),
(1105,'F','B',75005,40402),
(1106,'M','C',75005,40403),
(1107,'F','C',75005,40403),
(1108,'M','C',75005,40404),
(1109,'F','C',75005,40404),
(1110,'M','B',75005,40405),
(1111,'F','A',75005,40405),
(1112,'M','C',75005,40406),
(1113,'F','B',75005,40406),
(1114,'M','A',75005,40407),
(1115,'F','A',75005,40407),
(1116,'M','A',75005,40408),
(1117,'F','A',75005,40408),
(1118,'M','A',75005,40409),
(1119,'F','A',75005,40409);

INSERT INTO `grade` (`id`,`type`,`letterGrade`,`course_section_id`,`student_id`) VALUES
(1120,'M','B',75006,40320), 
(1121,'F','B',75006,40320),
(1122,'M','B',75006,40301),
(1123,'F','C',75006,40301),
(1124,'M','B',75006,40302),
(1125,'F','B',75006,40302),
(1126,'M','C',75006,40303),
(1127,'F','C',75006,40303),
(1128,'M','C',75006,40304),
(1129,'F','C',75006,40304),
(1130,'M','B',75006,40305),
(1131,'F','A',75006,40305),
(1132,'M','C',75006,40306),
(1133,'F','B',75006,40306),
(1134,'M','A',75006,40307),
(1135,'F','A',75006,40307),
(1136,'M','A',75006,40308),
(1137,'F','A',75006,40308),
(1138,'M','A',75006,40309),
(1139,'F','A',75006,40309);

INSERT INTO `grade` (`id`,`type`,`letterGrade`,`course_section_id`,`student_id`) VALUES
(1140,'M','B',75007,40320), 
(1141,'F','B',75007,40320),
(1142,'M','B',75007,40301),
(1143,'F','C',75007,40301),
(1144,'M','B',75007,40302),
(1145,'F','B',75007,40302),
(1146,'M','C',75007,40303),
(1147,'F','C',75007,40303),
(1148,'M','C',75007,40304),
(1149,'F','C',75007,40304),
(1150,'M','B',75007,40305),
(1151,'F','A',75007,40305),
(1152,'M','C',75007,40306),
(1153,'F','B',75007,40306),
(1154,'M','A',75007,40307),
(1155,'F','A',75007,40307),
(1156,'M','A',75007,40308),
(1157,'F','A',75007,40308),
(1158,'M','A',75007,40309),
(1159,'F','A',75007,40309);

INSERT INTO `grade` (`id`,`type`,`letterGrade`,`course_section_id`,`student_id`) VALUES
(1160,'M','B',75008,40320), 
(1161,'F','B',75008,40320),
(1162,'M','B',75008,40301),
(1163,'F','C',75008,40301),
(1164,'M','B',75008,40302),
(1165,'F','B',75008,40302),
(1166,'M','C',75008,40303),
(1167,'F','C',75008,40303),
(1168,'M','C',75008,40304),
(1169,'F','C',75008,40304),
(1170,'M','B',75008,40305),
(1171,'F','A',75008,40305),
(1172,'M','C',75008,40306),
(1173,'F','B',75008,40306),
(1174,'M','A',75008,40307),
(1175,'F','A',75008,40307),
(1176,'M','A',75008,40308),
(1177,'F','A',75008,40308),
(1178,'M','A',75008,40309),
(1179,'F','A',75008,40309);


INSERT INTO `grade` (`id`,`type`,`letterGrade`,`course_section_id`,`student_id`) VALUES
(1180,'M','B',75009,40310), 
(1181,'F','B',75009,40310),
(1182,'M','B',75009,40311),
(1183,'F','C',75009,40311),
(1184,'M','B',75009,40312),
(1185,'F','B',75009,40312),
(1186,'M','C',75009,40313),
(1187,'F','C',75009,40313),
(1188,'M','C',75009,40314),
(1189,'F','C',75009,40314),
(1190,'M','B',75009,40315),
(1191,'F','A',75009,40315),
(1192,'M','C',75009,40316),
(1193,'F','B',75009,40316),
(1194,'M','A',75009,40317),
(1195,'F','A',75009,40317),
(1196,'M','A',75009,40318),
(1197,'F','A',75009,40318),
(1198,'M','A',75009,40319),
(1199,'F','A',75009,40319);

INSERT INTO `grade` (`id`,`type`,`letterGrade`,`course_section_id`,`student_id`) VALUES
(1200,'M','B',75010,40310), 
(1201,'F','B',75010,40310),
(1202,'M','B',75010,40311),
(1203,'F','C',75010,40311),
(1204,'M','B',75010,40312),
(1205,'F','B',75010,40312),
(1206,'M','C',75010,40313),
(1207,'F','C',75010,40313),
(1208,'M','C',75010,40314),
(1209,'F','C',75010,40314),
(1210,'M','B',75010,40315),
(1211,'F','A',75010,40315),
(1212,'M','C',75010,40316),
(1213,'F','B',75010,40316),
(1214,'M','A',75010,40317),
(1215,'F','A',75010,40317),
(1216,'M','A',75010,40318),
(1217,'F','A',75010,40318),
(1218,'M','A',75010,40319),
(1219,'F','A',75010,40319);

INSERT INTO `grade` (`id`,`type`,`letterGrade`,`course_section_id`,`student_id`) VALUES
(1220,'M','B',75011,40310), 
(1221,'F','B',75011,40310),
(1222,'M','B',75011,40311),
(1223,'F','C',75011,40311),
(1224,'M','B',75011,40312),
(1225,'F','B',75011,40312),
(1226,'M','C',75011,40313),
(1227,'F','C',75011,40313),
(1228,'M','C',75011,40314),
(1229,'F','C',75011,40314),
(1230,'M','B',75011,40315),
(1231,'F','A',75011,40315),
(1232,'M','C',75011,40316),
(1233,'F','B',75011,40316),
(1234,'M','A',75011,40317),
(1235,'F','A',75011,40317),
(1236,'M','A',75011,40318),
(1237,'F','A',75011,40318),
(1238,'M','A',75011,40319),
(1239,'F','A',75011,40319);

## transcript for updating grades
INSERT INTO `transcript` (`id`,`gradeReceived`,`year`,`season`, `course_id`, `student_id`) VALUES
(501, 'B', 2016, 'SP', 'EE101', 40410), ## 30042
(502, 'B', 2016, 'SP', 'EE150', 40410),
(503, 'B', 2016, 'SP', 'EE160', 40410),
(504, 'C', 2016, 'SP', 'EE101', 40411),
(505, 'C', 2016, 'SP', 'EE150', 40411),
(506, 'C', 2016, 'SP', 'EE160', 40411),
(507, 'B', 2016, 'SP', 'EE101', 40412),
(508, 'B', 2016, 'SP', 'EE150', 40412),
(509, 'B', 2016, 'SP', 'EE160', 40412),
(510, 'C', 2016, 'SP', 'EE101', 40413),
(511, 'C', 2016, 'SP', 'EE150', 40413),
(512, 'C', 2016, 'SP', 'EE160', 40413),
(513, 'C', 2016, 'SP', 'EE101', 40414),
(514, 'C', 2016, 'SP', 'EE150', 40414),
(515, 'C', 2016, 'SP', 'EE160', 40414),
(516, 'A', 2016, 'SP', 'EE101', 40415),
(517, 'A', 2016, 'SP', 'EE150', 40415),
(518, 'A', 2016, 'SP', 'EE160', 40415),
(519, 'B', 2016, 'SP', 'EE101', 40416),
(520, 'B', 2016, 'SP', 'EE150', 40416),
(521, 'B', 2016, 'SP', 'EE160', 40416),
(522, 'A', 2016, 'SP', 'EE101', 40417),
(523, 'A', 2016, 'SP', 'EE150', 40417),
(524, 'A', 2016, 'SP', 'EE160', 40417),
(525, 'A', 2016, 'SP', 'EE101', 40418),
(526, 'A', 2016, 'SP', 'EE150', 40418),
(527, 'A', 2016, 'SP', 'EE160', 40418),
(528, 'A', 2016, 'SP', 'EE101', 40419),
(529, 'A', 2016, 'SP', 'EE150', 40419),
(530, 'A', 2016, 'SP', 'EE160', 40419),

(531, 'B', 2016, 'F', 'EE101', 40420),
(532, 'B', 2016, 'F', 'EE150', 40420),
(533, 'B', 2016, 'F', 'EE160', 40420),
(534, 'C', 2016, 'F', 'EE101', 40401),
(535, 'C', 2016, 'F', 'EE150', 40401),
(536, 'C', 2016, 'F', 'EE160', 40401),
(537, 'B', 2016, 'F', 'EE101', 40402),
(538, 'B', 2016, 'F', 'EE150', 40402),
(539, 'B', 2016, 'F', 'EE160', 40402),
(540, 'C', 2016, 'F', 'EE101', 40403),
(541, 'C', 2016, 'F', 'EE150', 40403),
(542, 'C', 2016, 'F', 'EE160', 40403),
(543, 'C', 2016, 'F', 'EE101', 40404),
(544, 'C', 2016, 'F', 'EE150', 40404),
(545, 'C', 2016, 'F', 'EE160', 40404),
(546, 'A', 2016, 'F', 'EE101', 40405),
(547, 'A', 2016, 'F', 'EE150', 40405),
(548, 'A', 2016, 'F', 'EE160', 40405),
(549, 'B', 2016, 'F', 'EE101', 40406),
(550, 'B', 2016, 'F', 'EE150', 40406),
(551, 'B', 2016, 'F', 'EE160', 40406),
(552, 'A', 2016, 'F', 'EE101', 40407),
(553, 'A', 2016, 'F', 'EE150', 40407),
(554, 'A', 2016, 'F', 'EE160', 40407),
(555, 'A', 2016, 'F', 'EE101', 40408),
(556, 'A', 2016, 'F', 'EE150', 40408),
(557, 'A', 2016, 'F', 'EE160', 40408),
(558, 'A', 2016, 'F', 'EE101', 40409),
(559, 'A', 2016, 'F', 'EE150', 40409),
(560, 'A', 2016, 'F', 'EE160', 40409),

(561, 'B', 2017, 'SP', 'EE101', 40320),
(562, 'B', 2017, 'SP', 'EE150', 40320),
(563, 'B', 2017, 'SP', 'EE160', 40320),
(564, 'C', 2017, 'SP', 'EE101', 40301),
(565, 'C', 2017, 'SP', 'EE150', 40301),
(566, 'C', 2017, 'SP', 'EE160', 40301),
(567, 'B', 2017, 'SP', 'EE101', 40302),
(568, 'B', 2017, 'SP', 'EE150', 40302),
(569, 'B', 2017, 'SP', 'EE160', 40302),
(570, 'C', 2017, 'SP', 'EE101', 40303),
(571, 'C', 2017, 'SP', 'EE150', 40303),
(572, 'C', 2017, 'SP', 'EE160', 40303),
(573, 'C', 2017, 'SP', 'EE101', 40304),
(574, 'C', 2017, 'SP', 'EE150', 40304),
(575, 'C', 2017, 'SP', 'EE160', 40304),
(576, 'A', 2017, 'SP', 'EE101', 40305),
(577, 'A', 2017, 'SP', 'EE150', 40305),
(578, 'A', 2017, 'SP', 'EE160', 40305),
(579, 'B', 2017, 'SP', 'EE101', 40306),
(580, 'B', 2017, 'SP', 'EE150', 40306),
(581, 'B', 2017, 'SP', 'EE160', 40306),
(582, 'A', 2017, 'SP', 'EE101', 40307),
(583, 'A', 2017, 'SP', 'EE150', 40307),
(584, 'A', 2017, 'SP', 'EE160', 40307),
(585, 'A', 2017, 'SP', 'EE101', 40308),
(586, 'A', 2017, 'SP', 'EE150', 40308),
(587, 'A', 2017, 'SP', 'EE160', 40308),
(588, 'A', 2017, 'SP', 'EE101', 40309),
(589, 'A', 2017, 'SP', 'EE150', 40309),
(590, 'A', 2017, 'SP', 'EE160', 40309),

(591, 'B', 2017, 'F', 'EE101', 40310),
(592, 'B', 2017, 'F', 'EE150', 40310),
(593, 'B', 2017, 'F', 'EE160', 40310),
(594, 'C', 2017, 'F', 'EE101', 40311),
(595, 'C', 2017, 'F', 'EE150', 40311),
(596, 'C', 2017, 'F', 'EE160', 40311),
(597, 'B', 2017, 'F', 'EE101', 40312),
(598, 'B', 2017, 'F', 'EE150', 40312),
(599, 'B', 2017, 'F', 'EE160', 40312),
(600, 'C', 2017, 'F', 'EE101', 40313),
(601, 'C', 2017, 'F', 'EE150', 40313),
(602, 'C', 2017, 'F', 'EE160', 40313),
(603, 'C', 2017, 'F', 'EE101', 40314),
(604, 'C', 2017, 'F', 'EE150', 40314),
(605, 'C', 2017, 'F', 'EE160', 40314),
(606, 'A', 2017, 'F', 'EE101', 40315),
(607, 'A', 2017, 'F', 'EE150', 40315),
(608, 'A', 2017, 'F', 'EE160', 40315),
(609, 'B', 2017, 'F', 'EE101', 40316),
(610, 'B', 2017, 'F', 'EE150', 40316),
(611, 'B', 2017, 'F', 'EE160', 40316),
(612, 'A', 2017, 'F', 'EE101', 40317),
(613, 'A', 2017, 'F', 'EE150', 40317),
(614, 'A', 2017, 'F', 'EE160', 40317),
(615, 'A', 2017, 'F', 'EE101', 40318),
(616, 'A', 2017, 'F', 'EE150', 40318),
(617, 'A', 2017, 'F', 'EE160', 40318),
(618, 'A', 2017, 'F', 'EE101', 40319),
(619, 'A', 2017, 'F', 'EE150', 40319),
(620, 'A', 2017, 'F', 'EE160', 40319);

INSERT INTO `attendance` (`id`,`isPresent`,`dayAttended`,`enrollment_id`) VALUES
(4000,1,'2016-04-06',1100),
(4001,1,'2016-04-08',1100),
(4002,1,'2016-04-10',1100),
(4003,1,'2016-04-15',1100),
(4004,0,'2016-04-17',1100),
(4005,1,'2016-04-22',1100),
(4006,1,'2016-04-24',1100),
(4007,1,'2016-05-01',1100),
(4008,1,'2016-05-08',1100),
(4009,1,'2016-05-22',1100),

(4010,1,'2016-04-06',1101),
(4011,1,'2016-04-08',1101),
(4012,1,'2016-04-10',1101),
(4013,1,'2016-04-15',1101),
(4014,0,'2016-04-17',1101),
(4015,1,'2016-04-22',1101),
(4016,1,'2016-04-24',1101),
(4017,1,'2016-05-01',1101),
(4018,1,'2016-05-08',1101),
(4019,1,'2016-05-22',1101),

(4020,1,'2016-04-06',1102),
(4021,1,'2016-04-08',1102),
(4022,1,'2016-04-10',1102),
(4023,1,'2016-04-15',1102),
(4024,0,'2016-04-17',1102),
(4025,1,'2016-04-22',1102),
(4026,1,'2016-04-24',1102),
(4027,1,'2016-05-01',1102),
(4028,1,'2016-05-08',1102),
(4029,1,'2016-05-22',1102),

(4040,1,'2016-04-06',1103),
(4041,1,'2016-04-08',1103),
(4042,1,'2016-04-10',1103),
(4043,1,'2016-04-15',1103),
(4044,0,'2016-04-17',1103),
(4045,1,'2016-04-22',1103),
(4046,1,'2016-04-24',1103),
(4047,1,'2016-05-01',1103),
(4048,1,'2016-05-08',1103),
(4049,1,'2016-05-22',1103),

(4050,1,'2016-04-06',1104),
(4051,1,'2016-04-08',1104),
(4052,1,'2016-04-10',1104),
(4053,1,'2016-04-15',1104),
(4054,0,'2016-04-17',1104),
(4055,1,'2016-04-22',1104),
(4056,1,'2016-04-24',1104),
(4057,1,'2016-05-01',1104),
(4058,1,'2016-05-08',1104),
(4059,1,'2016-05-22',1104),

(4060,1,'2016-04-06',1105),
(4061,1,'2016-04-08',1105),
(4062,1,'2016-04-10',1105),
(4063,1,'2016-04-15',1105),
(4064,0,'2016-04-17',1105),
(4065,1,'2016-04-22',1105),
(4066,1,'2016-04-24',1105),
(4067,1,'2016-05-01',1105),
(4068,1,'2016-05-08',1105),
(4069,1,'2016-05-22',1105),

(4070,1,'2016-04-06',1106),
(4071,1,'2016-04-08',1106),
(4072,1,'2016-04-10',1106),
(4073,1,'2016-04-15',1106),
(4074,0,'2016-04-17',1106),
(4075,1,'2016-04-22',1106),
(4076,1,'2016-04-24',1106),
(4077,1,'2016-05-01',1106),
(4078,1,'2016-05-08',1106),
(4079,1,'2016-05-22',1106),

(4080,1,'2016-04-06',1107),
(4081,1,'2016-04-08',1107),
(4082,1,'2016-04-10',1107),
(4083,1,'2016-04-15',1107),
(4084,0,'2016-04-17',1107),
(4085,1,'2016-04-22',1107),
(4086,1,'2016-04-24',1107),
(4087,1,'2016-05-01',1107),
(4088,1,'2016-05-08',1107),
(4089,1,'2016-05-22',1107),

(4090,1,'2016-04-06',1108),
(4091,1,'2016-04-08',1108),
(4092,1,'2016-04-10',1108),
(4093,1,'2016-04-15',1108),
(4094,0,'2016-04-17',1108),
(4095,1,'2016-04-22',1108),
(4096,1,'2016-04-24',1108),
(4097,1,'2016-05-01',1108),
(4098,1,'2016-05-08',1108),
(4099,1,'2016-05-22',1108),

(4100,1,'2016-04-06',1109),
(4101,1,'2016-04-08',1109),
(4102,1,'2016-04-10',1109),
(4103,1,'2016-04-15',1109),
(4104,0,'2016-04-17',1109),
(4105,1,'2016-04-22',1109),
(4106,1,'2016-04-24',1109),
(4107,1,'2016-05-01',1109),
(4108,1,'2016-05-08',1109),
(4109,1,'2016-05-22',1109),

(4110,1,'2016-04-06',1110),
(4111,1,'2016-04-08',1110),
(4112,1,'2016-04-10',1110),
(4113,1,'2016-04-15',1110),
(4114,0,'2016-04-17',1110),
(4115,1,'2016-04-22',1110),
(4116,1,'2016-04-24',1110),
(4117,1,'2016-05-01',1110),
(4118,1,'2016-05-08',1110),
(4119,1,'2016-05-22',1110),

(4120,1,'2016-04-06',1111),
(4121,1,'2016-04-08',1111),
(4122,1,'2016-04-10',1111),
(4123,1,'2016-04-15',1111),
(4124,0,'2016-04-17',1111),
(4125,1,'2016-04-22',1111),
(4126,1,'2016-04-24',1111),
(4127,1,'2016-05-01',1111),
(4128,1,'2016-05-08',1111),
(4129,1,'2016-05-22',1111),

(4130,1,'2016-04-06',1112),
(4131,1,'2016-04-08',1112),
(4132,1,'2016-04-10',1112),
(4133,1,'2016-04-15',1112),
(4134,0,'2016-04-17',1112),
(4135,1,'2016-04-22',1112),
(4136,1,'2016-04-24',1112),
(4137,1,'2016-05-01',1112),
(4138,1,'2016-05-08',1112),
(4139,1,'2016-05-22',1112),

(4140,1,'2016-04-06',1120),
(4141,1,'2016-04-08',1120),
(4142,1,'2016-04-10',1120),
(4143,1,'2016-04-15',1120),
(4144,0,'2016-04-17',1120),
(4145,1,'2016-04-22',1120),
(4146,1,'2016-04-24',1120),
(4147,1,'2016-05-01',1120),
(4148,1,'2016-05-08',1120),
(4149,1,'2016-05-22',1120),

(4150,1,'2016-04-06',1113),
(4151,1,'2016-04-08',1113),
(4152,1,'2016-04-10',1113),
(4153,1,'2016-04-15',1113),
(4154,0,'2016-04-17',1113),
(4155,1,'2016-04-22',1113),
(4156,1,'2016-04-24',1113),
(4157,1,'2016-05-01',1113),
(4158,1,'2016-05-08',1113),
(4159,1,'2016-05-22',1113),

(4160,1,'2016-04-06',1114),
(4161,1,'2016-04-08',1114),
(4162,1,'2016-04-10',1114),
(4163,1,'2016-04-15',1114),
(4164,0,'2016-04-17',1114),
(4165,1,'2016-04-22',1114),
(4166,1,'2016-04-24',1114),
(4167,1,'2016-05-01',1114),
(4168,1,'2016-05-08',1114),
(4169,1,'2016-05-22',1114),

(4170,1,'2016-04-06',1115),
(4171,1,'2016-04-08',1115),
(4172,1,'2016-04-10',1115),
(4173,1,'2016-04-15',1115),
(4174,0,'2016-04-17',1115),
(4175,1,'2016-04-22',1115),
(4176,1,'2016-04-24',1115),
(4177,1,'2016-05-01',1115),
(4178,1,'2016-05-08',1115),
(4179,1,'2016-05-22',1115),

(4180,1,'2016-04-06',1116),
(4181,1,'2016-04-08',1116),
(4182,1,'2016-04-10',1116),
(4183,1,'2016-04-15',1116),
(4184,0,'2016-04-17',1116),
(4185,1,'2016-04-22',1116),
(4186,1,'2016-04-24',1116),
(4187,1,'2016-05-01',1116),
(4188,1,'2016-05-08',1116),
(4189,1,'2016-05-22',1116),

(4190,1,'2016-04-06',1117),
(4191,1,'2016-04-08',1117),
(4192,1,'2016-04-10',1117),
(4193,1,'2016-04-15',1117),
(4194,0,'2016-04-17',1117),
(4195,1,'2016-04-22',1117),
(4196,1,'2016-04-24',1117),
(4197,1,'2016-05-01',1117),
(4198,1,'2016-05-08',1117),
(4199,1,'2016-05-22',1117),

(4200,1,'2016-04-06',1118),
(4201,1,'2016-04-08',1118),
(4202,1,'2016-04-10',1118),
(4203,1,'2016-04-15',1118),
(4204,0,'2016-04-17',1118),
(4205,1,'2016-04-22',1118),
(4206,1,'2016-04-24',1118),
(4207,1,'2016-05-01',1118),
(4208,1,'2016-05-08',1118),
(4209,1,'2016-05-22',1118),

(4210,1,'2016-04-06',1119),
(4211,1,'2016-04-08',1119),
(4212,1,'2016-04-10',1119),
(4213,1,'2016-04-15',1119),
(4214,0,'2016-04-17',1119),
(4215,1,'2016-04-22',1119),
(4216,1,'2016-04-24',1119),
(4217,1,'2016-05-01',1119),
(4218,1,'2016-05-08',1119),
(4219,1,'2016-05-22',1119),

(4220,1,'2016-04-06',1121),
(4221,1,'2016-04-08',1121),
(4222,1,'2016-04-10',1121),
(4223,1,'2016-04-15',1121),
(4224,0,'2016-04-17',1121),
(4225,1,'2016-04-22',1121),
(4226,1,'2016-04-24',1121),
(4227,1,'2016-05-01',1121),
(4228,1,'2016-05-08',1121),
(4229,1,'2016-05-22',1121),

(4230,1,'2016-04-06',1122),
(4231,1,'2016-04-08',1122),
(4232,1,'2016-04-10',1122),
(4233,1,'2016-04-15',1122),
(4234,0,'2016-04-17',1122),
(4235,1,'2016-04-22',1122),
(4236,1,'2016-04-24',1122),
(4237,1,'2016-05-01',1122),
(4238,1,'2016-05-08',1122),
(4239,1,'2016-05-22',1122),

(4240,1,'2016-04-06',1123),
(4241,1,'2016-04-08',1123),
(4242,1,'2016-04-10',1123),
(4243,1,'2016-04-15',1123),
(4244,0,'2016-04-17',1123),
(4245,1,'2016-04-22',1123),
(4246,1,'2016-04-24',1123),
(4247,1,'2016-05-01',1123),
(4248,1,'2016-05-08',1123),
(4249,1,'2016-05-22',1123),

(4250,1,'2016-04-06',1124),
(4251,1,'2016-04-08',1124),
(4252,1,'2016-04-10',1124),
(4253,1,'2016-04-15',1124),
(4254,0,'2016-04-17',1124),
(4255,1,'2016-04-22',1124),
(4256,1,'2016-04-24',1124),
(4257,1,'2016-05-01',1124),
(4258,1,'2016-05-08',1124),
(4259,1,'2016-05-22',1124),

(4260,1,'2016-04-06',1125),
(4261,1,'2016-04-08',1125),
(4262,1,'2016-04-10',1125),
(4263,1,'2016-04-15',1125),
(4264,0,'2016-04-17',1125),
(4265,1,'2016-04-22',1125),
(4266,1,'2016-04-24',1125),
(4267,1,'2016-05-01',1125),
(4268,1,'2016-05-08',1125),
(4269,1,'2016-05-22',1125),

(4270,1,'2016-04-06',1126),
(4271,1,'2016-04-08',1126),
(4272,1,'2016-04-10',1126),
(4273,1,'2016-04-15',1126),
(4274,0,'2016-04-17',1126),
(4275,1,'2016-04-22',1126),
(4276,1,'2016-04-24',1126),
(4277,1,'2016-05-01',1126),
(4278,1,'2016-05-08',1126),
(4279,1,'2016-05-22',1126),

(4280,1,'2016-04-06',1127),
(4281,1,'2016-04-08',1127),
(4282,1,'2016-04-10',1127),
(4283,1,'2016-04-15',1127),
(4284,0,'2016-04-17',1127),
(4285,1,'2016-04-22',1127),
(4286,1,'2016-04-24',1127),
(4287,1,'2016-05-01',1127),
(4288,1,'2016-05-08',1127),
(4289,1,'2016-05-22',1127),

(4290,1,'2016-04-06',1128),
(4291,1,'2016-04-08',1128),
(4292,1,'2016-04-10',1128),
(4293,1,'2016-04-15',1128),
(4294,0,'2016-04-17',1128),
(4295,1,'2016-04-22',1128),
(4296,1,'2016-04-24',1128),
(4297,1,'2016-05-01',1128),
(4298,1,'2016-05-08',1128),
(4299,1,'2016-05-22',1128),

(4300,1,'2016-04-06',1129),
(4301,1,'2016-04-08',1129),
(4302,1,'2016-04-10',1129),
(4303,1,'2016-04-15',1129),
(4304,0,'2016-04-17',1129),
(4305,1,'2016-04-22',1129),
(4306,1,'2016-04-24',1129),
(4307,1,'2016-05-01',1129),
(4308,1,'2016-05-08',1129),
(4309,1,'2016-05-22',1129);


INSERT INTO `attendance` (`id`,`isPresent`,`dayAttended`,`enrollment_id`) VALUES
(9000,1,'2017-04-06',1160),
(9001,1,'2017-04-08',1160),
(9002,1,'2017-04-10',1160),
(9003,1,'2017-04-15',1160),
(9004,0,'2017-04-17',1160),
(9005,1,'2017-04-22',1160),
(9006,1,'2017-04-24',1160),
(9007,1,'2017-05-01',1160),
(9008,1,'2017-05-08',1160),
(9009,1,'2017-05-22',1160),

(9100,1,'2017-04-06',1161),
(9101,1,'2017-04-08',1161),
(9102,1,'2017-04-10',1161),
(9103,1,'2017-04-15',1161),
(9104,0,'2017-04-17',1161),
(9105,1,'2017-04-22',1161),
(9106,1,'2017-04-24',1161),
(9107,1,'2017-05-01',1161),
(9108,1,'2017-05-08',1161),
(9109,1,'2017-05-22',1161),

(4420,1,'2017-04-06',1162),
(4421,1,'2017-04-08',1162),
(4422,1,'2017-04-10',1162),
(4423,1,'2017-04-15',1162),
(4424,0,'2017-04-17',1162),
(4425,1,'2017-04-22',1162),
(4426,1,'2017-04-24',1162),
(4427,1,'2017-05-01',1162),
(4428,1,'2017-05-08',1162),
(4429,1,'2017-05-22',1162),

(4444,1,'2017-04-06',1163),
(4445,1,'2017-04-08',1163),
(4446,1,'2017-04-10',1163),
(4447,1,'2017-04-15',1163),

(4450,1,'2017-04-06',1164),
(4451,1,'2017-04-08',1164),
(4452,1,'2017-04-10',1164),
(4453,1,'2017-04-15',1164),
(4454,0,'2017-04-17',1164),
(4455,1,'2017-04-22',1164),
(4456,1,'2017-04-24',1164),
(4457,1,'2017-05-01',1164),
(4458,1,'2017-05-08',1164),
(4459,1,'2017-05-22',1164),

(4460,1,'2017-04-06',1165),
(4461,1,'2017-04-08',1165),
(4462,1,'2017-04-10',1165),
(4463,1,'2017-04-15',1165),
(4464,0,'2017-04-17',1165),
(4465,1,'2017-04-22',1165),
(4466,1,'2017-04-24',1165),
(4467,1,'2017-05-01',1165),
(4468,1,'2017-05-08',1165),
(4469,1,'2017-05-22',1165),

(4470,1,'2017-04-06',1166),
(4471,1,'2017-04-08',1166),
(4472,1,'2017-04-10',1166),
(4473,1,'2017-04-15',1166),
(4474,0,'2017-04-17',1166),
(4475,1,'2017-04-22',1166),
(4476,1,'2017-04-24',1166),
(4477,1,'2017-05-01',1166),
(4478,1,'2017-05-08',1166),
(4479,1,'2017-05-22',1166),

(4480,1,'2017-04-06',1167),
(4481,1,'2017-04-08',1167),
(4482,1,'2017-04-10',1167),
(4483,1,'2017-04-15',1167),
(4484,0,'2017-04-17',1167),
(4485,1,'2017-04-22',1167),
(4486,1,'2017-04-24',1167),
(4487,1,'2017-05-01',1167),
(4488,1,'2017-05-08',1167),
(4489,1,'2017-05-22',1167),

(4490,1,'2017-04-06',1168),
(4491,1,'2017-04-08',1168),
(4492,1,'2017-04-10',1168),
(4493,1,'2017-04-15',1168),
(4494,0,'2017-04-17',1168),
(4495,1,'2017-04-22',1168),
(4496,1,'2017-04-24',1168),
(4497,1,'2017-05-01',1168),
(4498,1,'2017-05-08',1168),
(4499,1,'2017-05-22',1168),

(4500,1,'2017-04-06',1169),
(4501,1,'2017-04-08',1169),
(4502,1,'2017-04-10',1169),
(4503,1,'2017-04-15',1169),
(4504,0,'2017-04-17',1169),
(4505,1,'2017-04-22',1169),
(4506,1,'2017-04-24',1169),
(4507,1,'2017-05-01',1169),
(4508,1,'2017-05-08',1169),
(4509,1,'2017-05-22',1169),

(4510,1,'2017-04-06',1170),
(4511,1,'2017-04-08',1170),
(4512,1,'2017-04-10',1170),
(4513,1,'2017-04-15',1170),
(4514,0,'2017-04-17',1170),
(4515,1,'2017-04-22',1170),
(4516,1,'2017-04-24',1170),
(4517,1,'2017-05-01',1170),
(4518,1,'2017-05-08',1170),
(4519,1,'2017-05-22',1170),

(4520,1,'2017-04-06',1171),
(4521,1,'2017-04-08',1171),
(4522,1,'2017-04-10',1171),
(4523,1,'2017-04-15',1171),
(4524,0,'2017-04-17',1171),
(4525,1,'2017-04-22',1171),
(4526,1,'2017-04-24',1171),
(4527,1,'2017-05-01',1171),
(4528,1,'2017-05-08',1171),
(4529,1,'2017-05-22',1171),

(4530,1,'2017-04-06',1172),
(4531,1,'2017-04-08',1172),
(4532,1,'2017-04-10',1172),
(4533,1,'2017-04-15',1172),
(4534,0,'2017-04-17',1172),
(4535,1,'2017-04-22',1172),
(4536,1,'2017-04-24',1172),
(4537,1,'2017-05-01',1172),
(4538,1,'2017-05-08',1172),
(4539,1,'2017-05-22',1172),

(4544,1,'2017-04-06',1180),
(4545,1,'2017-04-08',1180),
(4546,1,'2017-04-10',1180),
(4547,1,'2017-04-15',1180),


(4550,1,'2017-04-06',1173),
(4551,1,'2017-04-08',1173),
(4552,1,'2017-04-10',1173),
(4553,1,'2017-04-15',1173),
(4554,0,'2017-04-17',1173),
(4555,1,'2017-04-22',1173),
(4556,1,'2017-04-24',1173),
(4557,1,'2017-05-01',1173),
(4558,1,'2017-05-08',1173),
(4559,1,'2017-05-22',1173),

(4560,1,'2017-04-06',1174),
(4561,1,'2017-04-08',1174),
(4562,1,'2017-04-10',1174),
(4563,1,'2017-04-15',1174),
(4564,0,'2017-04-17',1174),
(4565,1,'2017-04-22',1174),
(4566,1,'2017-04-24',1174),
(4567,1,'2017-05-01',1174),
(4568,1,'2017-05-08',1174),
(4569,1,'2017-05-22',1174),

(4570,1,'2017-04-06',1175),
(4571,1,'2017-04-08',1175),
(4572,1,'2017-04-10',1175),
(4573,1,'2017-04-15',1175),
(4574,0,'2017-04-17',1175),
(4575,1,'2017-04-22',1175),
(4576,1,'2017-04-24',1175),
(4577,1,'2017-05-01',1175),
(4578,1,'2017-05-08',1175),
(4579,1,'2017-05-22',1175),

(4580,1,'2017-04-06',1176),
(4581,1,'2017-04-08',1176),
(4582,1,'2017-04-10',1176),
(4583,1,'2017-04-15',1176),
(4584,0,'2017-04-17',1176),
(4585,1,'2017-04-22',1176),
(4586,1,'2017-04-24',1176),
(4587,1,'2017-05-01',1176),
(4588,1,'2017-05-08',1176),
(4589,1,'2017-05-22',1176),

(4590,1,'2017-04-06',1177),
(4591,1,'2017-04-08',1177),
(4592,1,'2017-04-10',1177),
(4593,1,'2017-04-15',1177),
(4594,0,'2017-04-17',1177),
(4595,1,'2017-04-22',1177),
(4596,1,'2017-04-24',1177),
(4597,1,'2017-05-01',1177),
(4598,1,'2017-05-08',1177),
(4599,1,'2017-05-22',1177),

(4600,1,'2017-04-06',1178),
(4601,1,'2017-04-08',1178),
(4602,1,'2017-04-10',1178),
(4603,1,'2017-04-15',1178),
(4604,0,'2017-04-17',1178),
(4605,1,'2017-04-22',1178),
(4606,1,'2017-04-24',1178),
(4607,1,'2017-05-01',1178),
(4608,1,'2017-05-08',1178),
(4609,1,'2017-05-22',1178),

(4610,1,'2017-04-06',1179),
(4611,1,'2017-04-08',1179),
(4612,1,'2017-04-10',1179),
(4613,1,'2017-04-15',1179),
(4614,0,'2017-04-17',1179),
(4615,1,'2017-04-22',1179),
(4616,1,'2017-04-24',1179),
(4617,1,'2017-05-01',1179),
(4618,1,'2017-05-08',1179),
(4619,1,'2017-05-22',1179),

(4620,1,'2017-04-06',1181),
(4621,1,'2017-04-08',1181),
(4622,1,'2017-04-10',1181),
(4623,1,'2017-04-15',1181),
(4624,0,'2017-04-17',1181),
(4625,1,'2017-04-22',1181),
(4626,1,'2017-04-24',1181),
(4627,1,'2017-05-01',1181),
(4628,1,'2017-05-08',1181),
(4629,1,'2017-05-22',1181),

(4630,1,'2017-04-06',1182),
(4631,1,'2017-04-08',1182),
(4632,1,'2017-04-10',1182),
(4633,1,'2017-04-15',1182),
(4634,0,'2017-04-17',1182),
(4635,1,'2017-04-22',1182),
(4636,1,'2017-04-24',1182),
(4637,1,'2017-05-01',1182),
(4638,1,'2017-05-08',1182),
(4639,1,'2017-05-22',1182),

(4644,1,'2017-04-06',1183),
(4645,1,'2017-04-08',1183),
(4646,1,'2017-04-10',1183),
(4647,1,'2017-04-15',1183),

(4650,1,'2017-04-06',1184),
(4651,1,'2017-04-08',1184),
(4652,1,'2017-04-10',1184),
(4653,1,'2017-04-15',1184),
(4654,0,'2017-04-17',1184),
(4655,1,'2017-04-22',1184),
(4656,1,'2017-04-24',1184),
(4657,1,'2017-05-01',1184),
(4658,1,'2017-05-08',1184),
(4659,1,'2017-05-22',1184),

(4660,1,'2017-04-06',1185),
(4661,1,'2017-04-08',1185),
(4662,1,'2017-04-10',1185),
(4663,1,'2017-04-15',1185),
(4664,0,'2017-04-17',1185),
(4665,1,'2017-04-22',1185),
(4666,1,'2017-04-24',1185),
(4667,1,'2017-05-01',1185),
(4668,1,'2017-05-08',1185),
(4669,1,'2017-05-22',1185),

(4670,1,'2017-04-06',1186),
(4671,1,'2017-04-08',1186),
(4672,1,'2017-04-10',1186),
(4673,1,'2017-04-15',1186),
(4674,0,'2017-04-17',1186),
(4675,1,'2017-04-22',1186),
(4676,1,'2017-04-24',1186),
(4677,1,'2017-05-01',1186),
(4678,1,'2017-05-08',1186),
(4679,1,'2017-05-22',1186),

(4680,1,'2017-04-06',1187),
(4681,1,'2017-04-08',1187),
(4682,1,'2017-04-10',1187),
(4683,1,'2017-04-15',1187),
(4684,0,'2017-04-17',1187),
(4685,1,'2017-04-22',1187),
(4686,1,'2017-04-24',1187),
(4687,1,'2017-05-01',1187),
(4688,1,'2017-05-08',1187),
(4689,1,'2017-05-22',1187),

(4690,1,'2017-04-06',1188),
(4691,1,'2017-04-08',1188),
(4692,1,'2017-04-10',1188),
(4693,1,'2017-04-15',1188),
(4694,0,'2017-04-17',1188),
(4695,1,'2017-04-22',1188),
(4696,1,'2017-04-24',1188),
(4697,1,'2017-05-01',1188),
(4698,1,'2017-05-08',1188),
(4699,1,'2017-05-22',1188),

(4700,1,'2017-04-06',1189),
(4701,1,'2017-04-08',1189),
(4702,1,'2017-04-10',1189),
(4703,1,'2017-04-15',1189),
(4704,0,'2017-04-17',1189),
(4705,1,'2017-04-22',1189),
(4706,1,'2017-04-24',1189),
(4707,1,'2017-05-01',1189),
(4708,1,'2017-05-08',1189),
(4709,1,'2017-05-22',1189);
