-- Faculty in the 10000
-- Admins in the 20000
-- Researchers in the 30000
-- Students in the 40000

-- Faculty
INSERT INTO `user`
(`id`, `password`, `type`, `email`, `firstName`, `lastName`, `address`, `city`, `state`, `country`, `zipCode`, `phoneNumber`, `isLockout`, `second_email`) VALUES
(10001, 'pbkdf2_sha256$150000$LZzTo2xc3Zwd$qM/uFkJ1qCJypiGFOR/3EDsJ1ZummPfZDbPrpGKurE8=', 'F', 'cancinog', 'Gerard', 'Cancino', '100 Main St', 'Lynbrrok', 'NY', 'USA', '11563', '5167900666', 0, 'randomemail1@gmail.com'),
(10002, 'pbkdf2_sha256$150000$LZzTo2xc3Zwd$qM/uFkJ1qCJypiGFOR/3EDsJ1ZummPfZDbPrpGKurE8=','F','caih','Haojun','Cai','223 store hill rd','old westbury','NY','USA','11568','9293008380', 0, 'randomemail2@gmail.com'),
(10003,'2324','F','chungs','Sikho','Chung','101 Main St','Lynbrrok','NY','USA','11563','5167900666', 0, 'randomemail3@gmail.com'),
(10004,'2425','F','harrisond','David','Harrison','546 Hill St','Garden City','NY','USA','11560','5164545555', 0, 'randomemail4@gmail.com'),
(10005,'2526','F','algare','Edward','Algar','7th Ave','New York','NY','USA','11020','2475684747', 0, 'randomemail5@gmail.com'),
(10006,'2627','F','lewisg','George','Lewis','87 Fair View','Horton','NY','USA','11400','7188774545', 0, 'randomemail6@gmail.com'),
(10007,'2728','F','jhonsonk','Carly','Johonsn','4500 Mill Rd','Saw Mill','NY','USA','11760','9144506565', 0, 'randomemail7@gmail.com'),
(10008,'2829','F','williamsf','Frank','Williams','30 George Rd','Portchester','NY','USA','11789','9195857777', 0, 'randomemail8@gmail.com'),
(10009,'3031','F','samsd','David','Sams','67 Valentine Lane','Freeport','NY','USA','11545','5164141111', 0, 'randomemail9@gmail.com'),
(10010,'4501','F','chewy','Yonny','Chew','34 Park Ave','Union','NJ','USA','20560','7064569999', 0, 'randomemail10@gmail.com'),
(10011,'4502','F','chend','Denna','Chen','59 Moonside St','Valley Stream','NY','USA','11580','5166338080', 0, 'randomemail11@gmail.com'),
(10012,'4503','F','parkm','Marie','Park','258 Golf Rd','New Rochelle','NY','USA','10530','9145257778', 0, 'randomemail12@gmail.com'),
(10013,'4504','F','dantet','Thomas','Dante','699 Hill Ave','Toronto','CA','Canada','0015','156-555-0000', 0, 'randomemail13@gmail.com'),
(10014,'1111','F','sheltond','Dawn','Shelton','529 Newton Street','St Cloud','MN','USA','11178','3202911613', 0, 'randomemail14@gmail.com'),
(10015,'1234','F','jamsayj','james','ramsay','123 Adddress Str','25 City', 'NY', 'USA', '11115', '1234567890',0,'randomemail15@gmail.com'),
(10016,'1234','F','snowj','johan','snow','1 Winterfell Str','5 Westeros', 'NY', 'USA', '11112', '1234567890',0,'randomemail15@gmail.com');

-- Admin
INSERT INTO `user`
(`id`, `password`, `type`, `email`, `firstName`, `lastName`, `address`, `city`, `state`, `country`, `zipCode`, `phoneNumber`, `isLockout`, `second_email`) VALUES
(20001, 'pbkdf2_sha256$150000$LZzTo2xc3Zwd$qM/uFkJ1qCJypiGFOR/3EDsJ1ZummPfZDbPrpGKurE8=', 'A', 'dabrowd', 'Daniel', 'Dabrowski', '50 Hill Ave', 'Forest Hill', 'NY', 'USA', '11568', '7184502569', 0,'randomemail15@gmail.com'),
(20002,'9102','A','moorem','Mark','Moore','50 Hill Ave','Forest Hill','NY','USA','11568','7184502570', 0, 'randomemail16@gmail.com'),
(20003,'2021','A','markj','Jannet','Mark','1000 Horton Ave','Manhattan','NY','USA','11100','2125468900', 0, 'randomemail17@gmail.com'),
(20004,'3120','A','davism','Maria','Davis','788 Dixie Rd','Farmingdale','NY','USA','11590','516-363-6666', 0, 'randomemail18@gmail.com');

-- Researcher
INSERT INTO `user`
(`id`, `password`, `type`, `email`, `firstName`, `lastName`, `address`, `city`, `state`, `country`, `zipCode`, `phoneNumber`, `isLockout`, `second_email`) VALUES
(30001, 'pbkdf2_sha256$150000$LZzTo2xc3Zwd$qM/uFkJ1qCJypiGFOR/3EDsJ1ZummPfZDbPrpGKurE8=', 'R', 'shawp', 'Paul', 'Shaw', '45 Mill Rd', 'Valley', 'NY', 'USA', '11570', '5164506000', 0, 'randomemail19@gmail.com'),
(30002, '4010','R','thomase','Eddie','Thomas','112 Carl Ave','Lynbrook','NY','USA','11563','5167122020', 0, 'randomemail20@gmail.com');

-- Student
INSERT INTO `user`
(`id`, `password`, `type`, `email`, `firstName`, `lastName`, `address`, `city`, `state`, `country`, `zipCode`, `phoneNumber`, `isLockout`, `second_email`) VALUES
(40001, 'pbkdf2_sha256$150000$LZzTo2xc3Zwd$qM/uFkJ1qCJypiGFOR/3EDsJ1ZummPfZDbPrpGKurE8=', 'S', 'toothG', 'George', 'Tooth', '223 Grand Ave', 'Garden City', 'NY', 'USA', '11530', '5165601525', 0, 'gerard.cancino@gmail.com'), -- Chemical Engineering Freshmen // Minor Math
(40002, '1415', 'S','millH','Harry','Mill','78 Bail Rd','White Plains','NY','USA','11710','9146321550', 0, 'randomemail22@gmail.com'), 
(40003, '1516', 'S','LynerC','Carl','Lyner','890 Wake Rd', 'Garden City', 'NY', 'USA', '11530', '5169698500', 0, 'randomemail23@gmail.com'),
(40004,'2223','S','GuzmanG', 'Garry', 'Guzman', '45 Lewis Rd', 'Riverdale', 'NY', 'USA', '11710', '9144507777', 0, 'randomemail24@gmail.com'),
(40005,'1920','S','KurstJ', 'John', 'Kurst', '8500 Jill Rd', 'Hicksville', 'NY', 'USA', '11598', '5168799999', 0, 'randomemail25@gmail.com'),
(40006,'1718','S','AlvaR', 'Ron', 'Alva', '1212 North Ave', 'Baldwin', 'NY', 'USA', '11570', '5169600000', 0, 'randomemail26@gmail.com'),
(40007,'7878','S','LewisP', 'Patrice', 'Lewis', '54 Locust Hill', 'Yonkers', 'NY', 'USA', '10710', '9144845554', 0, 'randomemail27@gmail.com'),
(40008,'4747','S','MoonL', 'Larry', 'Moon', '4788 Liberty Ave', 'Seattle', 'WA', 'USA', '98101', '4258585566', 0, 'randomemail28@gmail.com'),
(40009,'3654','S','MilanO', 'Opina', 'Milan', '458 Bismark Ct', 'Ocean ', 'CA', 'USA', '93304', '6618511525', 0, 'randomemail29@gmail.com'),
(40010,'3971','S','JuneK', 'Kelly', 'June', '5468 Rock Pl', 'Yonkers', 'NY', 'USA', '10706', '91456560000', 0, 'randomemail30@gmail.com'),  -- ^ Minor Math ^
(40011,'5586','S','KapiloskiU', 'Ubert', 'Kapilski', '300 Moon Lane', 'Brooklyn', 'NY', 'USA', '11209', '2129998787', 0, 'randomemail31@gmail.com'),
(40012,'7784','S','LordC', 'Connie', 'Lord', '227 Place Terrace', 'Queens', 'NY', 'USA', '11405', '7188523636', 0, 'randomemail32@gmail.com'), 
(40013,'7870','S','PewisP', 'Patrice', 'Pewis', '54 Locust Hill', 'Yonkers', 'NY', 'USA', '10710', '9144845554', 0, 'randomemail33@gmail.com'),
(40014,'7411','S','HomerF', 'Fatima', 'Homer', '65 Little Neck Rd', 'White Stone', 'NY', 'USA', '11406', '2122333636', 0, 'randomemail34@gmail.com'),
(40015,'2512','S','HoltzH', 'Hazel', 'Holtz', '45688 Hillside', 'Long Beach', 'CA', 'USA', '27012', '9085839696', 0, 'randomemail35@gmail.com'),
(40016,'1136','S','GordonH', 'Harriett', 'Gordon', '45 Pine St', 'Valley Stream', 'NY', 'USA', '11881', '5169898989', 0, 'randomemail36@gmail.com'), 
(40017,'2364','S','BursonF', 'Fanny', 'Burson', '1075 Court Lane', 'Connecticut', 'NY', 'USA', '06002', '2037898888', 0, 'randomemail37@gmail.com'),
(40018,'9713','S','VasquezL', 'Letty', 'Vasquez', '14 Caryl Rd', 'FishKill', 'NY', 'USA', '12524', '8459708711', 0, 'randomemail38@gmail.com'),
(40019,'3698','S','MayorI', 'Irma', 'Mayor', '14 Capital Lane', 'Wishkill', 'WI', 'USA', '00081', '7060555600', 0, 'randomemail139@gmail.com'),
(40020,'9636','S','CastroJ', 'Jeannie', 'Castro', '568 Pine Lane', 'Hartford', 'NY', 'USA', '06004', '2031414578', 0, 'randomemail40@gmail.com'),
(40101,'9640','S','brownJ','Joe', 'Brown', '223 Grand Ave', 'Garden City', 'NY', 'USA', '11530', '5165601525', 0, 'randomemail41@gmail.com'), -- Chemical Engineering Juniors
(40102,'1112','S','PolaskiD', 'Nancy', 'Polaski', '5221 Newton Street', 'Farmingdale', 'NY', 'USA', '11472', '3491223132', 0, 'randomemail42@gmail.com'),
(40103,'5678','S','ChungM', 'Mari', 'Chung', '101 Main St', 'Lynbrrok', 'NY', 'USA', '11563', '5167907070',  0, 'randomemail43@gmail.com'),
(40104,'1113','S','ChevyD', 'Dan', 'Chevy', '530 Newton Street', 'St Cloud', 'MN', 'USA', '11148', '3202912312',0, 'randomemail44@gmail.com'),
(40105,'1114','S','HammerD', 'Dave', 'Hammer', '554 Hill St', 'Garden City', 'NY', 'USA', '11560', '5164545123', 0, 'randomemai145@gmail.com'),
(40106,'1115','S','Patp', 'Patrick', 'Pat', '11th Ave', 'New York', 'NY', 'USA', '11022', '2475684723', 0, 'randomemail46@gmail.com'),
(40107,'1116','S','LewisC', 'Corriene', 'Lewis', '87 Fair Mountain', 'Horton', 'NY', 'USA', '11212', '7188772431', 0, 'randomemail47@gmail.com'),
(40108,'1117','S','Admask', 'Kiara', 'Admas', '4512 Mill Rd', 'Saw Mill', 'NY', 'USA', '11723', '9144506323', 0, 'randomemail48@gmail.com'),
(40109,'1118','S','RoseF', 'Frank', 'Rose', '323 George Rd', 'Portchester', 'NY', 'USA', '11742', '9195857764',0, 'randomemail49@gmail.com'),
(40110,'1119','S','SamsA', 'Adam', 'Sams', '600 Valentine Lane', 'Freeport', 'NY', 'USA', '11545', '5164141211', 0, 'randomemail50@gmail.com'),
(40111,'1211','S','CollinsE', 'Edwin', 'Collins', '134 Cherry Road', 'New Rochelle', 'NY', 'USA', '10802', '9146574432', 0, 'randomemail51@gmail.com'),
(40112,'1212','S','PetrovskyC', 'Conrad', 'Petrovsky', '65 Harvest Lane', 'Yonkers', 'NY', 'USA', '10704', '9145646677', 0, 'randomemail52@gmail.com'),
(40113,'1213','S','WestE', 'Emily', 'West', '44 Green Street', 'Garden City', 'NY', 'USA', '11530', '5162430910', 0, 'randomemail53@gmail.com'),
(40114,'1214','S','LeviB', 'Beatrice', 'Levi', '11 Shell Avenue', 'Port Jefferson', 'NY', 'USA', '11777', '6312231974', 0, 'randomemail54@gmail.com'),
(40115,'1215','S','HansonS', 'Sue', 'Hanson', '642 Rose Lane', 'Hempstead', 'NY', 'USA', '11530', '5169881012', 0, 'randomemail55@gmail.com'),
(40116,'1216','S','DowlingS', 'Sandy', 'Dowling', '64 Washington Boulevard', 'Mineola', 'NY', 'USA', '11501', '5167554315', 0, 'randomemail56@gmail.com'),
(40117,'1217','S','DavisC', 'Cristopher', 'Davis', '2394 Frum Street', 'Dickson', 'TN', 'USA', '37055', '6153266921', 0, 'randomemail57@gmail.com'),
(40118,'1218','S','DesrosiersR', 'Rebecca', 'Desrosiers', '3517 Centennial Farm Road', 'Wall Lake', 'IA', 'USA', '51466', '7126640082', 0, 'randomemail58@gmail.com'),
(40119,'1219','S','DicksonJ', 'Jeff', 'Dickson', '1410 Zappia Drive', 'Lexington', 'KY', 'USA', '40507', '8593681491', 0, 'randomemail59@gmail.com'),
(40120,'1220','S','TregreL', 'Linh', 'Tregre', '2518 Cedarstone Drive', 'Defiance', 'OH', 'USA', '43512', '4194984411',0, 'randomemail60@gmail.com'),
(40201,'pbkdf2_sha256$150000$LZzTo2xc3Zwd$qM/uFkJ1qCJypiGFOR/3EDsJ1ZummPfZDbPrpGKurE8=','S','GertzG', 'George', 'Gertz', '1092 Pooh Bear Lane', 'Greenville', 'SC', 'USA', '29607', '8647064684', 0, 'randomemail61@gmail.com'), -- Computer Engineering Freshmen
(40202,'1120','S','ChuckR', 'Rose', 'Chuck', '232 Hammer St', 'Hicksville', 'NY', 'USA', '11801', '5168291212', 0, 'randomemail62@gmail.com'),
(40203,'1121','S','mathewK', 'Kill', 'mathew', '334 Park Ave', 'Union', 'PA', 'USA', '20560', '7065669923', 0, 'randomemail63@gmail.com'),
(40204,'1122','S','CriagD', 'Denna', 'Criag', '549 Moonside St', 'Valley Stream', 'NY', 'USA', '11580', '5166238080', 0, 'randomemail64@gmail.com'),
(40205,'1123','S','ParkJ', 'John', 'Park', '2128 Golf Rd', 'New Rochelle', 'NY', 'USA', '10530', '9145251092', 0, 'randomemail65@gmail.com'),
(40206,'1124','S','DanteR', 'Rilley', 'Dante', '691 Hill Ave', 'Toronto', 'CA', 'Canada', '0015', '5165554212', 0, 'randomemail66@gmail.com'),
(40207,'1222','S','HillsC', 'Caleb', 'Hills', '2610 Angie Drive', 'Huntington Beach', 'CA', 'USA', '92648', '7149608153', 0, 'randomemail67@gmail.com'),
(40208,'1223','S','McGeeB', 'Betty', 'McGee', '1513 Bates Brothers Road', 'Columbus', 'OH', 'USA', '43204', '6143084533', 0, 'randomemail68@gmail.com'),
(40209,'1224','S','CardenasK', 'Kecia', 'Cardenas', '484 Huntz Lane', 'Acton', 'MA', 'USA', '01720', '9786061225', 0, 'randomemail69@gmail.com'),
(40210,'1225','S','BermudezG', 'George', 'Bermudez', '2224 Marietta Street', 'Oakland', 'CA', 'USA', '94612', '7075977671', 0, 'randomemail70@gmail.com'),
(40211,'1226','S','FarrellD', 'Don', 'Farrell', '2884 Lakewood Drive', 'Fair Lawn', 'NJ', 'USA', '07410', '2017964116', 0, 'randomemail71@gmail.com'),
(40212,'1227','S','BurtonM', 'Maria', 'Burton', '707 Anmoore Road', 'Staten Island', 'NY', 'USA', '10314', '7187616915',0, 'randomemail72@gmail.com'),
(40213,'1228','S','HoltonD', 'Donald', 'Holton', '2291 Martha Ellen Drive', 'Elko', 'NV', 'USA', '89801', '7757388174', 0, 'randomemail73@gmail.com'),
(40214,'1229','S','WardS', 'Sasha', 'Ward', '690 Golf Course Drive', 'Manassas', 'VA', 'USA', '22110', '7033358491', 0, 'randomemail74@gmail.com'),
(40215,'1230','S','ShintaniK', 'Kisa', 'Shintani', '42 Goosetown Drive', 'Taylorsville', 'NC', 'USA', '28681', '8286355900', 0, 'randomemail75@gmail.com'),
(40216,'1231','S','HamadaS', 'Sahara', 'Hamada', '806 Stratford Park', 'Terre Haute', 'IN', 'USA', '47805', '8128724626', 0, 'randomemail76@gmail.com'),
(40217,'1232','S','TaketouI', 'Isae', 'Taketou', '2125 Lake Road', 'Egg Harbor', 'NJ', 'USA', '08232', '6094120025', 0, 'randomemail77@gmail.com'),
(40218,'1233','S','MotsuzukiR', 'Ryou', 'Motsuzuki', '679 Jadewood Drive', 'South Bend', 'IN', 'USA', '46601', '2199734248', 0, 'randomemail78@gmail.com'),
(40219,'1234','S','MunguiaO', 'Ozias', 'Munguia', '720 Hawks Nest Lane', 'Saint Louis', 'MO', 'USA', '63101', '3146788245', 0, 'randomemail79@gmail.com'),
(40220,'1235','S','GranadosS', 'Sibila', 'Granados', '2899 Apple Lane', 'San Jose', 'IL', 'USA', '62682', '3092477424', 0, 'randomemail80@gmail.com'),
(40301,'1236','S','HallG', 'Sibila', 'Granados', '184 Heatherleigh', 'Cooksville', 'ON', 'Canada', 'L5A 1V9', '9058975797', 0, 'randomemail81@gmail.com'), -- Computer Engineering Juniors
(40302,'1130','S','MollyD', 'Dolly', 'Molly', '549 Moonside St', 'Valley Stream', 'NY', 'USA', '11580', '5166238080', 0, 'randomemail82@gmail.com'),
(40303,'1131','S','MollyE', 'Ellen', 'Molly', '5442 Moonside St', 'Valley Stream', 'NY', 'USA', '11580', '5166238080', 0, 'randomemail83@gmail.com'),
(40304,'1140','S','HarrisonP', 'Patrick', 'Harrison', '542 Hill St', 'Garden City', 'NY', 'USA', '11560', '5164545211', 0, 'randomemail84@gmail.com'),
(40305,'1141','S','TylerW', 'Walter', 'Tyler', '51th Ave', 'New York', 'NY', 'USA', '11020', '2475684723', 0, 'randomemail85@gmail.com'),
(40306,'1142','S','BourneJ', 'Jason', 'Bourne', '2123 Golf Rd', 'New Rochelle', 'NY', 'USA', '10530', '9145251231', 0, 'randomemail86@gmail.com'),
(40307,'1237','S','EberhardtJ', 'Juliane', 'Eberhardt', '388 Custer Street', 'Chicago', 'IL', 'USA', '60607', '8152155274', 0, 'randomemail87@gmail.com'),
(40308,'1238','S','SalibT', 'Tareef', 'Salib', '4397 Pin Oak Drive', 'Pomona', 'CA', 'USA', '91766', '5629993704', 0, 'randomemail88@gmail.com'),
(40309,'1239','S','TumaA', 'Ajib', 'Tuma', '3462 Huntz Lane', 'Cambridge', 'MA', 'USA', '02141', '9786073839', 0, 'randomemail89@gmail.com'),
(40310,'1240','S','BisharaW', 'Waliy', 'Bishara', '104 Poplar Street', 'Burr Ridge', 'IL', 'USA', '61257', '7087277744',0, 'randomemail90@gmail.com'),
(40311,'1241','S','MarounA', 'Ataa', 'Maroun', '1511 Hoffman Avenue', 'New York', 'NY', 'USA', '10003', '9179614688', 0, 'randomemail91@gmail.com'),
(40312,'1242','S','StankovicT', 'Teo', 'Stankovic', '1481 Baker Avenue', 'Dallas', 'TX', 'USA', '75244', '8178937793', 0, 'randomemail92@gmail.com'),
(40313,'1243','S','JepsenR', 'Rikke', 'Jepsen', '1093 Snowbird Lane', 'Hooper', 'NE', 'USA', '68031', '4026545363', 0, 'randomemail93@gmail.com'),
(40314,'1244','S','JoudaS', 'Sai', 'Jouda', '4918 Oakmound Drive', 'Chicago', 'IL', 'USA', '60605', '7733517885', 0, 'randomemail94@gmail.com'),
(40315,'1245','S','EndoO', 'Otohiko', 'Endo', '1613 Deans Lane', 'Fairview Park', 'NY', 'USA', '10603', '9147892888', 0, 'randomemail95@gmail.com'),
(40316,'1246','S','SandovalG', 'George', 'Sandoval', '4889 Glen Street', 'Brandenburg', 'KY', 'USA', '40108', '2704227409', 0, 'randomemail96@gmail.com'),
(40317,'1247','S','CooleyA', 'Alfred', 'Cooley', '4884 John Avenue', 'East Lansing', 'MI', 'USA', '48823', '5179250756', 0, 'randomemail97@gmail.com'), 
(40318,'1248','S','LockhartJ', 'James', 'Lockhart', '3603 Warner Street', 'Miami', 'FL', 'USA', '33169', '3059926675', 0, 'randomemail98@gmail.com'),
(40319,'1249','S','RiddleB', 'Betty', 'Riddle', '607 August Lane', 'Shreveport', 'LA', 'USA', '71101', '318-461-3457', 0, 'randomemail99@gmail.com'),
(40320,'1250','S','ChenN','Nick','Chen','222 store hill rd','old westbury','NY','USA','11568','9293008381', 0, 'randomemail100gmail.com'),
(40401,'1150','S','BrownJe', 'Jennifer', 'Brown', '4520 Mill Rd', 'Saw Mill', 'NY', 'USA', '11760', '9144506551', 0, 'randomemail101@gmail.com'), -- Electrical Grad Fresh
(40402,'1151','S','WilliamsM', 'Mary', 'Williams', '310 George Rd', 'Portchester', 'NY', 'USA', '11789', '9195857621', 0, 'randomemail102@gmail.com'),
(40403,'1152','S','JonesM', 'Mary', 'Jones', '102 Main St', 'Lynbrrok', 'NY', 'USA', '11563', '5167900623', 0, 'randomemail103@gmail.com'),
(40404,'1153','S','BrownD', 'Dave', 'Brown', '5421 Hill St', 'Garden City', 'NY', 'USA', '11560', '5164545521', 0, 'randomemail104@gmail.com'),
(40405,'1154','S','MiaN', 'Nazim', 'Mia', '100th Ave', 'New York', 'NY', 'USA', '11020', '2475682222', 0, 'randomemail105@gmail.com'),
(40406,'1155','S','VasquezC', 'Connie', 'Vasquez', '812 Fair View', 'Horton', 'NY', 'USA', '11400', '7188774121', 0, 'randomemail106@gmail.com'),
(40407,'1251','S', 'NashS', 'Sergio', 'Nash', '433 Golden Street', 'Miami', 'FL', 'USA', '33143', '3056616606', 0, 'randomemail107@gmail.com'),
(40408,'1252','S','ThompsonM', 'Mary', 'Thompson', '4589 Windy Ridge Road', 'Fort Wayne', 'IN', 'USA', '46805', '2604719988', 0, 'randomemail108@gmail.com'),
(40409,'1253','S','FlemingK', 'Kathryn', 'Fleming', '4478 Myra Street', 'Providence', 'RI', 'USA', '02906', '4015599812', 0, 'randomemail09@gmail.com'),
(40410,'1254','S','CatheyC', 'Constance', 'Cathey', '190 Hiddenview Drive', 'Portland', 'PA', 'USA', '97205', '2159261768', 0, 'randomemail110@gmail.com'),
(40411,'1160','S','ChaseL', 'Lorane', 'Chase', '4500 Mill Rd', 'Saw Mill', 'FL', 'USA', '11760', '9144506511', 0, 'randomemail111@gmail.com'), -- Electrical Grad Junior
(40412,'1161','S','QueensT', 'Telly', 'Queens', '321 George Rd', 'Portchester', 'NY', 'USA', '11789', '9195857212', 0, 'randomemail112@gmail.com'),
(40413,'1162','S','JamesP', 'Polly', 'James', '67 Valentine Lane', 'Freeport', 'NY', 'USA', '11545', '5164141112', 0, 'randomemail113@gmail.com'),
(40414,'1163','S','MarciaA', 'Anthony', 'Marcia', '34 Valentine Lane', 'Freeport', 'NY', 'USA', '11545', '5164569912', 0, 'randomemail114@gmail.com'),
(40415,'1164','S','ChenH', 'Hat', 'Chen', '59 Moonside St', 'Valley Stream', 'NY', 'USA', '11580', '5166338021', 0, 'randomemail115@gmail.com'),
(40416,'1165','S','RobertsJ', 'Jane', 'Roberts', '258 Golf Rd', 'New Rochelle', 'NY', 'USA', '10530', '9145257121', 0, 'randomemail116@gmail.com'),
(40417,'1255','S','choik','Ken','Choi','221 hill rd','old westbury','NY','USA','11568','9293008388', 0, 'randomemail117@gmail.com'), 
(40418,'1256','S','choin','Nick','Choi','225 hill rd','old westbury','NY','USA','11568','5165556666', 0, 'randomemail118@gmail.com'),
(40419,'1257','S','zhens','steve','zhen','220 store rd','old westbury','NY','USA','11568','5166203320', 0, 'randomemail119@gmail.com'),
(40420,'1258','S','tangj','jenny','tang','110 store rd','old westbury','NY','USA','11568','9298883868', 0, 'randomemail120@gmail.com');

INSERT INTO `building` (`code`, `name`) VALUES
('CC', 'Campus Center'), 
('ET', 'Engineering Tower');

-- 1 to 4 are faculty for ESTT 
-- 5 to 10 are specials // Office, Lab or Theatre
-- 11 to 30 are classrooms
INSERT INTO `room` (`id`, `building_id`, `number`, `type`, `capacity`) VALUES
('CC1','CC',101,'F',6), -- Humantities Faculty
('CC2','CC',102,'O',20), -- Faculty
('CC3','CC',103,'O',20), -- Faculty
('CC4','CC',104,'O',20), -- Faculty
('CC5','CC',105,'O',20), -- Finance
('CC6','CC',106,'O',20), -- Security
('CC7','CC',107,'O',20), -- Administration
('CC8','CC',108,'O',20), -- Tech Support
('CC9','CC',109,'O',20), -- Student Help Desk
('CC10','CC',110,'O',20), -- Registrar
('CC11','CC',201,'C',30), -- Classrooms
('CC12','CC',202,'C',30),
('CC13','CC',203,'C',30),
('CC14','CC',204,'C',30),
('CC15','CC',205,'T',30), -- Theatre Hall
('ET1','ET',101,'F',6), -- Chemical E
('ET2','ET',102,'F',6), -- Electrical E
('ET3','ET',103,'F',6), -- Physics
('ET4','ET',104,'F',6), -- Mathematics
('ET5','ET',105,'L',20), -- Labs
('ET6','ET',106,'L',20), 
('ET7','ET',107,'L',20), 
('ET8','ET',108,'L',20), 
('ET9','ET',109,'L',20), 
('ET10','ET',110,'L',20), 
('ET11','ET',201,'L',20),
('ET12','ET',202,'L',20),
('ET13','ET',203,'L',20),
('ET14','ET',204,'L',20),
('ET15','ET',205,'L',20), 
('ET16','ET',206,'C',30), -- Classrooms 
('ET17','ET',207,'C',30),
('ET18','ET',208,'C',30),
('ET19','ET',209,'C',30),
('ET20','ET',210,'C',30),
('ET21','ET',301,'C',30),
('ET22','ET',302,'C',30),
('ET23','ET',303,'C',30),
('ET24','ET',304,'C',30),
('ET25','ET',305,'C',30),
('ET26','ET',306,'C',30),
('ET27','ET',307,'C',30),
('ET28','ET',308,'C',30),
('ET29','ET',309,'C',30),
('ET30','ET',310,'C',30),
('ET31','ET',401,'C',30),
('ET32','ET',402,'C',30),
('ET33','ET',403,'C',30),
('ET34','ET',404,'C',30),
('ET35','ET',405,'C',30),
('ET36','ET',406,'C',30),
('ET37','ET',407,'C',30),
('ET38','ET',408,'C',30),
('ET39','ET',409,'C',30),
('ET40','ET',410,'C',30);

-- 5 departments
-- 2 Undergrad Major
  -- Electrical Engineering 
  -- Chemical Engineering
-- 1 Grad Major
  -- Electrical Engineering
-- 1 Minors
  -- Mathematics 
  
INSERT INTO `department` (`code`, `name`) VALUES
('CE','Chemical Engineering'), -- 5 Prof
('EE', 'Electrical Engineering'),  -- 5 Prof
('MA', 'Mathematics'), -- 2 Prof
('PH', 'Physics'), -- 2 Prof
('HU', 'Humantities'), -- 2 Prof 
('GE', 'General Electives'); -- 2 Prof 

-- ET
INSERT INTO `faculty` (`user_id`, `isFullTime`, `department_id`, `room_id`) VALUES
(10001, 1, 'CE', 'ET1'), -- Chemical E
(10002, 1, 'CE', 'ET1'),
(10003, 1, 'CE', 'ET1'),
(10004, 1, 'CE', 'ET1'),
(10005, 1, 'CE', 'ET2'), -- Electrical E
(10006, 1, 'EE', 'ET2'),
(10007, 1, 'EE', 'ET2'),
(10008, 1, 'EE', 'ET2'),
(10009, 1, 'MA', 'ET3'), -- Mathematics
(10010, 1, 'MA', 'ET3'),
(10011, 1, 'PH', 'ET4'), -- Physics
(10012, 1, 'PH', 'ET4'),
(10013, 1, 'HU', 'CC1'), -- Humanities
(10014, 1, 'HU', 'CC1'),
(10015, 1, 'GE', 'CC1'), -- General Electives
(10016, 1, 'GE', 'CC1');

INSERT INTO `hold` (`name`, `type`, `description`) VALUES
('BB01', 'Bursar', 'Unpaid Balance'),
('BB02', 'Bursar', 'Payyment plan amount due'),
('AD03', 'Admission', 'Admission Application Incomplete'),
('BB03', 'Bursar', 'Admission Application fee required '),
('AD04', 'Admission', 'Transfer transcript required'),
('AD50', 'Admission', 'Orientation required'),
('FA05', 'Financial Aid', 'Incomplete/Missing Income documents'),
('FA06', 'Financial Aid', 'Incomplete/Missing FASA'),
('FA07', 'Financial Aid', 'Incomplete/Missing TAP'),
('FA08', 'Financial Aid', 'Incomplete/Missing PELL'),
('AD10', 'Admission', 'Graduate Student Recommendation letters missing'),
('RG01', 'Registration', 'Undeclared Major'),
('RG02', 'Registration', 'Pre-Requisite required'),
('RG03', 'Registration', 'Academic Probation'),
('AD11', 'Admission', 'Immunization records required'),
('AD52', 'Admission', 'High School records required'),
('AD20', 'Admission', 'International Student Visa required'),
('AD56', 'Admission', 'International Student Transcript/Records required'),
('BB60', 'Bursar', 'Bounced check'),
('RG65', 'Registration', 'Instructor approval required'),
('RG66', 'Registration', 'Academic advisement required'),
('RG42', 'Registration', 'Scholarship warning grade requirement is below B '),
('BB68', 'Bursar', 'Graduation fee required'),
('BB80', 'Bursar', 'Student dorm balance due '),
('AD89', 'Admission', 'Graduate Application required');

-- 4 Selected Majors * 20 students = 80 students total
-- All Science
INSERT INTO `student` (`user_id`,`isUndergrad`) VALUES
(40001, 1), -- Chem E Fresh
(40002, 1),
(40003, 1),
(40004, 1),
(40005, 1),
(40006, 1),
(40007, 1),
(40008, 1),
(40009, 1),
(40010, 1),
(40011, 1),
(40012, 1), 
(40013, 1),
(40014, 1),
(40015, 1),
(40016, 1), 
(40017, 1),
(40018, 1),
(40019, 1),
(40020, 1),
(40101, 1), -- Chem E Junior
(40102, 1),
(40103, 1),
(40104, 1),
(40105, 1),
(40106, 1),
(40107, 1),
(40108, 1),
(40109, 1),
(40110, 1),
(40111, 1),
(40112, 1),
(40113, 1),
(40114, 1),
(40115, 1),
(40116, 1),
(40117, 1),
(40118, 1),
(40119, 1),
(40120, 1),
(40201, 1), -- Elect E Fresh
(40202, 1),
(40203, 1),
(40204, 1),
(40205, 1),
(40206, 1),
(40207, 1),
(40208, 1),
(40209, 1),
(40210, 1),
(40211, 1),
(40212, 1),
(40213, 1),
(40214, 1),
(40215, 1),
(40216, 1),
(40217, 1),
(40218, 1),
(40219, 1),
(40220, 1),
(40301, 1), -- Elect E Junior
(40302, 1),
(40303, 1),
(40304, 1),
(40305, 1),
(40306, 1),
(40307, 1),
(40308, 1),
(40309, 1),
(40310, 1),
(40311, 1),
(40312, 1),
(40313, 1),
(40314, 1),
(40315, 1),
(40316, 1),
(40317, 1), 
(40318, 1),
(40319, 1),
(40320, 1),
(40401, 0), -- Electrical Grad 1st
(40402, 0),
(40403, 0),
(40404, 0),
(40405, 0),
(40406, 0),
(40407, 0),
(40408, 0),
(40409, 0),
(40410, 0),
(40411, 0), -- Electrical Grad 2nd
(40412, 0),
(40413, 0),
(40414, 0),
(40415, 0),
(40416, 0),
(40417, 0), 
(40418, 0),
(40419, 0),
(40420, 0);

INSERT INTO `advisor` (`id`, `faculty_id`, `student_id`,`dateAssigned`) VALUES 
(1,10001, 40001, '2018-07-22'), -- Chem E Fresh
(2,10001, 40002, '2018-07-22'),
(3,10001, 40003, '2018-07-22'),
(4,10001, 40004, '2018-07-22'),
(5,10001, 40005, '2018-07-22'),
(6,10001, 40006, '2018-07-22'),
(7,10001, 40007, '2018-07-22'),
(8,10001, 40008, '2018-07-22'),
(9,10001, 40009, '2018-07-22'),
(10,10001, 40010, '2018-07-22'),
(11,10001, 40011, '2018-07-22'),
(12,10001, 40012, '2018-07-22'),
(13,10001, 40013, '2018-07-22'),
(14,10001, 40014, '2018-07-22'),
(15,10001, 40015, '2018-07-22'),
(16,10001, 40016, '2018-07-22'),
(17,10001, 40017, '2018-07-22'),
(18,10001, 40018, '2018-07-22'),
(19,10001, 40019, '2018-07-22'),
(20,10001, 40020, '2018-07-22'),
(21,10003, 40101, '2016-07-22'), -- Chem E Junior
(22,10003, 40102, '2016-07-22'),
(23,10003, 40103, '2016-07-22'),
(24,10003, 40104, '2016-07-22'),
(25,10003, 40105, '2016-07-22'),
(26,10003, 40106, '2016-07-22'),
(27,10003, 40107, '2016-07-22'),
(28,10003, 40108, '2016-07-22'),
(29,10003, 40109, '2016-07-22'),
(30,10003, 40110, '2016-07-22'),
(31,10003, 40111, '2016-07-22'),
(32,10003, 40112, '2016-07-22'),
(33,10003, 40113, '2016-07-22'),
(34,10003, 40114, '2016-07-22'),
(35,10003, 40115, '2016-07-22'),
(36,10003, 40116, '2016-07-22'),
(37,10003, 40117, '2016-07-22'),
(38,10003, 40118, '2016-07-22'),
(39,10003, 40119, '2016-07-22'),
(40,10003, 40120, '2016-07-22'),
(41,10006, 40201, '2018-07-22'), -- Elect E Fresh
(42,10006, 40202, '2018-07-22'),
(43,10006, 40203, '2018-07-22'),
(44,10006, 40204, '2018-07-22'),
(45,10006, 40205, '2018-07-22'),
(46,10006, 40206, '2018-07-22'),
(47,10006, 40207, '2018-07-22'),
(48,10006, 40208, '2018-07-22'),
(49,10006, 40209, '2018-07-22'),
(50,10006, 40210, '2018-07-22'),
(51,10006, 40211, '2018-07-22'),
(52,10006, 40212, '2018-07-22'),
(53,10006, 40213, '2018-07-22'),
(54,10006, 40214, '2018-07-22'),
(55,10006, 40215, '2018-07-22'),
(56,10006, 40216, '2018-07-22'),
(57,10006, 40217, '2018-07-22'),
(58,10006, 40218, '2018-07-22'),
(59,10006, 40219, '2018-07-22'),
(60,10006, 40220, '2018-07-22'),
(61,10007, 40301, '2016-07-22'), -- Elect E Jun
(62,10007, 40302, '2016-07-22'),
(63,10007, 40303, '2016-07-22'),
(64,10007, 40304, '2016-07-22'),
(65,10007, 40305, '2016-07-22'),
(66,10007, 40306, '2016-07-22'),
(67,10007, 40307, '2016-07-22'),
(68,10007, 40308, '2016-07-22'),
(69,10007, 40309, '2016-07-22'),
(70,10007, 40310, '2016-07-22'),
(71,10007, 40311, '2016-07-22'),
(72,10007, 40312, '2016-07-22'),
(73,10007, 40313, '2016-07-22'),
(74,10007, 40314, '2016-07-22'),
(75,10007, 40315, '2016-07-22'),
(76,10007, 40316, '2016-07-22'),
(77,10007, 40317, '2016-07-22'),
(78,10007, 40318, '2016-07-22'),
(79,10007, 40319, '2016-07-22'),
(80,10007, 40320, '2016-07-22'),
(81,10005, 40401, '2018-07-22'), -- Elect E Grad 1st
(82,10005, 40402, '2018-07-22'),
(83,10005, 40403, '2018-07-22'),
(84,10005, 40404, '2018-07-22'),
(85,10005, 40405, '2018-07-22'),
(86,10005, 40406, '2018-07-22'),
(87,10005, 40407, '2018-07-22'),
(88,10005, 40408, '2018-07-22'),
(89,10005, 40409, '2018-07-22'),
(90,10005, 40410, '2018-07-22'),
(91,10005, 40411, '2017-07-22'), -- Elect E Grad 2nd
(92,10005, 40412, '2017-07-22'),
(93,10005, 40413, '2017-07-22'),
(94,10005, 40414, '2017-07-22'),
(95,10005, 40415, '2017-07-22'),
(96,10005, 40416, '2017-07-22'),
(97,10005, 40417, '2017-07-22'),
(98,10005, 40418, '2017-07-22'),
(99,10005, 40419, '2017-07-22'),
(100,10005, 40420, '2017-07-22');
-- (101,10006, 40001, '2017-07-21');

INSERT INTO `admin` (`user_id`) VALUES
(20001),
(20002),
(20003),
(20004);

INSERT INTO `researcher` (`user_id`) VALUES
(30001),
(30002);

INSERT INTO `department_chair` (`faculty_id`) VALUES
(10001),
(10005),
(10009),
(10011);

INSERT INTO `time` (`id`, `start`, `end`) VALUES
(1, '08:00:00', '09:00:00'), -- 8 - 9
(2, '09:00:00', '10:00:00'), -- 9 - 10
(3, '10:00:00', '11:00:00'), -- 10 - 11
(4, '11:00:00', '12:00:00'), -- 11 - 12
(5, '12:00:00', '13:00:00'), -- 12 - 1
(6, '13:00:00', '14:00:00'), -- 1 - 2
(7, '14:00:00', '15:00:00'), -- 2 - 3
(8, '15:00:00', '16:00:00'); -- 3 - 4

INSERT INTO `term` (`id`, `season`, `year`) VALUES
(1, 'SP', 2016),
(2, 'F', 2016),
(3, 'SP', 2017),
(4, 'F', 2017),
(5, 'SP', 2017),
(6, 'F', 2018),
(7, 'SP', 2019),
(8, 'F', 2019);

INSERT INTO `day` (`id`, `name`) VALUES
(1,'MO'),
(2,'TU'),
(3,'WE'),
(4,'TH'),
(5,'F');


INSERT INTO `course` (`id`, `department_id`, `number`, `name`, `description`, `numberOfCredits`, `isGraduateCourse`, `isActive`, `isInCatalog`) VALUES
-- Basic Chemistry
('CE110','CE',110,'General Chemistry',"General Chemistry Description",3,0,1, 1),
('CE111','CE',111,'General Chemistry Laboratory',"General Chemistry Laboratory Description",1.5,0,1,1),
('CE160','CE',160,'Physical Principles of Chemistry',"Physical Principles of Chemistry Description",3,0,1,1),
('CE241','CE',241,'Organic Chemistry I',"Organic Chemistry I Description",3,0,1,1),
('CE242','CE',242,'Organic Chemistry II',"Organic Chemistry II Description",3,0,1,1),
('CE243','CE',243,'Organic Chemistry Laboratory',"Organic Chemistry Laboratory Description",2,0,1,1),
('CE350','CE',350,'Instrumental Analysis Laboratory',"Instrumental Analysis Laboratory Description",2,0,1,1),
('CE321','CE',321,'Physical Chemistry I',"Physical Chemistry I Description",3,0,1,1),
('CE322','CE',322,'Physical Chemistry II',"Physical Chemistry II Description",2,0,1,1),
-- Chemical Engineering
('CE221','CE',221,'Material and Energy Balances',"Material and Energy Balances Description",3,0,1,1),
('CE211','CE',211,'Material Science for Chemical Engineers',"Material Science for Chemical Engineers Description",3,0,1,1),
('CE232','CE',232,'Chemical Engineering Thermodynamics I',"Chemical Engineering Thermodynamics I Description",3,0,1,1),
('CE331','CE',331,'Chemical Engineering Thermodynamics II',"Chemical Engineering Thermodynamics II Description",3,0,1,1),
('CE341','CE',341,'Fluid Mechanics and Flow Systems',"Fluid Mechanics and Flow Systems Description",3,0,1,1),
('CE332','CE',332,'Chemical Reaction Engineering',"Chemical Reaction Engineering Description",3,0,1,1),
('CE342','CE',342,'Heat and Mass Transfer',"Heat and Mass Transfer Description", 3,0,1,1),
('CE352','CE',352,'Process Simulation and Mathematical Techniques for Chemical Engineers',"Process Simulation and Mathematical Techniques for Chemical Engineers Description",3,0,1,1),
('CE371','CE',371,'Chemical Engineering Laboratory I',"Chemical Engineering Laboratory I Description",2,0,1,1),
('CE381','CE',381,'Process Evaluation and Chemical Systems Design I',"Process Evaluation and Chemical Systems Design I Description",3,0,1,1),
('CE351','CE',351,'Separation Process Principles',"Separation Process Principles Description", 3,0,1,1),
('CE361','CE',361,'Chemical Process Dynamics and Control',"Chemical Process Dynamics and Control Description", 3,0,1,1),
('CE372','CE',372,'Chemical Engineering Laboratory II',"Chemical Engineering Laboratory II Description", 2,0,1,1),
('CE382','CE',382,'Process Evaluation and Chemical Systems Design II',"Process Evaluation and Chemical Systems Design II",3,0,1,1),
-- Mathematics
('MA110','MA',110,'Introduction to Linear Algebra',"Introduction to Linear Algebra Description", 2,0,1,1),
('MA111','MA',111,'Calculus I', "Calculus I Description",4,0,1,1),
('MA113','MA',113,'Calculus II',"Calculus II Description",4,0,1,1),
('MA223','MA',223,'Vector Calculus', "Vector Calculus Description",2,0,1,1),
('MA240','MA',240,'Ordinary and Partial Differential Equations',"Ordinary and Partial Differential Equations Descriptions",3,0,1,1),
('MA224','MA',224,'Probability',"Probability Description",3,0,1,1),
('MA302','MA',302,'Statistics',"Need. It. Stat.",3,0,1,1),
('MA303','MA',303,'Discrete Mathematics',"Shhhhh",3,0,1,1),
('MA304','MA',304,'Linear Algebra',"Matrices",3,0,1,1),
('MA305','MA',305,'Calculus III',"Calculus III Description",3,0,1,1),
-- Humanities
('HU101','HU',101,'Literary Forms and Expressions',"Literary Forms and Expressions Description",3,0,1,1),
('HU102','HU',102,'Texts and Contexts: Old and New Worlds',"Text from ancient and modern literature", 3,0,1,1),
('HU103','HU',103,'The Making of Modern Society',"The Making of Modern Society Description",3,0,1,1),
('HU104','HU',104,'The Modern Context: Figures and Topics',"Famous people's influence -- Description",3,0,1,1),
-- Electrical Engineering
('EE150','EE',150,'Digital Logic Design',"Digital Logic Design Description",3,0,1,1),
('EE160','EE',160,'Programming for Electrical Engineers',"Programming for Electrical Engineers Description",3,0,1,1),
('EE240','EE',240,'Circuit Analysis',"Circuit Analysis Description",3,0,1,1),
('EE211','EE',211,'Signal Processing & Systems Analysis',"Signal Processing & Systems Analysis Descprition",3,0,1,1),
('EE241','EE',241,'Electronics I',"Robotic Legos!!!!!",4,0,1,1),
('EE251','EE',251,'Computer Architecture',"Gateways to Heaven",3,0,1,1),
('EE264','EE',264,'Data Structures & Algorithms I',"Description", 3,0,1,1),
('EE300','EE',300,'Communication Theory',"01101000 01110100 01110100 01110000 01110011 00111010 00101111 00101111 01111001 01101111 01110101 01110100 01110101 00101110 01100010 01100101 00101111 01100100 01010001 01110111 00110100 01110111 00111001 01010111 01100111 01011000 01100011 01010001",3,0,1,1),
('EE310','EE',310,'C++',"I dont want a C++, I want a C--",3,0,1,1),
('EE342','EE',342,'Electronics II',"Bionicles are upgrades from Legos",4,0,1,1),
('EE357','EE',357,'Operating Systems',"prehistory linux",3,0,1,1),
('EE365','EE',365,'Data Structures & Algorithms II',"What my school needs to add to our curriculum",3,0,1,1),
('EE303','EE',303,'Technical Communications','Basically an English Class',3,0,1,1),
('EE360','EE',360,'Software Engineering',"Hai would not be impressed",3,0,1,1),
('EE394','EE',394,'Android Development',"Windows Phones are better",3,0,1,1),
('EE395','EE',395,'Data Mining',"Facebook is amazing!",3,0,1,1),
('EE396','EE',396,'AI',"Make a chess AI that can beat the professor. Pass - Fail",3,0,1,1),
('EE399','EE',399,'Senior Project',"Create your own ideas",4,0,1,1),
-- Physics
('PH101','PH',101,'Physics I',"Somehow this class bends time",4,0,1,1),
('PH102','PH',102,'Physics II',"The Star Wars sequel we never wanted",4,0,1,1),
('PH103','PH',103,'Physics III',"Modern Physics. How does light bend around dense masses?",4,0,1,1),
-- General
('GE101','GE',101,'English 101',"How to english?",4,0,1,1),
('GE102','GE',102,'English 102',"How to english II?",4,0,1,1),
('GE103','GE',103,'Engineering Design and Problem Solving',"Engineering Design and Problem Solving Description",3,0,1,1),
('GE104','GE',104,'Engineering Design Graphics',"Engineering Design Graphics Description",1,0,1,1),
('GE105','GE',105,'Earth Science 101',"Earth",4,0,1,1),
('GE106','GE',106,'Accounting 101',"more numbers",4,0,1,1),
('GE107','GE',107,'Biology 101',"organisms",4,0,1,1),
('GE108','GE',108,'Biophysics 101',"biophysics",4,0,1,1),
('GE109','GE',109,'Agriculture 101',"farms",4,0,1,1),
('GE110','GE',110,'Psychology',"how the brain works",4,0,1,1);

-- To create more sections, add 1 to the first number in id, and change the term id to + 2, every other/ fall and spring are different
-- ^ Please insert fall 2018, spring 2019 and fall 2019
-- Fall 2016
INSERT INTO `course_section` (`id`,`course_id`,`number`,`faculty_id`,`numOfSeats`,`numOfTaken`,`term_id`,`room_id`) VALUES
(20001,'CE110',1,10004,30,20,2,'ET16'), 
(20002,'CE110',2,10004,30,20,2,'ET16'),
(20003,'CE241',1,10004,30,20,2,'ET17'),
(20004,'CE350',1,10004,20,20,2,'ET17'),
(20005,'CE321',1,10003,30,20,2,'ET18'),
(20006,'CE221',1,10003,30,20,2,'ET18'),
(20007,'CE211',1,10003,30,20,2,'ET19'),
(20008,'CE331',1,10003,30,20,2,'ET19'),
(20009,'CE341',1,10002,30,20,2,'ET20'),
(20010,'CE371',1,10002,20,20,2,'ET20'),
(20011,'CE381',1,10002,30,20,2,'ET21'),
(20012,'CE351',1,10002,30,20,2,'ET21'),
(20013,'CE361',1,10002,30,20,2,'ET22'),
(20014,'MA110',1,10010,30,20,2,'ET22'),
(20015,'MA110',2,10010,30,20,2,'ET23'),
(20016,'MA111',1,10010,30,20,2,'ET23'),
(20017,'MA111',2,10010,30,20,2,'ET24'),
(20018,'MA223',1,10009,30,20,2,'ET24'),
(20019,'MA224',1,10009,30,20,2,'ET25'),
(20020,'MA303',1,10009,30,20,2,'ET25'),
(20021,'HU101',1,10014,30,20,2,'ET26'),
(20022,'HU101',2,10014,30,20,2,'ET26'),
(20023,'HU103',1,10013,30,20,2,'ET27'),
(20024,'HU103',2,10013,30,20,2,'ET27'),
(20025,'PH102',1,10012,30,30,2,'ET28'),
(20026,'PH102',1,10012,30,30,2,'ET28'),
(20027,'EE240',1,10008,30,20,2,'ET29'),
(20028,'EE240',2,10008,30,20,2,'ET30'),
(20029,'EE300',1,10007,30,20,2,'ET30'),
(20030,'EE300',2,10007,30,20,2,'ET31'),
(20031,'EE310',1,10008,30,20,2,'ET31'),
(20032,'EE310',2,10008,30,20,2,'ET32'),
(20033,'EE342',1,10007,30,20,2,'ET32'),
(20034,'EE342',2,10007,30,20,2,'ET33'),
(20035,'EE357',1,10006,30,20,2,'ET33'),
(20036,'EE357',2,10006,30,20,2,'ET34'),
(20037,'EE365',1,10006,30,20,2,'ET34'),
(20038,'EE365',2,10006,30,20,2,'ET35'),
(20039,'EE395',1,10005,30,30,2,'ET35'),
(20040,'EE396',1,10005,30,30,2,'ET36'),
(20041,'EE396',1,10005,30,30,2,'ET36'),
(20042,'GE101',1,10015,30,30,2,'ET36'),
(20043,'GE102',1,10015,30,30,2,'ET37'),
(20044,'GE103',1,10015,30,30,2,'ET38'),
(20045,'GE104',1,10015,30,30,2,'ET39'),
(20050,'GE105',1,10015,30,30,2,'ET40'),
(20051,'GE106',1,10016,30,30,2,'ET36'),
(20052,'GE107',1,10016,30,30,2,'ET37'),
(20053,'GE108',1,10016,30,30,2,'ET38'),
(20054,'GE109',1,10016,30,30,2,'ET39'),
(20055,'GE110',1,10016,30,30,2,'ET40');

-- Spring 2017
INSERT INTO `course_section` (`id`,`course_id`,`number`,`faculty_id`,`numOfSeats`,`numOfTaken`,`term_id`,`room_id`) VALUES
(21001,'CE111',1,10004,20,20,3,'ET16'),
(21002,'CE111',1,10004,20,20,3,'ET16'),
(21003,'CE160',1,10004,30,20,3,'ET17'),
(21004,'CE160',2,10004,30,20,3,'ET17'),
(21005,'CE242',1,10003,30,20,3,'ET18'),
(21006,'CE243',1,10003,30,20,3,'ET18'),
(21007,'CE322',1,10003,30,20,3,'ET19'),
(21008,'CE232',1,10003,30,20,3,'ET19'),
(21009,'CE332',1,10002,30,20,3,'ET20'),
(21010,'CE342',1,10002,30,20,3,'ET20'),
(21011,'CE352',1,10002,30,20,3,'ET21'),
(21012,'CE372',1,10002,20,20,3,'ET21'),
(21013,'CE382',1,10002,30,20,3,'ET22'),
(21014,'MA113',1,10010,30,20,3,'ET22'),
(21015,'MA113',2,10010,30,20,3,'ET23'),
(21016,'MA302',1,10010,30,20,3,'ET23'),
(21017,'MA304',1,10009,30,20,3,'ET24'),
(21018,'MA305',1,10009,30,20,3,'ET24'),
(21019,'HU102',1,10014,30,20,3,'ET25'),
(21020,'HU102',2,10014,30,20,3,'ET25'),
(21021,'HU104',1,10013,30,20,3,'ET26'),
(21022,'HU104',2,10013,30,20,3,'ET26'),
(21023,'PH101',1,10012,30,30,3,'ET27'),
(21024,'PH101',2,10012,20,20,3,'ET27'),
(21025,'PH101',3,10012,30,30,3,'ET28'),
(21026,'PH103',1,10011,30,30,3,'ET28'),
(21028,'PH103',1,10011,30,30,3,'ET29'),
(21029,'EE150',1,10008,30,20,3,'ET29'),
(21030,'EE150',2,10008,30,20,3,'ET30'),
(21031,'EE160',1,10008,30,20,3,'ET30'),
(21032,'EE160',2,10008,30,20,3,'ET31'),
(21033,'EE211',1,10007,30,20,3,'ET31'),
(21034,'EE211',2,10007,30,20,3,'ET32'),
(21035,'EE241',1,10007,30,20,3,'ET32'),
(21036,'EE241',1,10007,30,20,3,'ET33'),
(21037,'EE251',1,10006,30,30,3,'ET33'),
(21038,'EE264',1,10006,30,30,3,'ET34'),
(21039,'EE303',1,10006,30,30,3,'ET34'),
(21040,'EE360',1,10005,30,30,3,'ET35'),
(21041,'EE394',1,10005,30,30,3,'ET35'),
(21046,'GE101',1,10015,30,30,2,'ET36'),
(21047,'GE102',1,10015,30,30,2,'ET37'),
(21048,'GE103',1,10015,30,30,2,'ET38'),
(21049,'GE104',1,10015,30,30,2,'ET39'),
(21050,'GE105',1,10015,30,30,2,'ET40'),
(21051,'GE106',1,10016,30,30,2,'ET36'),
(21052,'GE107',1,10016,30,30,2,'ET37'),
(21053,'GE108',1,10016,30,30,2,'ET38'),
(21054,'GE109',1,10016,30,30,2,'ET39'),
(21055,'GE110',1,10016,30,30,2,'ET40');


-- Fall 2017
INSERT INTO `course_section` (`id`,`course_id`,`number`,`faculty_id`,`numOfSeats`,`numOfTaken`,`term_id`,`room_id`) VALUES
(30001,'CE110',1,10004,30,20,4,'ET16'), 
(30002,'CE110',2,10004,30,20,4,'ET16'),
(30003,'CE241',1,10004,30,20,4,'ET17'),
(30004,'CE350',1,10004,20,20,4,'ET17'),
(30005,'CE321',1,10003,30,20,4,'ET18'),
(30006,'CE221',1,10003,30,20,4,'ET18'),
(30007,'CE211',1,10003,30,20,4,'ET19'),
(30008,'CE331',1,10003,30,20,4,'ET19'),
(30009,'CE341',1,10002,30,20,4,'ET20'),
(30010,'CE371',1,10002,20,20,4,'ET20'),
(30011,'CE381',1,10002,30,20,4,'ET21'),
(30012,'CE351',1,10002,30,20,4,'ET21'),
(30013,'CE361',1,10002,30,20,4,'ET22'),
(30014,'MA110',1,10010,30,20,4,'ET22'),
(30015,'MA110',2,10010,30,20,4,'ET23'),
(30016,'MA111',1,10010,30,20,4,'ET23'),
(30017,'MA111',2,10010,30,20,4,'ET24'),
(30018,'MA223',1,10009,30,20,4,'ET24'),
(30019,'MA224',1,10009,30,20,4,'ET25'),
(30020,'MA303',1,10009,30,20,4,'ET25'),
(30021,'HU101',1,10014,30,20,4,'ET26'),
(30022,'HU101',2,10014,30,20,4,'ET26'),
(30023,'HU103',1,10013,30,20,4,'ET27'),
(30024,'HU103',2,10013,30,20,4,'ET27'),
(30025,'PH102',1,10012,30,30,4,'ET28'),
(30026,'PH102',1,10012,30,30,4,'ET28'),
(30027,'EE240',1,10008,30,20,4,'ET29'),
(30028,'EE240',2,10008,30,20,4,'ET30'),
(30029,'EE300',1,10007,30,20,4,'ET30'),
(30030,'EE300',2,10007,30,20,4,'ET31'),
(30031,'EE310',1,10008,30,20,4,'ET31'),
(30032,'EE310',2,10008,30,20,4,'ET32'),
(30033,'EE342',1,10007,30,20,4,'ET32'),
(30034,'EE342',2,10007,30,20,4,'ET33'),
(30035,'EE357',1,10006,30,20,4,'ET33'),
(30036,'EE357',2,10006,30,20,4,'ET34'),
(30037,'EE365',1,10006,30,20,4,'ET34'),
(30038,'EE365',2,10006,30,20,4,'ET35'),
(30039,'EE395',1,10005,30,30,4,'ET35'),
(30040,'EE396',1,10005,30,30,4,'ET36'),
(30041,'EE396',1,10005,30,30,4,'ET36'),
(30042,'GE101',1,10015,30,30,2,'ET36'),
(30043,'GE102',1,10015,30,30,2,'ET37'),
(30044,'GE103',1,10015,30,30,2,'ET38'),
(30045,'GE104',1,10015,30,30,2,'ET39'),
(30050,'GE105',1,10015,30,30,2,'ET40'),
(30051,'GE106',1,10016,30,30,2,'ET36'),
(30052,'GE107',1,10016,30,30,2,'ET37'),
(30053,'GE108',1,10016,30,30,2,'ET38'),
(30054,'GE109',1,10016,30,30,2,'ET39'),
(30055,'GE110',1,10016,30,30,2,'ET40');


-- Spring 2018
INSERT INTO `course_section` (`id`,`course_id`,`number`,`faculty_id`,`numOfSeats`,`numOfTaken`,`term_id`,`room_id`) VALUES
(31001,'CE111',1,10004,20,20,5,'ET16'),
(31002,'CE111',1,10004,20,20,5,'ET16'),
(31003,'CE160',1,10004,30,20,5,'ET17'),
(31004,'CE160',2,10004,30,20,5,'ET17'),
(31005,'CE242',1,10003,30,20,5,'ET18'),
(31006,'CE243',1,10003,30,20,5,'ET18'),
(31007,'CE322',1,10003,30,20,5,'ET19'),
(31008,'CE232',1,10003,30,20,5,'ET19'),
(31009,'CE332',1,10002,30,20,5,'ET20'),
(31010,'CE342',1,10002,30,20,5,'ET20'),
(31011,'CE352',1,10002,30,20,5,'ET21'),
(31012,'CE372',1,10002,20,20,5,'ET21'),
(31013,'CE382',1,10002,30,20,5,'ET22'),
(31014,'MA113',1,10010,30,20,5,'ET22'),
(31015,'MA113',2,10010,30,20,5,'ET23'),
(31016,'MA302',1,10010,30,20,5,'ET23'),
(31017,'MA304',1,10009,30,20,5,'ET24'),
(31018,'MA305',1,10009,30,20,5,'ET24'),
(31019,'HU102',1,10014,30,20,5,'ET25'),
(31020,'HU102',2,10014,30,20,5,'ET25'),
(31021,'HU104',1,10013,30,20,5,'ET26'),
(31022,'HU104',2,10013,30,20,5,'ET26'),
(31023,'PH101',1,10012,30,30,5,'ET27'),
(31024,'PH101',2,10012,20,20,5,'ET27'),
(31025,'PH101',3,10012,30,30,5,'ET28'),
(31026,'PH103',1,10011,30,30,5,'ET28'),
(31028,'PH103',1,10011,30,30,5,'ET29'),
(31029,'EE150',1,10008,30,20,5,'ET29'),
(31030,'EE150',2,10008,30,20,5,'ET30'),
(31031,'EE160',1,10008,30,20,5,'ET30'),
(31032,'EE160',2,10008,30,20,5,'ET31'),
(31033,'EE211',1,10007,30,20,5,'ET31'),
(31034,'EE211',2,10007,30,20,5,'ET32'),
(31035,'EE241',1,10007,30,20,5,'ET32'),
(31036,'EE241',1,10007,30,20,5,'ET33'),
(31037,'EE251',1,10006,30,30,5,'ET33'),
(31038,'EE264',1,10006,30,30,5,'ET34'),
(31039,'EE303',1,10006,30,30,5,'ET34'),
(31040,'EE360',1,10005,30,30,5,'ET35'),
(31041,'EE394',1,10005,30,30,5,'ET35'),
(31046,'GE101',1,10015,30,30,2,'ET36'),
(31047,'GE102',1,10015,30,30,2,'ET37'),
(31048,'GE103',1,10015,30,30,2,'ET38'),
(31049,'GE104',1,10015,30,30,2,'ET39'),
(31050,'GE105',1,10015,30,30,2,'ET40'),
(31051,'GE106',1,10016,30,30,2,'ET36'),
(31052,'GE107',1,10016,30,30,2,'ET37'),
(31053,'GE108',1,10016,30,30,2,'ET38'),
(31054,'GE109',1,10016,30,30,2,'ET39'),
(31055,'GE110',1,10016,30,30,2,'ET40');


-- Fall 2018
INSERT INTO `course_section` (`id`,`course_id`,`number`,`faculty_id`,`numOfSeats`,`numOfTaken`,`term_id`,`room_id`) VALUES
(40001,'CE110',1,10004,30,20,6,'ET16'), 
(40002,'CE110',2,10004,30,20,6,'ET16'),
(40003,'CE241',1,10004,30,20,6,'ET17'),
(40004,'CE350',1,10004,20,20,6,'ET17'),
(40005,'CE321',1,10003,30,20,6,'ET18'),
(40006,'CE221',1,10003,30,20,6,'ET18'),
(40007,'CE211',1,10003,30,20,6,'ET19'),
(40008,'CE331',1,10003,30,20,6,'ET19'),
(40009,'CE341',1,10002,30,20,6,'ET20'),
(40010,'CE371',1,10002,20,20,6,'ET20'),
(40011,'CE381',1,10002,30,20,6,'ET21'),
(40012,'CE351',1,10002,30,20,6,'ET21'),
(40013,'CE361',1,10002,30,20,6,'ET22'),
(40014,'MA110',1,10010,30,20,6,'ET22'),
(40015,'MA110',2,10010,30,20,6,'ET23'),
(40016,'MA111',1,10010,30,20,6,'ET23'),
(40017,'MA111',2,10010,30,20,6,'ET24'),
(40018,'MA223',1,10009,30,20,6,'ET24'),
(40019,'MA224',1,10009,30,20,6,'ET25'),
(40020,'MA303',1,10009,30,20,6,'ET25'),
(40021,'HU101',1,10014,30,20,6,'ET26'),
(40022,'HU101',2,10014,30,20,6,'ET26'),
(40023,'HU103',1,10013,30,20,6,'ET27'),
(40024,'HU103',2,10013,30,20,6,'ET27'),
(40025,'PH102',1,10012,30,30,6,'ET28'),
(40026,'PH102',1,10012,30,30,6,'ET28'),
(40027,'EE240',1,10008,30,20,6,'ET29'),
(40028,'EE240',2,10008,30,20,6,'ET30'),
(40029,'EE300',1,10007,30,20,6,'ET30'),
(40030,'EE300',2,10007,30,20,6,'ET31'),
(40031,'EE310',1,10008,30,20,6,'ET31'),
(40032,'EE310',2,10008,30,20,6,'ET32'),
(40033,'EE342',1,10007,30,20,6,'ET32'),
(40034,'EE342',2,10007,30,20,6,'ET33'),
(40035,'EE357',1,10006,30,20,6,'ET33'),
(40036,'EE357',2,10006,30,20,6,'ET34'),
(40037,'EE365',1,10006,30,20,6,'ET34'),
(40038,'EE365',2,10006,30,20,6,'ET35'),
(40039,'EE395',1,10005,30,30,6,'ET35'),
(40040,'EE396',1,10005,30,30,6,'ET36'),
(40041,'EE396',1,10005,30,30,6,'ET36'),
(40042,'GE101',1,10015,30,30,2,'ET36'),
(40043,'GE102',1,10015,30,30,2,'ET37'),
(40044,'GE103',1,10015,30,30,2,'ET38'),
(40045,'GE104',1,10015,30,30,2,'ET39'),
(40050,'GE105',1,10015,30,30,2,'ET40'),
(40051,'GE106',1,10016,30,30,2,'ET36'),
(40052,'GE107',1,10016,30,30,2,'ET37'),
(40053,'GE108',1,10016,30,30,2,'ET38'),
(40054,'GE109',1,10016,30,30,2,'ET39'),
(40055,'GE110',1,10016,30,30,2,'ET40');


-- Spring 2019
INSERT INTO `course_section` (`id`,`course_id`,`number`,`faculty_id`,`numOfSeats`,`numOfTaken`,`term_id`,`room_id`) VALUES
(41001,'CE111',1,10004,20,20,7,'ET16'),
(41002,'CE111',1,10004,20,20,7,'ET16'),
(41003,'CE160',1,10004,30,20,7,'ET17'),
(41004,'CE160',2,10004,30,20,7,'ET17'),
(41005,'CE242',1,10003,30,20,7,'ET18'),
(41006,'CE243',1,10003,30,20,7,'ET18'),
(41007,'CE322',1,10003,30,20,7,'ET19'),
(41008,'CE232',1,10003,30,20,7,'ET19'),
(41009,'CE332',1,10002,30,20,7,'ET20'),
(41010,'CE342',1,10002,30,20,7,'ET20'),
(41011,'CE352',1,10002,30,20,7,'ET21'),
(41012,'CE372',1,10002,20,20,7,'ET21'),
(41013,'CE382',1,10002,30,20,7,'ET22'),
(41014,'MA113',1,10010,30,20,7,'ET22'),
(41015,'MA113',2,10010,30,20,7,'ET23'),
(41016,'MA302',1,10010,30,20,7,'ET23'),
(41017,'MA304',1,10009,30,20,7,'ET24'),
(41018,'MA305',1,10009,30,20,7,'ET24'),
(41019,'HU102',1,10014,30,20,7,'ET25'),
(41020,'HU102',2,10014,30,20,7,'ET25'),
(41021,'HU104',1,10013,30,20,7,'ET26'),
(41022,'HU104',2,10013,30,20,7,'ET26'),
(41023,'PH101',1,10012,30,30,7,'ET27'),
(41024,'PH101',2,10012,20,20,7,'ET27'),
(41025,'PH101',3,10012,30,30,7,'ET28'),
(41026,'PH103',1,10011,30,30,7,'ET28'),
(41028,'PH103',1,10011,30,30,7,'ET29'),
(41029,'EE150',1,10008,30,20,7,'ET29'),
(41030,'EE150',2,10008,30,20,7,'ET30'),
(41031,'EE160',1,10008,30,20,7,'ET30'),
(41032,'EE160',2,10008,30,20,7,'ET31'),
(41033,'EE211',1,10007,30,20,7,'ET31'),
(41034,'EE211',2,10007,30,20,7,'ET32'),
(41035,'EE241',1,10007,30,20,7,'ET32'),
(41036,'EE241',1,10007,30,20,7,'ET33'),
(41037,'EE251',1,10006,30,30,7,'ET33'),
(41038,'EE264',1,10006,30,30,7,'ET34'),
(41039,'EE303',1,10006,30,30,7,'ET34'),
(41040,'EE360',1,10005,30,30,7,'ET35'),
(41041,'EE394',1,10005,30,30,7,'ET35'),
(41042,'GE101',1,10015,30,30,2,'ET36'),
(41043,'GE102',1,10015,30,30,2,'ET37'),
(41044,'GE103',1,10015,30,30,2,'ET38'),
(41045,'GE104',1,10015,30,30,2,'ET39'),
(41050,'GE105',1,10015,30,30,2,'ET40'),
(41051,'GE106',1,10016,30,30,2,'ET36'),
(41052,'GE107',1,10016,30,30,2,'ET37'),
(41053,'GE108',1,10016,30,30,2,'ET38'),
(41054,'GE109',1,10016,30,30,2,'ET39'),
(41055,'GE110',1,10016,30,30,2,'ET40');


-- Fall 2019
INSERT INTO `course_section` (`id`,`course_id`,`number`,`faculty_id`,`numOfSeats`,`numOfTaken`,`term_id`,`room_id`) VALUES
(50001,'CE110',1,10004,30,20,8,'ET16'), 
(50002,'CE110',2,10004,30,20,8,'ET16'),
(50003,'CE241',1,10004,30,20,8,'ET17'),
(50004,'CE350',1,10004,20,20,8,'ET17'),
(50005,'CE321',1,10003,30,20,8,'ET18'),
(50006,'CE221',1,10003,30,20,8,'ET18'),
(50007,'CE211',1,10003,30,20,8,'ET19'),
(50008,'CE331',1,10003,30,20,8,'ET19'),
(50009,'CE341',1,10002,30,20,8,'ET20'),
(50010,'CE371',1,10002,20,20,8,'ET20'),
(50011,'CE381',1,10002,30,20,8,'ET21'),
(50012,'CE351',1,10002,30,20,8,'ET21'),
(50013,'CE361',1,10002,30,20,8,'ET22'),
(50014,'MA110',1,10010,30,20,8,'ET22'),
(50015,'MA110',2,10010,30,20,8,'ET23'),
(50016,'MA111',1,10010,30,20,8,'ET23'),
(50017,'MA111',2,10010,30,20,8,'ET24'),
(50018,'MA223',1,10009,30,20,8,'ET24'),
(50019,'MA224',1,10009,30,20,8,'ET25'),
(50020,'MA303',1,10009,30,20,8,'ET25'),
(50021,'HU101',1,10014,30,20,8,'ET26'),
(50022,'HU101',2,10014,30,20,8,'ET26'),
(50023,'HU103',1,10013,30,20,8,'ET27'),
(50024,'HU103',2,10013,30,20,8,'ET27'),
(50025,'PH102',1,10012,30,30,8,'ET28'),
(50026,'PH102',1,10012,30,30,8,'ET28'),
(50027,'EE240',1,10008,30,20,8,'ET29'),
(50028,'EE240',2,10008,30,20,8,'ET30'),
(50029,'EE300',1,10007,30,20,8,'ET30'),
(50030,'EE300',2,10007,30,20,8,'ET31'),
(50031,'EE310',1,10008,30,20,8,'ET31'),
(50032,'EE310',2,10008,30,20,8,'ET32'),
(50033,'EE342',1,10007,30,20,8,'ET32'),
(50034,'EE342',2,10007,30,20,8,'ET33'),
(50035,'EE357',1,10006,30,20,8,'ET33'),
(50036,'EE357',2,10006,30,20,8,'ET34'),
(50037,'EE365',1,10006,30,20,8,'ET34'),
(50038,'EE365',2,10006,30,20,8,'ET35'),
(50039,'EE395',1,10005,30,30,8,'ET35'),
(50040,'EE396',1,10005,30,30,8,'ET36'),
(50041,'EE396',1,10005,30,30,8,'ET36'),
(50042,'GE101',1,10015,30,30,2,'ET36'),
(50043,'GE102',1,10015,30,30,2,'ET37'),
(50044,'GE103',1,10015,30,30,2,'ET38'),
(50045,'GE104',1,10015,30,30,2,'ET39'),
(50050,'GE105',1,10015,30,30,2,'ET40'),
(50051,'GE106',1,10016,30,30,2,'ET36'),
(50052,'GE107',1,10016,30,30,2,'ET37'),
(50053,'GE108',1,10016,30,30,2,'ET38'),
(50054,'GE109',1,10016,30,30,2,'ET39'),
(50055,'GE110',1,10016,30,30,2,'ET40');


INSERT INTO `prerequisite` (`id`,`requiredGrade`,`course_id`,`prereq_id`) VALUES
(1,'C','EE240','MA113'),
(2,'C','EE241','EE240'),
(3,'C','EE251','EE150'),
(4,'C','EE264','EE150'),
(5,'C','EE300','MA224'),
(6,'C','EE310','MA240'),
(7,'C','EE342','EE241'),
(8,'C','EE357','EE264'),
(9,'C','EE365','EE264'),
(10,'C','EE303','EE342'),
(11,'C','EE360','EE264'),
(12,'C','EE394','EE365'),
(13,'C','EE395','EE365'),
(14,'C','EE396','EE365'),
(15,'C','EE399','EE360');

INSERT INTO `prerequisite` (`id`,`requiredGrade`,`course_id`,`prereq_id`) VALUES
(16,'C','CE241','MA113'),
(17,'C','CE242','CE241'),
(18,'C','CE321','CE160'),
(19,'C','CE322','CE321'),
(20,'C','CE331','CE232'),
(21,'C','CE332','CE331'),
(22,'C','CE342','CE341'),
(23,'C','CE361','CE352'),
(24,'C','CE372','CE371'),
(25,'C','CE382','CE381');

INSERT INTO `minor` (`id`,`name`,`department_id`) VALUES 
(1,'Mathematics','MA');
-- (2,'Accounting','ACC'),
-- (3,'Biology','BI'),
-- (4,'Biophysics','BP'),
-- (5,'Agriculture','AG'),
-- (6,'Psychology','PS'),
-- (7,'Bioengineering','BE'),
-- (8,'Computer Science','CS'),
-- (9,'Earth Science','ES');

INSERT INTO `major` (`id`,`name`,`department_id`,`type`) VALUES 
(5,'General Elective','GE','BS'),
(1,'Electrical Engineering','EE','BS'),
(2,'Chemical Engineering','CE','BS'),
(3,'Mathematics','MA','BS');


-- Please follow major requirements when inserting to minor requirements
INSERT INTO `minor_requirement` (`id`,`minor_id`,`course_id`) VALUES 
(1,1,'MA110'),
(2,1,'MA111'),
(3,1,'MA113'),
(4,1,'MA223'),
(5,1,'MA240'),
(6,1,'MA224'),
(7,1,'MA302'),
(8,1,'MA303'),
(9,1,'MA304'),
(10,1,'MA305');

-- NOTE: Not all courses are in the requirements 
  -- i.e. students need to take 2 '300' or '400' course level
-- NOTE: Some chemical engineering requirements exist in other departments
INSERT INTO `major_requirement` (`id`,`major_id`,`course_id`) VALUES
-- General engineering. All engineers need to take
-- NOTE: Please add this to CE too
-- Actual EE
(3,1,'EE150'),
(4,1,'EE160'),
(5,1,'EE240'),
(6,1,'EE211'),
(7,1,'EE241'),
(8,1,'EE251'),
(9,1,'EE264'),
(10,1,'EE300'),
(11,1,'EE310'),
(12,1,'EE342'),
(13,1,'EE365'),
(15,1,'EE360'),
(16,1,'MA302'),
(17,1,'MA303');

INSERT INTO `major_requirement` (`id`,`major_id`,`course_id`) VALUES
-- General engineering. All engineers need to take
-- Actual CE
(30,2,'CE110'),
(31,2,'CE111'),
(32,2,'CE160'),
(33,2,'CE211'),
(34,2,'CE221'),
(35,2,'CE232'),
(36,2,'CE331'),
(37,2,'CE341'),
(38,2,'CE351'),
(39,2,'CE352'),
(40,2,'CE361'),
(41,2,'CE371'),
(42,2,'CE372'),
(43,2,'MA302'),
(44,2,'MA303');

-- General Elective
INSERT INTO `major_requirement` (`id`,`major_id`,`course_id`) VALUES
(60,5,'PH101'),
(63,5,'HU101'),
(64,5,'HU102'),
(67,5,'MA110'),
(68,5,'MA111'),
(69,5,'MA113'),
(71,5,'MA224'),
(72,5,'GE101'),
(73,5,'GE102'),
(74,5,'GE103'),
(75,5,'GE104'),
(77,5,'GE106'),
(78,5,'GE107');


INSERT INTO `slot` (`id`,`day_id`,`time_id`) VALUES
-- Monday
(1,1,1),
(2,1,2),
(3,1,3),
(4,1,4),
(5,1,5),
(6,1,6),
(7,1,7),
(8,1,8),
-- Tuesday
(9,2,1),
(10,2,2),
(11,2,3),
(12,2,4),
(13,2,5),
(14,2,6),
(15,2,7),
(16,2,8),
-- Wednesday
(17,3,1),
(18,3,2),
(19,3,3),
(20,3,4),
(21,3,5),
(22,3,6),
(23,3,7),
(24,3,8),
-- Thursday
(25,4,1),
(26,4,2),
(27,4,3),
(28,4,4),
(29,4,5),
(30,4,6),
(31,4,7),
(32,4,8),
-- Friday
(33,5,1),
(34,5,2),
(35,5,3),
(36,5,4),
(37,5,5),
(38,5,6),
(39,5,7),
(40,5,8);

-- id - day - time
  -- time changes first then day ^
  -- if wed at 9 am = 16 + 2 = 18
-- NOTE: Go by credits = hours
  -- if lab then number of slots = Credits * 2
    -- 2 credits = 4 hours = 4 slots
-- Please insert from course number 20036 -> 20045, spring of 2019, and fall of 2019
-- fall 2016
INSERT INTO `course_section_slot` (`id`,`coursesection_id`,`slot_id`) VALUES
(1,20027,1),  
(2,20027,17),
(3,20027,25),
(4,20028,2),
(5,20028,18),
(6,20028,26),
(7,20029,1),
(8,20029,17),
(9,20029,25),
(10,20030,2),
(11,20030,18),
(12,20030,25),
(13,20031,3),
(14,20031,19),
(15,20031,26),
(16,20032,4),
(17,20032,19),
(18,20032,26),
(19,20033,9),
(20,20033,10),
(21,20033,17),
(22,20033,18),
(23,20034,11),
(24,20034,12),
(25,20034,19),
(26,20034,20),
(27,20035,5),
(28,20035,20),
(29,20035,27),
(30,20036,6),  
(31,20036,21),
(32,20036,28),
(33,20037,7),  
(34,20037,23),
(35,20037,31),
(36,20038,8),  
(37,20038,24),
(38,20038,32),
(39,20039,33),  
(40,20039,37),
(41,20039,40),
(42,20040,2),
(43,20040,18),
(44,20040,25),
(45,20041,3),
(46,20041,19),
(47,20041,26),
(48,20042,4),
(49,20042,19),
(50,20042,26),
(51,20043,9),
(52,20043,10),
(53,20043,17),
(54,20044,13),
(55,20044,14),
(56,20044,15),
(57,20045,27),
(58,20045,28),
(59,20045,29);

-- spring 2017
INSERT INTO `course_section_slot` (`id`,`coursesection_id`,`slot_id`) VALUES
(60,21029,1),  
(61,21029,17),
(62,21029,25),
(63,21030,2),
(64,21030,18),
(65,21030,26),
(66,21031,1),
(67,21031,17),
(68,21031,25),
(69,21032,2),
(70,21032,18),
(71,21032,25),
(72,21033,3),
(73,21033,19),
(74,21033,26),
(75,21034,4),
(76,21034,19),
(77,21034,26),
(78,21035,9),
(79,21035,10),
(80,21035,17),
(81,21035,18),
(82,21036,11),
(83,21036,12),
(84,21036,19),
(85,21036,20),
(86,21037,5),
(87,21037,20),
(89,21037,27),
(90,21038,6),  
(91,21038,21),
(92,21038,28),
(93,21039,7),  
(94,21039,23),
(95,21039,31),
(96,21040,8),  
(97,21040,24),
(98,21040,32),
(99,21041,33),  
(100,21041,37),
(101,21041,40);

-- fall 2017
INSERT INTO `course_section_slot` (`id`,`coursesection_id`,`slot_id`) VALUES
(102,30027,1),  
(103,30027,17),
(104,30027,25),
(105,30028,2),
(106,30028,18),
(107,30028,26),
(108,30029,1),
(109,30029,17),
(110,30029,25),
(111,30030,2),
(112,30030,18),
(113,30030,25),
(114,30031,3),
(115,30031,19),
(116,30031,26),
(117,30032,4),
(118,30032,19),
(119,30032,26),
(120,30033,9),
(121,30033,10),
(122,30033,17),
(123,30033,18),
(124,30034,11),
(125,30034,12),
(126,30034,19),
(127,30034,20),
(128,30035,5),
(129,30035,20),
(130,30035,27),
(131,30036,6),  
(132,30036,21),
(133,30036,28),
(134,30037,7),  
(135,30037,23),
(136,30037,31),
(137,30038,8),  
(138,30038,24),
(139,30038,32),
(140,30039,33),  
(141,30039,37),
(142,30039,40),
(143,30040,2),
(144,30040,18),
(145,30040,25),
(146,30041,3),
(147,30041,19),
(148,30041,26),
(149,30042,4),
(150,30042,19),
(151,30042,26),
(152,30043,9),
(153,30043,10),
(154,30043,17),
(155,30044,13),
(156,30044,14),
(157,30044,15),
(158,30045,27),
(159,30045,28),
(160,30045,29);

-- spring 2018
INSERT INTO `course_section_slot` (`id`,`coursesection_id`,`slot_id`) VALUES
(161,31029,1),  
(162,31029,17),
(163,31029,25),
(164,31030,2),
(165,31030,18),
(166,31030,26),
(167,31031,1),
(168,31031,17),
(169,31031,25),
(170,31032,2),
(171,31032,18),
(172,31032,25),
(173,31033,3),
(174,31033,19),
(175,31033,26),
(176,31034,4),
(177,31034,19),
(178,31034,26),
(179,31035,9),
(180,31035,10),
(181,31035,17),
(182,31035,18),
(183,31036,11),
(184,31036,12),
(185,31036,19),
(186,31036,20),
(187,31037,5),
(188,31037,20),
(189,31037,27),
(190,31038,6),  
(191,31038,21),
(192,31038,28),
(193,31039,7),  
(194,31039,23),
(195,31039,31),
(196,31040,8),  
(197,31040,24),
(198,31040,32),
(199,31041,33),  
(200,31041,37),
(201,31041,40);

-- fall 2018
INSERT INTO `course_section_slot` (`id`,`coursesection_id`,`slot_id`) VALUES
(202,40027,1),  
(203,40027,17),
(204,40027,25),
(205,40028,2),
(206,40028,18),
(207,40028,26),
(208,40029,1),
(209,40029,17),
(210,40029,25),
(211,40030,2),
(212,40030,18),
(213,40030,25),
(214,40031,3),
(215,40031,19),
(216,40031,26),
(217,40032,4),
(218,40032,19),
(219,40032,26),
(220,40033,9),
(221,40033,10),
(222,40033,17),
(223,40033,18),
(224,40034,11),
(225,40034,12),
(226,40034,19),
(227,40034,20),
(228,40035,5),
(229,40035,20),
(230,40035,27),
(231,40036,6),  
(232,40036,21),
(233,40036,28),
(234,40037,7),  
(235,40037,23),
(236,40037,31),
(237,40038,8),  
(238,40038,24),
(239,40038,32),
(240,40039,33),  
(241,40039,37),
(242,40039,40),
(243,40040,2),
(244,40040,18),
(245,40040,25),
(246,40041,3),
(247,40041,19),
(248,40041,26),
(249,40042,4),
(250,40042,19),
(251,40042,26),
(252,40043,9),
(253,40043,10),
(254,40043,17),
(255,40044,13),
(256,40044,14),
(257,40044,15),
(258,40045,27),
(259,40045,28),
(260,40045,29);

-- spring 2019
INSERT INTO `course_section_slot` (`id`,`coursesection_id`,`slot_id`) VALUES
(261,41029,1),  
(262,41029,17),
(263,41029,25),
(264,41030,2),
(265,41030,18),
(266,41030,26),
(267,41031,1),
(268,41031,17),
(269,41031,25),
(270,41032,2),
(271,41032,18),
(272,41032,25),
(273,41033,3),
(274,41033,19),
(275,41033,26),
(276,41034,4),
(277,41034,19),
(278,41034,26),
(279,41035,9),
(280,41035,10),
(281,41035,17),
(282,41035,18),
(283,41036,11),
(284,41036,12),
(285,41036,19),
(286,41036,20),
(287,41037,5),
(288,41037,20),
(289,41037,27),
(290,41038,6),  
(291,41038,21),
(292,41038,28),
(293,41039,7),  
(294,41039,23),
(295,41039,31),
(296,41040,8),  
(297,41040,24),
(298,41040,32),
(299,41041,33),  
(300,41041,37),
(301,41041,40);

-- fall 2019
INSERT INTO `course_section_slot` (`id`,`coursesection_id`,`slot_id`) VALUES
(302,50027,1),  
(303,50027,17),
(304,50027,25),
(305,50028,2),
(306,50028,18),
(307,50028,26),
(308,50029,1),
(309,50029,17),
(310,50029,25),
(311,50030,2),
(312,50030,18),
(313,50030,25),
(314,50031,3),
(315,50031,19),
(316,50031,26),
(317,50032,4),
(318,50032,19),
(319,50032,26),
(320,50033,9),
(321,50033,10),
(322,50033,17),
(323,50033,18),
(324,50034,11),
(325,50034,12),
(326,50034,19),
(327,50034,20),
(328,50035,5),
(329,50035,20),
(330,50035,27),
(331,50036,6),  
(332,50036,21),
(333,50036,28),
(334,50037,7),  
(335,50037,23),
(336,50037,31),
(337,50038,8),  
(338,50038,24),
(339,50038,32),
(340,50039,33),  
(341,50039,37),
(342,50039,40),
(343,50040,2),
(344,50040,18),
(345,50040,25),
(346,50041,3),
(347,50041,19),
(348,50041,26),
(349,50042,4),
(350,50042,19),
(351,50042,26),
(352,50043,9),
(353,50043,10),
(354,50043,17),
(355,50044,13),
(356,50044,14),
(357,50044,15),
(358,50045,27),
(359,50045,28),
(360,50045,29);

INSERT INTO `transcript` (`id`,`gradeReceived`,`year`,`season`,`course_id`,`student_id`) VALUES 
(1,'B','2017','F','MA110','40201'),
(2,'A','2017','F','EE365','40201'),
(3,'F','2017','F','PH102','40201'),
(4,'B','2017','F','GE101','40201'),
(5,'B','2017','F','GE102','40201'),
(6,'B','2018','SP','MA113','40201'),
(7,'B','2018','SP','MA304','40201'),
(8,'A','2018','SP','EE241','40201'),
(9,'A','2018','SP','EE251','40201'),
(10,'A','2018','SP','EE264','40201'),
(11,'B','2018','F','HU103','40201'),
(12,'B','2018','F','PH102','40201'),
(13,'A','2018','F','EE300','40201'),
(14,'A','2018','F','EE310','40201'),
(15,'A','2018','F','EE342','40201'),
(21,'A','2019','SP','EE303','40201');

INSERT INTO `transcript` (`id`,`year`,`season`,`course_id`,`student_id`) VALUES 
(16, '2019','SP','PH103','40201'),
(17, '2019','SP','MA305','40201'),
(19, '2019','SP','EE360','40201'),
(20, '2019','SP','EE394','40201');


INSERT INTO `enrollment` (`id`,`dateEnrolled`,`course_section_id`,`student_id`) VALUES
-- 2018 fall
(1,'2018-05-20',40023,'40201'),
(2,'2018-05-20',40025,'40201'),
(3,'2018-05-20',40029,'40201'),
(4,'2018-05-20',40031,'40201'),
(5,'2018-05-20',40034,'40201'),
-- (6,'2018-05-20',40014,'40001'),
(7,'2018-05-20',40014,'40202'),
(8,'2018-05-20',40014,'40203'),
(9,'2018-05-20',40014,'40204'),
(10,'2018-05-20',40014,'40205'),
(11,'2018-05-20',40014,'40206'),
(12,'2018-05-20',40014,'40207'),
(13,'2018-05-20',40014,'40208'),
(14,'2018-05-20',40014,'40209'),
(15,'2018-05-20',40014,'40210'),
(16,'2018-05-20',40014,'40211'),
(17,'2018-05-20',40014,'40212'),
(18,'2018-05-20',40014,'40213'),
(19,'2018-05-20',40014,'40214'),
(20,'2018-05-20',40014,'40215'),
(21,'2018-05-20',40014,'40216'),
(22,'2018-05-20',40014,'40217'),
(23,'2018-05-20',40014,'40218'),
(24,'2018-05-20',40014,'40219'),
(25,'2018-05-20',40014,'40220'),
-- 2019 spring
(26,'2018-12-20',40018,'40001'),
(27,'2018-12-20',40018,'40202'),
(28,'2018-12-20',40018,'40203'),
(29,'2018-12-20',40018,'40204'),
(30,'2018-12-20',40018,'40205'),
(31,'2018-12-20',40018,'40206'),
(32,'2018-12-20',40018,'40207'),
(33,'2018-12-20',40018,'40208'),
(34,'2018-12-20',40018,'40209'),
(35,'2018-12-20',40018,'40210'),
(36,'2018-12-20',40018,'40211'),
(37,'2018-12-20',40018,'40212'),
(38,'2018-12-20',40018,'40213'),
(39,'2018-12-20',40018,'40214'),
(40,'2018-12-20',40018,'40215'),
(41,'2018-12-20',40018,'40216'),
(42,'2018-12-20',40018,'40217'),
(43,'2018-12-20',40018,'40218'),
(44,'2018-12-20',40018,'40219'),
(45,'2018-12-20',40018,'40220'),
-- 2017 fall
(51,'2017-05-20',30014,'40201'),
(52,'2017-05-20',30037,'40201'),
(53,'2017-05-20',30025,'40201'),
(54,'2017-05-20',30042,'40201'),
(55,'2017-05-20',30044,'40201'),
-- 2018 spring
(56,'2017-12-20',31014,'40201'),
(57,'2017-12-20',31017,'40201'),
(58,'2017-12-20',31035,'40201'),
(59,'2017-12-20',31037,'40201'),
(60,'2017-12-20',31038,'40201'),
-- 2019 spring
(46,'2018-12-20',41026,'40201'),
(47,'2018-12-20',41017,'40201'),
(48,'2018-12-20',41039,'40201'),
(49,'2018-12-20',41040,'40201'),
(50,'2018-12-20',41041,'40201');



INSERT INTO `grade` (`id`,`type`,`letterGrade`,`course_section_id`,`student_id`) VALUES
-- (fall 2018)
(1,'M','B',40023,40201), 
(2,'F','B',40023,40201),
(3,'M','A',40025,40201),
(4,'F','B',40025,40201),
(5,'M','B',40029,40201),
(6,'F','F',40029,40201),
(7,'M','C',40031,40201),
(8,'F','A',40031,40201),
(9,'M','B',40034,40201),
(10,'F','B',40034,40201),
-- spring 2019
(11,'M','B',41026,40201),
(12,'F','A',41026,40201),
(13,'M','B',41017,40201),
(14,'F','B',41017,40201),
(15,'M','A',41039,40201),
(16,'F','A',41039,40201),
(17,'M','A',41040,40201),
(18,'F','A',41040,40201),
(19,'M','B',41041,40201),
(20,'F','A',41041,40201),
-- (fall 2017)
(21,'M','B',30031,40201), 
(22,'F','B',30031,40201),
(23,'M','A',30037,40201),
(24,'F','A',30037,40201),
(25,'M','B',30025,40201),
(26,'F','F',30025,40201),
(27,'M','B',30042,40201),
(28,'F','B',30042,40201),
(29,'M','B',30044,40201),
(30,'F','B',30044,40201),
-- (2018 spring)
(31,'M','B',31014,40201),
(32,'F','B',31014,40201),
(33,'M','B',31017,40201),
(34,'F','B',31017,40201),
(35,'M','A',31035,40201),
(36,'F','A',31035,40201),
(37,'M','A',31037,40201),
(38,'F','A',31037,40201),
(39,'M','A',31038,40201),
(40,'F','A',31038,40201);


-- Users
INSERT INTO `user`
(`id`, `password`, `type`, `email`, `firstName`, `lastName`, `address`, `city`, `state`, `country`, `zipCode`, `phoneNumber`, `isLockout`, `second_email`) VALUES
(19909, '123', 'F', 'math1teacher', 'Kim', 'Miss', '100 Main St', 'Lynbrrok', 'NY', 'USA', '11563', '5167900666', 0, 'mathemail1@gmail.com'),
(19901, '123', 'F', 'math2teacher', 'Chuckee', 'Miss', '110 Main St', 'Lynbrrok', 'NY', 'USA', '11562', '5167900656', 0, 'mathemail2@gmail.com'),
(19902, '123', 'F', 'math3teacher', 'Zhao', 'Miss', '120 Main St', 'Lynbrrok', 'NY', 'USA', '11564', '5167900646', 0, 'mathemail3@gmail.com'),
(19903, '123', 'F', 'math4teacher', 'Zhao', 'Lan', '130 Main St', 'Lynbrrok', 'NY', 'USA', '11565', '5167900636', 0, 'mathemail4@gmail.com'),
(19904, '123', 'F', 'GE1teacher', 'Sarah', 'Miss', '140 Main St', 'Lynbrrok', 'NY', 'USA', '11863', '5167900626', 0, 'GEemail1@gmail.com'),
(19905, '123', 'F', 'GE2teacher', 'Williams', 'Miss', '150 Main St', 'Lynbrrok', 'NY', 'USA', '11763', '5167900616', 0, 'GEemail2@gmail.com'),
(19906, '123', 'F', 'GE3teacher', 'GENEDTEACHER', 'Miss', '160 Main St', 'Lynbrrok', 'NY', 'USA', '11663', '5167900606', 0, 'GEemail3@gmail.com'),
(19907, '123', 'F', 'GE4teacher', 'GE', 'Miss', '170 Main St', 'Lynbrrok', 'NY', 'USA', '11463', '5167900661', 0, 'GEemail4@gmail.com'),
(19908, '123', 'F', 'PH1teacher', 'Alizee', 'Miss', '180 Main St', 'Lynbrrok', 'NY', 'USA', '11263', '5167900662', 0, 'GEemail1@gmail.com'),
(19910, '123', 'F', 'PH2teacher', 'Gup', 'Na', '190 Main St', 'Lynbrrok', 'NY', 'USA', '11513', '5167900663', 0, 'PHemail2@gmail.com'),
(19911, '123', 'F', 'PH3teacher', 'Physic', 'MS', '200 Main St', 'Lynbrrok', 'NY', 'USA', '11593', '5167900664', 0, 'PHemail3@gmail.com'),
(19912, '123', 'F', 'PH4teacher', 'Physic', 'MR', '210 Main St', 'Lynbrrok', 'NY', 'USA', '11963', '5167900665', 0, 'PHemail4@gmail.com');



-- enrollmentprocess faculty

INSERT INTO `faculty` (`user_id`, `isFullTime`, `department_id`, `room_id`) VALUES
(19909, 1, 'MA', 'ET16'), 
(19901, 1, 'MA', 'ET17'),
(19902, 1, 'MA', 'ET18'),
(19903, 1, 'MA', 'ET19'),
(19904, 1, 'GE', 'ET20'), 
(19905, 1, 'GE', 'ET21'),
(19906, 1, 'GE', 'ET22'),
(19907, 1, 'GE', 'ET23'),
(19908, 1, 'PH', 'ET35'), 
(19910, 1, 'PH', 'ET36'),
(19911, 1, 'PH', 'ET37'),
(19912, 1, 'PH', 'ET38');


-- SIDE NOTE ALSO MADE MORE EE FACULTY FOR GERTZ EE ENROLLMENT

INSERT INTO `user`
(`id`, `password`, `type`, `email`, `firstName`, `lastName`, `address`, `city`, `state`, `country`, `zipCode`, `phoneNumber`, `isLockout`, `second_email`) VALUES
(19913, '123', 'F', 'EE1teacher', 'EE', 'Miss', '100 Main St', 'Lynbrrok', 'NY', 'USA', '11563', '5167900666', 0, 'mathemail1@gmail.com'),
(19914, '123', 'F', 'EE2teacher', 'ChuckEE', 'Miss', '110 Main St', 'Lynbrrok', 'NY', 'USA', '11562', '5167900656', 0, 'mathemail2@gmail.com'),
(19915, '123', 'F', 'EE3teacher', 'EE', 'Miss', '100 Main St', 'Lynbrrok', 'NY', 'USA', '11563', '5167900666', 0, 'mathemail1@gmail.com'),
(19916, '123', 'F', 'EE4teacher', 'ChuckEE', 'Miss', '110 Main St', 'Lynbrrok', 'NY', 'USA', '11562', '5167900656', 0, 'mathemail2@gmail.com');





INSERT INTO `faculty` (`user_id`, `isFullTime`, `department_id`, `room_id`) VALUES
(19913, 1, 'EE', 'ET36'),
(19914, 1, 'EE', 'ET37'),
(19915, 1, 'EE', 'ET38'),
(19916, 1, 'EE', 'ET39');


-- Physics inserts
INSERT INTO `course` (`id`, `department_id`, `number`, `name`, `description`, `numberOfCredits`, `isGraduateCourse`, `isActive`, `isInCatalog`) VALUES
('PH131','PH',131, 'Classical Physics', "With laboratories",4,0,1,1),
('PH251','PH',251, 'Modern Physics', "With Modern laboratories",4,0,1,1),
('PH277','PH',277, 'Computation for Physics', "With phyiscal laboratories",4,0,1,1),
('PH300','PH',300, 'Waves and Optics', "With wavey laboratories",4,0,1,1),
('PH301','PH',301, 'Electromagnetic Theory', "With electromagnetic laboratories",4,0,1,1),
('PH303','PH',303, 'Mechanics', "With mechanical laboratories",4,0,1,1),
('PH306','PH',306, 'Thermodynamics', "With thermolaboratories",4,0,1,1),
('PH308','PH',308, 'Quantum Physics', "With quantum laboratories",4,0,1,1);

INSERT INTO `minor` (`id`,`name`,`department_id`) VALUES (2,'Physics', 'PH');
INSERT INTO `major` (`id`,`name`,`type`,`department_id`) VALUES (4, 'Physics','BS','PH');

INSERT INTO `minor_requirement` (`id`,`minor_id`,`course_id`) VALUES
(110,2,'PH131'),
(111,2,'PH251'),
(112,2,'PH277'),
(113,2,'PH300'),
(114,2,'PH303'),
(115,2,'PH306'),
(116,2,'PH308');

INSERT INTO `prerequisite` (`id`,`requiredGrade`,`course_id`,`prereq_id`) VALUES
(31,'C','MA302','MA110'),
(32,'C','MA304','MA111'),
(33,'C','MA303','MA113'),
(34,'C','MA305','MA223'),
(35,'C','GE105','GE102'),
(36,'C','GE106','GE101'),
(37,'C','PH251','PH101'),
(38,'C','PH300','PH102'),
(39,'C','PH306','PH103'),
(40,'C','PH308','PH300');

-- USE pre reqs already in sql file + these
-- major requirements for ma, gen electives, and physics
INSERT INTO `major_requirement` (`id`,`major_id`,`course_id`) VALUES
(110,4,'PH131'),
(111,4,'PH251'),
(112,4,'PH277'),
(113,4,'PH300'),
(114,4,'PH303'),
(115,4,'PH306'),
(116,4,'PH308');

-- student_major to general elective and EE for GertzG and general elective for toothG
INSERT INTO `student_major` (`id`,`dateDeclared`,`major_id`,`student_id`) VALUES
(2,20160804, 5, 40001),
(5,20160804, 1, 40001),
(3,20160804, 1,40201),
(4,20160804,5,40201);

-- toothg student_minor to math
INSERT INTO `student_minor` (`id`,`dateDeclared`,`minor_id`,`student_id`) VALUES (2,20080515, 1, 40001);

-- toothg and gertzG advisor inserts for corresponding faculty EE for gertz MA for toothg
-- INSERT INTO `advisor` (`id`, `faculty_id`, `student_id`,`dateAssigned`) VALUES 
-- (103,10009, 40001, '2018-07-22');
INSERT INTO `course` (`id`, `department_id`, `number`, `name`, `description`, `numberOfCredits`, `isGraduateCourse`, `isActive`, `isInCatalog`) VALUES
('EE101','EE',101, 'EE BASICS', "With EE laboratories",4,0,1,1),
('EE102','EE',102, 'EE BASICS 2', "With Modern EE laboratories",4,0,1,1),
('EE321','EE',321, 'Computation for EE', "With phyiscal EE laboratories",4,0,1,1);
SET SQL_SAFE_UPDATES=0;
-- delete from transcript;
-- TRANSCRIPT INSERTS TOOTHG HAS GE, GERTZ HAS GE AND EE

-- INSERT INTO `transcript` (`id`,`gradeReceived`,`year`,`season`,`course_id`,`student_id`) VALUES
-- (13,'A','2016','F','EE300','40201'),
-- (14,'B','2016','F','EE310','40201'),
-- (15,'B','2016','F','EE303','40201'),
-- (16,'B','2017','SP','EE321','40201'),
-- (17,'A','2017','SP','EE342','40201'),
-- (18,'B','2017','SP','EE357','40201'),
-- (19,'A','2017','SP','EE360','40201'),
-- (20,'B','2017','F','EE365','40201'),
-- (21,'A','2017','F','EE394','40201'),
-- (22,'C','2017','F','EE395','40201'),
-- (23,'C','2017','F','EE396','40201'),
-- (24,'A','2018','SP','GE101','40201'),
-- (25,'B','2018','SP','GE102','40201'),
-- (26,'C','2018','SP','GE103','40201'),
-- (27,'C','2018','F','GE104','40201'),
-- (28,'A','2018','F','GE105','40201'),
-- (29,'A','2018','F','GE106','40201'),
-- (30,'B','2018','F','GE107','40201'),
-- (31,'C','2019','SP','GE108','40201'),
-- (32,'A','2019','SP','GE109','40201'),
-- (33,'A','2016','SP','GE101','40001'),
-- (34,'B','2016','SP','MA110','40001'),
-- (35,'A','2016','SP','MA111','40001'),
-- (36,'B','2016','SP','GE102','40001'),
-- (37,'A','2017','F','MA113','40001'),
-- (38,'A','2017','F','GE102','40001'),
-- (39,'B','2017','F','GE103','40001'),
-- (40,'C','2017','F','MA223','40001'),
-- (41,'B','2017','SP','GE104','40001'),
-- (42,'A','2017','SP','MA224','40001'),
-- (43,'C','2017','SP','GE105','40001'),
-- (45,'A','2018','F','MA240','40001'),
-- (46,'B','2018','F','MA302','40001'),
-- (47,'A','2018','F','GE106','40001'),
-- (48,'B','2018','F','GE107','40001'),
-- (49,'A','2018','SP','MA303','40001'),
-- (50,'A','2018','SP','MA304','40001'),
-- (51,'B','2018','SP','GE108','40001'),
-- (52,'C','2018','SP','GE109','40001');


-- ENROLLMENT PROCESS made user then fac users then course section ids for enrollment then enrollment for attendance
--
-- COURSE SECTIONS FOR ALL CLASSES IN TRANSCRIPTS TO TEST

INSERT INTO `course_section` (`id`,`course_id`,`number`,`faculty_id`,`numOfSeats`,`numOfTaken`,`term_id`,`room_id`) VALUES
(20150,'EE101',1,19913,30,20,2,'ET36'),
(20151,'EE102',1,19914,30,20,2,'ET37'),
(20152,'EE300',1,19915,30,20,2,'ET38'),
(20153,'EE310',1,19916,30,20,2,'ET39'),
(20154,'EE303',1,10006,30,20,2,'ET2');


INSERT INTO `course_section` (`id`,`course_id`,`number`,`faculty_id`,`numOfSeats`,`numOfTaken`,`term_id`,`room_id`) VALUES
(20155,'EE321',1,19913,30,20,3,'ET36'),
(20056,'EE342',1,19914,30,20,3,'ET37'),
(20057,'EE357',1,19915,30,20,3,'ET38'),
(20058,'EE360',1,19916,30,20,3,'ET39'),
(20059,'EE365',1,19913,30,20,4,'ET36'),
(20060,'EE394',1,19914,30,20,4,'ET37'),
(20061,'EE395',1,19915,30,20,4,'ET38'),
(20062,'EE396',1,19916,30,20,4,'ET39'),
(20063,'GE101',1,19904,30,20,5,'ET20'),
(20064,'GE102',1,19905,30,20,5,'ET21'),
(20065,'GE103',1,19906,30,20,5,'ET22'),
(20066,'GE104',1,19904,30,20,6,'ET20'),
(20067,'GE105',1,19905,30,20,6,'ET21'),
(20068,'GE106',1,19906,30,20,6,'ET22'),
(20069,'GE107',1,19907,30,20,6,'ET23'),
(20070,'GE108',1,19905,30,20,7,'ET21'),
(20071,'GE109',1,19907,30,20,7,'ET23'),
(20072,'GE101',1,19905,30,20,1,'ET21'),
(20073,'MA110',1,19909,30,20,1,'ET16'),
(20074,'MA111',1,19901,30,20,1,'ET17'),
(20075,'GE102',1,19904,30,20,1,'ET20'),
(20076,'MA113',1,19909,30,20,4,'ET16'),
(20077,'GE103',1,19904,30,20,4,'ET20'),
(20078,'MA223',1,19902,30,20,4,'ET18'),
(20079,'GE104',1,19905,30,20,3,'ET21'),
(20080,'MA224',1,19901,30,20,3,'ET17'),
(20081,'GE105',1,19906,30,20,3,'ET22'),
(20082,'MA240',1,19901,30,20,6,'ET17'),
(20083,'MA302',1,19902,30,20,6,'ET18'),
(20084,'GE106',1,19907,30,20,6,'ET23'),
(20085,'GE107',1,10004,30,20,6,'ET20'),
(20086,'MA303',1,19903,30,20,5,'ET19'),
(20087,'MA304',1,19901,30,20,5,'ET17'),
(20088,'GE108',1,19905,30,20,5,'ET21'),
(20089,'GE109',1,19906,30,20,5,'ET22');


-- COURSE SECTION SLOT FOR ALL REQUIRED CLASSES FOR TOOTHG AND GERTZG

INSERT INTO `course_section_slot` (`id`,`coursesection_id`,`slot_id`) VALUES
(901,20150,14),  
(902,20150,30),
(903,20151,13),
(904,20151,29),
(905,20152,12),
(906,20152,28),
(907,20153,11),
(908,20153,27),
(909,20154,10),
(910,20154,26),
(911,20155,14),
(912,20155,30),
(913,20056,13),
(914,20056,29),
(915,20057,12),
(916,20057,28),
(917,20058,11),
(918,20058,27),
(919,20059,14),
(920,20059,30),
(921,20060,13),
(922,20060,29),
(923,20061,12),
(924,20061,28),
(925,20062,11),
(926,20062,27),
(927,20063,14),
(928,20063,30),
(929,20064,13),
(930,20064,29),  
(931,20065,12),
(932,20065,28),
(933,20066,11),  
(934,20066,27),
(935,20067,14),
(936,20067,30),  
(937,20068,13),
(938,20068,29),
(939,20069,12),  
(940,20069,28),
(941,20070,14),
(942,20070,30),
(943,20071,13),
(944,20071,29),
(945,20072,14),
(946,20072,30),
(947,20073,13),
(948,20073,29),
(949,20074,12),
(950,20074,28),
(951,20075,11),
(952,20075,27),
(953,20076,14),
(954,20076,30),
(955,20077,13),
(956,20077,29),
(957,20078,12),
(958,20078,28),
(959,20079,14),
(960,20079,30),
(961,20080,13),
(962,20080,29),
(963,20081,12),
(964,20081,28),
(965,20082,14),
(966,20082,30),
(967,20083,13),
(968,20083,29),
(969,20084,12),
(970,20084,28),
(971,20085,11),
(972,20086,27),
(973,20087,14),
(974,20088,30),
(975,20089,13),
(976,20089,29);


-- ENROLLMENT FOR TOOTHG AND GERTZG

-- gertzg
INSERT INTO `enrollment` (`id`,`dateEnrolled`,`course_section_id`,`student_id`) VALUES
(101,'2016-09-20',20150,'40201'),
(102,'2016-09-20',20151,'40201'),
(103,'2016-09-20',20152,'40201'),
(104,'2016-09-20',20153,'40201'),
(190,'2016-09-20',20154,'40201'),
(105,'2017-03-20',20155,'40201'),
(106,'2017-03-20',20056,'40201'),
(107,'2017-03-20',20057,'40201'),
(108,'2017-03-20',20058,'40201'),
(109,'2017-09-20',20059,'40201'),
(110,'2017-09-20',20060,'40201'),
(111,'2017-09-20',20061,'40201'),
(112,'2017-09-20',20062,'40201'),
(113,'2018-03-20',20063,'40201'),
(114,'2018-03-20',20064,'40201'),
(115,'2018-03-20',20065,'40201'),
(116,'2018-09-20',20066,'40201'),
(117,'2018-09-20',20067,'40201'),
(118,'2018-09-20',20068,'40201'),
(119,'2018-09-20',20069,'40201'),
(120,'2019-03-20',20070,'40201'),
(121,'2019-03-20',20071,'40201');


-- toothg
-- INSERT INTO `enrollment` (`id`,`dateEnrolled`,`course_section_id`,`student_id`) VALUES
-- (122,'2016-03-20',20072,'40001'),
-- (123,'2016-03-20',20073,'40001'),
-- (124,'2016-03-20',20074,'40001'),
-- (125,'2016-03-20',20075,'40001'),
-- (129,'2017-09-20',20076,'40001'),
-- (130,'2017-09-20',20077,'40001'),
-- (131,'2017-09-20',20078,'40001'),
-- (126,'2017-03-20',20079,'40001'),
-- (127,'2017-03-20',20080,'40001'),
-- (128,'2017-03-20',20081,'40001'),
-- (132,'2018-09-20',20082,'40001'),
-- (133,'2018-09-20',20083,'40001'),
-- (134,'2018-09-20',20084,'40001'),
-- (135,'2018-09-20',20085,'40001'),
-- (136,'2018-03-20',20086,'40001'),
-- (137,'2018-03-20',20087,'40001'),
-- (138,'2018-03-20',20088,'40001'),
-- (139,'2018-03-20',20089,'40001');


-- SECTION SLOT I THINK U MEANT THIS RIGHT
INSERT INTO `course` (`id`, `department_id`, `number`, `name`, `description`, `numberOfCredits`, `isGraduateCourse`, `isActive`, `isInCatalog`) VALUES
('TBD10','PH',101,'TBD',"TO BE DECIDED",4,0,1,1);

INSERT INTO `course_section` (`id`,`course_id`,`number`,`faculty_id`,`numOfSeats`,`numOfTaken`,`term_id`,`room_id`) VALUES
(50909,'TBD10',1,10010,30,0,8,'ET25');


-- ATTENDANCE FOR GERTZG
INSERT INTO `attendance` (`id`,`isPresent`,`dayAttended`,`enrollment_id`) VALUES
(26,1,'2016-10-01', 101),
(27,1,'2016-10-03', 101),
(28,1,'2016-10-08', 101),
(29,1,'2016-10-10', 101),
(30,1,'2016-10-15', 101),
(31,1,'2016-10-17', 101),
(32,1,'2016-10-22', 101),
(33,1,'2016-10-24', 101),
(34,1,'2016-11-01', 101),
(35,1,'2016-11-03', 101),
(36,1,'2016-11-08', 101),
(37,1,'2016-11-10', 101),
(38,1,'2016-11-15', 101),
(39,1,'2016-11-17', 101),
(40,1,'2016-11-22', 101),
(41,1,'2016-11-24', 101),
(42,1,'2016-10-01', 102),
(43,1,'2016-10-03', 102),
(44,1,'2016-10-08', 102),
(45,1,'2016-10-10', 102),
(46,1,'2016-10-15', 102),
(47,1,'2016-10-17', 102),
(48,1,'2016-10-22', 102),
(49,1,'2016-10-24', 102),
(50,1,'2016-11-01', 102),
(51,1,'2016-11-03', 102),
(52,1,'2016-11-08', 102),
(53,1,'2016-11-10', 102),
(54,1,'2016-11-15', 102),
(55,1,'2016-11-17', 102),
(56,1,'2016-11-22', 102),
(57,1,'2016-11-24', 102),
(58,1,'2016-10-01', 103),
(59,1,'2016-10-03', 103),
(60,1,'2016-10-08', 103),
(61,1,'2016-10-10', 103),
(62,1,'2016-10-15', 103),
(63,1,'2016-10-17', 103),
(64,1,'2016-10-22', 103),
(65,1,'2016-10-24', 103),
(66,1,'2016-11-01', 103),
(67,1,'2016-11-03', 103),
(68,1,'2016-11-08', 103),
(69,1,'2016-11-10', 103),
(70,1,'2016-11-15', 103),
(71,1,'2016-11-17', 103),
(72,1,'2016-11-22', 103),
(73,1,'2016-11-24', 103),
(74,1,'2016-10-01', 104),
(75,1,'2016-10-03', 104),
(76,1,'2016-10-08', 104),
(77,1,'2016-10-10', 104),
(78,1,'2016-10-15', 104),
(79,1,'2016-10-17', 104),
(80,1,'2016-10-22', 104),
(81,1,'2016-10-24', 104),
(82,1,'2016-11-01', 104),
(83,1,'2016-11-03', 104),
(84,1,'2016-11-08', 104),
(85,1,'2016-11-10', 104),
(86,1,'2016-11-15', 104),
(87,1,'2016-11-17', 104),
(88,1,'2016-11-22', 104),
(89,1,'2016-11-24', 104),
(690,1,'2016-05-10', 190),
(691,1,'2016-05-15', 190),
(692,1,'2016-05-17', 190),
(693,1,'2016-05-22', 190),
(694,1,'2016-05-24', 190),
(695,1,'2017-05-10', 105),
(696,1,'2017-05-15', 106),
(697,1,'2017-05-17', 106),
(698,1,'2017-05-22', 106),
(699,1,'2017-06-24', 106),
(685,1,'2017-05-10', 107),
(686,1,'2017-05-15', 107),
(687,1,'2017-05-17', 107),
(688,1,'2017-05-22', 107),
(689,1,'2017-05-24', 107),
(90,1,'2017-05-10', 108),
(591,1,'2017-05-12', 108),
(592,1,'2017-05-17', 108),
(593,1,'2017-05-19', 108),
(594,1,'2017-05-24', 108),
(91,1,'2017-11-15', 109),
(595,1,'2017-11-17', 109),
(596,1,'2017-11-24', 109),
(597,1,'2017-11-26', 109),
(598,1,'2017-12-03', 109),
(599,1,'2017-12-05', 109),
(92,1,'2017-11-17', 110),
(600,1,'2017-11-19', 110),
(601,1,'2017-11-24', 110),
(93,1,'2017-11-22', 111),
(602,1,'2017-11-24', 111),
(603,1,'2017-11-26', 111),
(94,1,'2017-11-28', 112),
(604,1,'2017-11-30', 112),
(605,1,'2017-12-03', 112),
(606,1,'2017-12-05', 112),
(95,1,'2018-05-10', 113),
(607,1,'2018-05-12', 113),
(608,1,'2017-05-19', 113),
(609,1,'2017-05-21', 113),
(96,1,'2018-05-15', 114),
(610,1,'2018-05-17', 114),
(611,1,'2018-05-22', 114),
(612,1,'2018-05-24', 114),
(97,1,'2018-05-17', 115),
(613,1,'2018-05-19', 115),
(614,1,'2018-05-24', 115),
(615,1,'2018-05-26', 115),
(98,1,'2018-11-22', 116),
(616,1,'2018-11-24', 116),
(617,1,'2018-11-30', 116),
(618,1,'2018-12-02', 116),
(99,1,'2018-11-24', 117),
(619,1,'2018-11-26', 117),
(620,1,'2018-12-03', 117),
(621,1,'2018-12-05', 117),
(100,1,'2018-11-10', 118),
(622,1,'2018-11-12', 118),
(623,1,'2018-11-19', 118),
(624,1,'2018-11-21', 118),
(625,1,'2018-11-28', 118),
(626,1,'2018-11-30', 118),
(627,1,'2018-12-06', 118),
(101,1,'2018-10-08', 119),
(628,1,'2018-10-10', 119),
(629,1,'2018-10-15', 119),
(630,1,'2018-10-17', 119),
(631,1,'2018-10-22', 119),
(632,1,'2018-10-24', 119),
(633,1,'2018-10-29', 119),
(634,1,'2018-11-01', 119),
(635,1,'2018-11-06', 119),
(102,1,'2019-04-20', 120),
(636,1,'2019-04-22', 120),
(637,1,'2019-04-27', 120),
(638,1,'2019-05-03', 120),
(639,1,'2019-05-05', 120),
(640,1,'2019-05-10', 120),
(641,1,'2019-05-12', 120),
(642,1,'2019-05-17', 120),
(643,1,'2019-05-19', 120),
(644,1,'2019-05-26', 120),
(645,1,'2019-05-28', 120),

(103,1,'2019-04-20', 121),
(646,1,'2019-04-22', 121),
(647,1,'2019-04-29', 121),
(648,1,'2019-04-30', 121),
(649,1,'2019-05-05', 121),
(650,1,'2019-05-07', 121),
(651,1,'2019-05-12', 121),
(652,1,'2019-05-14', 121),
(653,1,'2019-05-19', 121),
(654,1,'2019-05-22', 121),
(655,1,'2019-05-26', 121);



-- ATTENDANCE FOR TOOTHG
-- INSERT INTO `attendance` (`id`,`isPresent`,`dayAttended`,`enrollment_id`) VALUES
-- (104,1,'2016-03-24', 122),
-- (701,1,'2016-03-26', 122),
-- (702,1,'2016-04-02', 122),
-- (703,1,'2016-04-04', 122),
-- (704,1,'2016-04-09', 122),
-- (705,1,'2016-04-11', 122),
-- (706,1,'2016-04-16', 122),
-- (707,1,'2016-04-18', 122),
-- (708,1,'2016-04-23', 122),
-- (709,1,'2016-04-25', 122),
-- (710,1,'2016-05-02', 122),
-- 
-- (105,1,'2016-05-24', 123),
-- (711,1,'2016-03-26', 123),
-- (712,1,'2016-04-02', 123),
-- (713,1,'2016-04-04', 123),
-- (714,1,'2016-04-09', 123),
-- (715,1,'2016-04-11', 123),
-- (716,1,'2016-04-16', 123),
-- (717,1,'2016-04-18', 123),
-- (718,1,'2016-04-23', 123),
-- (719,1,'2016-04-25', 123),
-- (720,1,'2016-05-02', 123),
-- 
-- (106,1,'2016-05-24', 124),
-- (721,1,'2016-03-26', 124),
-- (722,1,'2016-04-02', 124),
-- (723,1,'2016-04-04', 124),
-- (724,1,'2016-04-09', 124),
-- (725,1,'2016-04-11', 124),
-- (726,1,'2016-04-16', 124),
-- (727,1,'2016-04-18', 124),
-- (728,1,'2016-04-23', 124),
-- (729,1,'2016-04-25', 124),
-- (730,1,'2016-05-02', 124),
-- 
-- (107,1,'2016-05-24', 125),
-- (731,1,'2016-03-26', 125),
-- (732,1,'2016-04-02', 125),
-- (733,1,'2016-04-04', 125),
-- (734,1,'2016-04-09', 125),
-- (735,1,'2016-04-11', 125),
-- (736,1,'2016-04-16', 125),
-- (737,1,'2016-04-18', 125),
-- (738,1,'2016-04-23', 125),
-- (739,1,'2016-04-25', 125),
-- (740,1,'2016-05-02', 125),
-- 
-- (108,1,'2017-10-06', 129),
-- (741,1,'2017-10-08', 129),
-- (742,1,'2017-10-10', 129),
-- (743,1,'2017-10-15', 129),
-- (744,1,'2017-10-17', 129),
-- (745,1,'2017-10-22', 129),
-- (746,1,'2017-10-24', 129),
-- (747,1,'2017-11-01', 129),
-- (748,1,'2017-11-03', 129),
-- (749,1,'2017-11-08', 129),
-- (750,1,'2017-11-22', 129),
-- 
-- (109,1,'2017-10-06', 130),
-- (751,1,'2017-10-08', 130),
-- (752,1,'2017-10-10', 130),
-- (753,1,'2017-10-15', 130),
-- (754,1,'2017-10-17', 130),
-- (755,1,'2017-10-22', 130),
-- (756,1,'2017-10-24', 130),
-- (757,1,'2017-11-01', 130),
-- (758,1,'2017-11-03', 130),
-- (759,1,'2017-11-08', 130),
-- (760,1,'2017-11-22', 130),
-- 
-- (110,1,'2017-10-06', 131),
-- (761,1,'2017-10-08', 131),
-- (762,1,'2017-10-10', 131),
-- (763,1,'2017-10-15', 131),
-- (764,1,'2017-10-17', 131),
-- (765,1,'2017-10-22', 131),
-- (766,1,'2017-10-24', 131),
-- (767,1,'2017-11-01', 131),
-- (768,1,'2017-11-03', 131),
-- (769,1,'2017-11-08', 131),
-- (770,1,'2017-11-22', 131),
-- 
-- (111,1,'2017-05-24', 126),
-- (771,1,'2017-03-26', 126),
-- (772,1,'2017-04-02', 126),
-- (773,1,'2017-04-04', 126),
-- (774,1,'2017-04-09', 126),
-- (775,1,'2017-04-11', 126),
-- (776,1,'2017-04-16', 126),
-- (777,1,'2017-04-18', 126),
-- (778,1,'2017-04-23', 126),
-- (779,1,'2017-04-25', 126),
-- (780,1,'2017-05-02', 126),
-- 
-- (112,1,'2017-05-24', 127),
-- (781,1,'2017-03-26', 127),
-- (782,1,'2017-04-02', 127),
-- (783,1,'2017-04-04', 127),
-- (784,1,'2017-04-09', 127),
-- (785,1,'2017-04-11', 127),
-- (786,1,'2017-04-16', 127),
-- (787,1,'2017-04-18', 127),
-- (788,1,'2017-04-23', 127),
-- (789,1,'2017-04-25', 127),
-- (790,1,'2017-05-02', 127),
-- 
-- (113,1,'2017-05-24', 128),
-- (791,1,'2017-03-26', 128),
-- (792,1,'2017-04-02', 128),
-- (793,1,'2017-04-04', 128),
-- (794,1,'2017-04-09', 128),
-- (795,1,'2017-04-11', 128),
-- (796,1,'2017-04-16', 128),
-- (797,1,'2017-04-18', 128),
-- (798,1,'2017-04-23', 128),
-- (799,1,'2017-04-25', 128),
-- (800,1,'2017-05-02', 128),
-- 
-- (114,1,'2018-10-06', 132),
-- (801,1,'2018-10-08', 132),
-- (802,1,'2018-10-10', 132),
-- (803,1,'2018-10-15', 132),
-- (804,1,'2018-10-17', 132),
-- (805,1,'2018-10-22', 132),
-- (806,1,'2018-10-24', 132),
-- (807,1,'2018-11-01', 132),
-- (808,1,'2018-11-03', 132),
-- (809,1,'2018-11-08', 132),
-- (810,1,'2018-11-22', 132),
-- 
-- (115,1,'2018-10-06', 133),
-- (811,1,'2018-10-08', 133),
-- (812,1,'2018-10-10', 133),
-- (813,1,'2018-10-15', 133),
-- (814,1,'2018-10-17', 133),
-- (815,1,'2018-10-22', 133),
-- (816,1,'2018-10-24', 133),
-- (817,1,'2018-11-01', 133),
-- (818,1,'2018-11-03', 133),
-- (819,1,'2018-11-08', 133),
-- (820,1,'2018-11-22', 133),
-- 
-- 
-- (116,1,'2018-10-06', 134),
-- (821,1,'2018-10-08', 134),
-- (822,1,'2018-10-10', 134),
-- (823,1,'2018-10-15', 134),
-- (824,1,'2018-10-17', 134),
-- (825,1,'2018-10-22', 134),
-- (826,1,'2018-10-24', 134),
-- (827,1,'2018-11-01', 134),
-- (828,1,'2018-11-03', 134),
-- (829,1,'2018-11-08', 134),
-- (830,1,'2018-11-22', 134),
-- 
-- 
-- (117,1,'2018-10-06', 135),
-- (831,1,'2018-10-08', 135),
-- (832,1,'2018-10-10', 135),
-- (833,1,'2018-10-15', 135),
-- (834,1,'2018-10-17', 135),
-- (835,1,'2018-10-22', 135),
-- (836,1,'2018-10-24', 135),
-- (837,1,'2018-11-01', 135),
-- (838,1,'2018-11-03', 135),
-- (839,1,'2018-11-08', 135),
-- (840,1,'2018-11-22', 135),
-- 
-- (118,1,'2018-05-24', 136),
-- (841,1,'2018-03-26', 136),
-- (842,1,'2018-04-02', 136),
-- (843,1,'2018-04-04', 136),
-- (844,1,'2018-04-09', 136),
-- (845,1,'2018-04-11', 136),
-- (846,1,'2018-04-16', 136),
-- (847,1,'2018-04-18', 136),
-- (848,1,'2018-04-23', 136),
-- (849,1,'2018-04-25', 136),
-- (850,1,'2018-05-02', 136),
-- 
-- (119,1,'2018-05-24', 137),
-- (851,1,'2018-03-26', 137),
-- (852,1,'2018-04-02', 137),
-- (853,1,'2018-04-04', 137),
-- (854,1,'2018-04-09', 137),
-- (855,1,'2018-04-11', 137),
-- (856,1,'2018-04-16', 137),
-- (857,1,'2018-04-18', 137),
-- (858,1,'2018-04-23', 137),
-- (859,1,'2018-04-25', 137),
-- (860,1,'2018-05-02', 137),
-- 
-- (120,1,'2018-05-24', 138),
-- (861,1,'2018-03-26', 138),
-- (862,1,'2018-04-02', 138),
-- (863,1,'2018-04-04', 138),
-- (864,1,'2018-04-09', 138),
-- (865,1,'2018-04-11', 138),
-- (866,1,'2018-04-16', 138),
-- (867,1,'2018-04-18', 138),
-- (868,1,'2018-04-23', 138),
-- (869,1,'2018-04-25', 138),
-- (870,1,'2018-05-02', 138),
-- 
-- (121,1,'2018-05-24', 139),
-- (871,1,'2018-03-26', 139),
-- (872,1,'2018-04-02', 139),
-- (873,1,'2018-04-04', 139),
-- (874,1,'2018-04-09', 139),
-- (875,1,'2018-04-11', 139),
-- (876,1,'2018-04-16', 139),
-- (877,1,'2018-04-18', 139),
-- (878,1,'2018-04-23', 139),
-- (879,1,'2018-04-25', 139),
-- (880,1,'2018-05-02', 139);


INSERT INTO `enrollment` (`id`,`dateEnrolled`,`course_section_id`,`student_id`) VALUES
-- 2016 Fall
(300,'2016-07-20',20042,'40001'),
(301,'2016-07-20',20044,'40001'),
(302,'2016-07-20',20045,'40001'),
(303,'2016-07-20',20052,'40001'),
(304,'2016-07-20',20021,'40001'),
-- 2017 Spring
(305,'2016-11-20',21019,'40001'),
(306,'2016-11-20',21047,'40001'),
(307,'2016-11-20',21023,'40001'),
-- 2017 Fall
(308,'2017-05-20',30016,'40001'),
(309,'2017-05-20',30023,'40001'),
(310,'2017-05-20',30014,'40001'),
(311,'2017-05-20',30026,'40001'),
-- 2018 Spring
(312,'2017-11-20',31029,'40001'),
(313,'2017-11-20',31031,'40001'),
(314,'2017-11-20',31026,'40001'),
(315,'2017-11-20',31014,'40001'),
-- 2018 Fall
(316,'2018-05-20',40027,'40001'),
(317,'2018-05-20',40029,'40001'),
(318,'2018-05-20',40031,'40001'),
(319,'2018-05-20',40014,'40001'),
-- 2019 Spring
(320,'2018-11-20',41038,'40001'),
(321,'2018-11-20',41037,'40001'),
(322,'2018-11-20',41035,'40001'),
(323,'2018-11-20',41014,'40001');

INSERT INTO `grade` (`id`,`type`,`letterGrade`,`course_section_id`,`student_id`) VALUES
(50,'M','B',41038,40001), 
(51,'M','F',41037,40001),
(52,'M','A',41035,40001),
(53,'M','B',41014,40001);

INSERT INTO `transcript` (`id`,`gradeReceived`,`year`,`season`,`course_id`,`student_id`) VALUES 
-- 2016 Fall
(100,'A','2016','F','GE101','40001'),
(101,'B','2016','F','GE103','40001'),
(102,'A','2016','F','GE104','40001'),
(103,'A','2016','F','GE107','40001'),
(104,'A','2016','F','HU101','40001'),
-- 2017 Spring
(105,'A','2017','SP','HU102','40001'),
(106,'C','2017','SP','GE102','40001'),
(107,'B','2017','SP','PH101','40001'),
-- 2017 Fall
(108,'A','2017','F','MA111','40001'),
(109,'C','2017','F','HU103','40001'),
(110,'B','2017','F','MA110','40001'),
(111,'A','2017','F','PH102','40001'),
-- 2018 Spring
(112,'C','2018','SP','EE150','40001'),
(113,'C','2018','SP','EE160','40001'),
(114,'A','2018','SP','PH103','40001'),
(115,'A','2018','SP','MA113','40001'),
-- 2018 Fall
(116,'B','2018','F','EE240','40001'),
(117,'C','2018','F','EE300','40001'),
(118,'B','2018','F','EE310','40001'),
(119,'A','2018','F','MA110','40001'),
-- 2019 Spring
(120,null,'2019','SP','EE264','40001'),
(121,null,'2019','SP','EE251','40001'),
(122,null,'2019','SP','EE241','40001'),
(123,null,'2019','SP','MA113','40001');
-- course section updates for cancinog to teach EE courses

-- 5 = spr 2018

UPDATE `course_section` 
SET faculty_id = 10001 
WHERE course_id = 'EE150' AND term_id=5;
UPDATE `course_section` 
SET faculty_id = 10001
 WHERE course_id = 'EE160' AND term_id=5;

-- 6 = fall 2018

UPDATE `course_section` 
SET faculty_id = 10001
 WHERE course_id = 'EE240' AND term_id=6;

UPDATE `course_section` 
SET faculty_id = 10001 
WHERE course_id = 'EE300' AND term_id=6;
UPDATE `course_section` 
SET faculty_id = 10001 
WHERE course_id = 'EE310' AND term_id=6;


UPDATE `course_section` 
SET faculty_id = 10001 
WHERE course_id = 'EE264' AND term_id=7;

UPDATE `course_section` 
SET faculty_id = 10001
 WHERE course_id = 'EE251' AND term_id=7;
UPDATE `course_section` 
SET faculty_id = 10001
 WHERE course_id = 'EE241' AND term_id=7;

UPDATE `course_section` 
SET faculty_id = 10001 
WHERE course_id = 'EE310' AND term_id=8;

UPDATE `course_section` 
SET faculty_id = 10001 
WHERE course_id = 'EE365' AND term_id=8;
UPDATE `course_section` 
SET faculty_id = 10001
 WHERE course_id = 'EE360' AND term_id=8;


INSERT INTO `course_section_slot` (`id`,`coursesection_id`,`slot_id`) VALUES
(9410,41038,15), 
(9420,41038,23),
(9430,41037,14),
(9440,41037,22),
(9450,41036,13),
(9460,41036,21);  


INSERT INTO `enrollment` (`id`,`dateEnrolled`,`course_section_id`,`student_id`) VALUES
(330,'2018-11-21',41037,'40002'),
(331,'2018-11-20',41037,'40003'),
(332,'2018-11-20',41037,'40004'),
(333,'2018-11-20',41037,'40005'),
(334,'2018-11-20',41037,'40006'),
(335,'2018-11-20',41037,'40007'),
(336,'2018-11-20',41037,'40008'),
(337,'2018-11-20',41037,'40009'),
(338,'2018-11-20',41037,'40010'),
(339,'2018-11-20',41037,'40011');

INSERT INTO `enrollment` (`id`,`dateEnrolled`,`course_section_id`,`student_id`) VALUES
(340,'2018-11-21',41038,'40002'),
(341,'2018-11-20',41038,'40003'),
(342,'2018-11-20',41038,'40004'),
(343,'2018-11-20',41038,'40005'),
(344,'2018-11-20',41038,'40006'),
(345,'2018-11-20',41038,'40007'),
(346,'2018-11-20',41038,'40008'),
(347,'2018-11-20',41038,'40009'),
(348,'2018-11-20',41038,'40010'),
(349,'2018-11-20',41038,'40011');

-- toothg attendance for EE264
INSERT INTO `attendance` (`id`,`isPresent`,`dayAttended`,`enrollment_id`) VALUES
(9080,1,'2019-01-08', 320),
(9081,1,'2019-01-15', 320),
(9082,1,'2019-01-22', 320),
(9083,1,'2019-01-29', 320),
(9084,1,'2019-02-05', 320),
(9085,1,'2019-02-12', 320),
(9086,1,'2019-02-19', 320),
(9087,1,'2019-02-26', 320),
(9088,1,'2019-03-05', 320),
(9089,1,'2019-03-12', 320),
(9090,1,'2019-03-19', 320),
(9091,1,'2019-03-26', 320),
(9092,1,'2019-04-02', 320),
(9093,1,'2019-04-09', 320),
(9094,1,'2019-04-16', 320),
(9095,1,'2019-04-23', 320),
(9096,1,'2019-04-30', 320),
(9097,1,'2019-05-07', 320),
(9098,1,'2019-05-14', 320),
(9099,1,'2019-05-21', 320);
INSERT INTO `course_section_slot` (`id`,`coursesection_id`,`slot_id`) VALUES
-- change this
(9411,20070,15),
(9412,20071,16),
(9413,41002,17),
(9414,41002,25),
(9415,41003,18),
(9416,41003,26),
(9417,41004,19),
(9418,41004,27),
(9419,41005,20),
(9421,20070,23),
(9422,20071,24),
(9423,41005,28),
(9424,41006,15),
(9425,41006,23),
(9482,41007,16),
(9426,41007,24),
(9427,41008,17),
(9428,41008, 25),
(9429,41009, 18),
-- change the one above
(9432,41009,26),
(9433,41010, 15),
(9434,41010,23),
(9435, 41011,14),
(9436,41011,22),
(9437, 41012,14),
(9438,41012,22),
(9439, 41013,15),
(9443,41001,15),
(9442, 41001,23),
(9444,41013,23),
(9445,41014, 16),
(9446,41014, 24),
(9447,41015, 17),
(9448,41015,25),
(9449,41016,18),
(9452,41016,26),
(9453,41017, 13),
(9454,41017, 21),
(9455,41018, 14),
(9456,41018,22),
(9457,41019, 15),
(9458,41019, 23),
(9459,41020, 16),
(9462,41020,24),
(9463,41021,17),
(9464,41021,25),
(9465,41022,14),
(9466,41022,22),
(9467,41023,14),
(9468,41023,22),
(9469,41024,15),
(9470,41024,23),
(9471,41025,16),
(9472,41025,24),
(9473,41026,17),
(9474,41026,25),
(9475,41028,18),
(9476,41028,26),
(9477,41029,14),
(9478,41029,22),
(9479,41030,15),
(9481,41030,23);  
-- COURSE SECTION

-- TBD FIX
-- 20001-20026

INSERT INTO `course_section_slot` (`id`,`coursesection_id`,`slot_id`) VALUES

(403,20001,13),

(404,20001,29),

(405,20002,12),

(406,20002,28),

(407,20003,11),

(408,20003,27),

(409,20004,10),

(410,20004,26),

(411,20005,14),

(412,20005,30),

(413,20006,13),

(414,20006,29),

(415,20007,12),

(416,20007,28),

(417,20008,11),

(418,20008,27),

(419,20009,14),

(420,20009,30),

(421,20010,13),

(422,20010,29),

(423,20011,12),

(424,20011,28),

(425,20012,11),

(426,20012,27),

(427,20013,14),

(428,20013,30),

(429,20014,13),

(430,20014,29),

(431,20015,12),

(432,20015,28),

(433,20016,11),

(434,20016,27),

(435,20017,14),

(436,20017,30),

(437,20018,13),

(438,20018,29),

(439,20019,12),

(440,20019,28),

(441,20020,14),

(442,20020,30),

(443,20021,13),

(444,20021,29),

(445,20022,14),

(446,20022,30),

(447,20023,13),

(448,20023,29),

(449,20024,12),

(450,20024,28),

(451,20025,11),

(452,20025,27),

(453,20026,14),

(454,20026,30);

-- next wave of TBD
-- 20050 - 20055

INSERT INTO `course_section_slot` (`id`,`coursesection_id`,`slot_id`) VALUES

(455,20050,13),

(456,20050,29),

(457,20051,12),

(458,20051,28),

(459,20052,14),

(460,20053,30),

(461,20053,13),

(462,20054,29),

(463,20054,12),

(464,20055,28),

(465,20055,14);


-- next gap
-- 21046 - 21055
INSERT INTO `course_section_slot` (`id`,`coursesection_id`,`slot_id`) VALUES

(400,21046,14),

(466,21046,30),

(467,21047,13),

(468,21047,29),

(469,21048,12),

(470,21048,28),

(471,21049,11),

(472,21049,27),

(473,21050,14),

(474,21050,30),

(475,21051,13),

(476,21051,29),

(477,21052,13),

(478,21052,29),

(479,21053,12),

(480,21053,28),

(481,21054,11),

(482,21054,27),

(483,21055,10),

(484,21055,26);

-- 30050-30055


INSERT INTO `course_section_slot` (`id`,`coursesection_id`,`slot_id`) VALUES

(485,30050,14),

(486,30050,30),

(487,30051,13),

(488,30051,29),

(489,30052,13),

(490,30052,29),

(491,30053,12),

(492,30053,28),

(493,30054,11),

(494,30054,27),

(495,30055,10),

(496,30055,26);

-- 31046 - 31055

INSERT INTO `course_section_slot` (`id`,`coursesection_id`,`slot_id`) VALUES

(497,31046,14),

(498,31046,30),

(499,31047,13),

(500,31047,29),

(501,31048,12),

(502,31048,28),

(503,31049,11),

(504,31049,27),

(505,31050,14),

(506,31050,30),

(507,31051,13),

(508,31051,29),

(509,31052,13),

(510,31052,29),

(511,31053,12),

(512,31053,28),

(513,31054,11),

(514,31054,27),

(515,31055,10),

(516,31055,26);


-- 50050-50055
INSERT INTO `course_section_slot` (`id`,`coursesection_id`,`slot_id`) VALUES

(517,50050,14),

(518,50050,30),

(519,50051,13),

(520,50051,29),

(521,50052,13),

(522,50052,29),

(523,50053,12),

(524,50053,28),

(525,50054,11),

(526,50054,27),

(527,50055,10),

(528,50055,26);

-- 40050-40055
INSERT INTO `course_section_slot` (`id`,`coursesection_id`,`slot_id`) VALUES

(529,40050,14),

(530,40050,30),

(531,40051,13),

(532,40051,29),

(533,40052,13),

(534,40052,29),

(535,40053,12),

(536,40053,28),

(537,40054,11),

(538,40054,27),

(539,40055,10),

(540,40055,26);


-- the rest

INSERT INTO `course_section_slot` (`id`,`coursesection_id`,`slot_id`) VALUES

(541,41042,10),

(542,41042,18),

(543,41043,13),

(544,41043,19),

(545,41044,15),

(546,41044,22),

(547,41045,22),

(548,41045,38),

(549,41050,12),

(550,41050,20),

(551,41051,7),

(552,41051,15),

(553,41052,4),

(554,41052,12),

(555,41053,5),

(556,41053,13),

(557,41054,6),

(558,41054,14),

(559,41055,7),

(560,41055,15);

-- TBD 10 CLASS 
-- YOU CAN PROBABLY JUST GET RID OF THIS CLASS BUT HERE ARE SLOTS ANWAYS
INSERT INTO `course_section_slot` (`id`,`coursesection_id`,`slot_id`) VALUES

(561, 50909, 8),

(562, 50909, 24);

-- 2)
-- COURSE SECTION UPDATES FOR ALL CE

-- Wasnt sure if you wanted for all but here is for all classes

UPDATE course_section 

SET faculty_id=10002

WHERE course_id LIKE 'CE%' AND faculty_id = 10001;

-- SPRING 2019 ONLY if needed
UPDATE course_section 

SET faculty_id=10002

WHERE 
term_id=7 AND course_id LIKE 'CE%' AND faculty_id = 10001;

-- isincatalog business
-- Humanities courses to add to catalog ( major requirements)


INSERT INTO `course` (`id`, `department_id`, `number`, `name`, `description`, `numberOfCredits`, `isGraduateCourse`, `isActive`, `isInCatalog`) VALUES

('HU105','HU',105,'Humanities Intermediate Course','students will learn to be students',4,0,1,1),

('HU206','HU',206,'Humanities Junior Course','students will learn about junior Humanities studies',4,0,1,1),

('HU207','HU',207,'Humanities In Society Course','students will learn to about society',4,0,1,1),

('HU308','HU',308,'Humanities In Courses','students will learn about more Humanities',4,0,1,1),

('HU309','HU',309,'Humanities Expert Course','students will learn to be Humanities experts',4,0,1,1),

('HU410','HU',410,'Humanities Final Course','students will learn to be Humanities majors',4,0,1,1);


-- more math courses
INSERT INTO `course` (`id`, `department_id`, `number`, `name`, `description`, `numberOfCredits`, `isGraduateCourse`, `isActive`, `isInCatalog`) VALUES

('MA105','MA',105,'Vectors','students will be introduced to vectors',4,0,1,1),
('MA206','MA',206,'Vectors 2','students will learn to more of vectors',4,0,1,1),

('MA207','MA',207,'Algebra 4','students will learn to do algebra 4 problems',4,0,1,1),

('MA308','MA',308,'Decimals','students will learn to deal with complex decimals',4,0,1,1),

('MA309','MA',309,'Human Error Probability','Students will learn to calculate human error',4,0,1,1),

('MA410','MA',410,'Foundations of Math','students will learn to Foundations of math',4,0,1,1);


-- HUMANITIES and math Isincatalog inserts
INSERT INTO `major` (`id`,`name`,`type`,`department_id`) VALUES 
(6, 'Humanities', 'BS', 'HU');

INSERT INTO `major_requirement` (`id`,`major_id`,`course_id`) VALUES

(82,6,'HU101'),

(83,6,'HU102'),

(84,6,'HU103'),

(85,6,'HU104'),

(86,6,'HU105'),

(87,6,'HU206'),

(88,6,'HU207'),

(89,6,'HU308'),

(90,6,'HU309'),

(91,6,'HU410'),

(92,3,'MA105'),

(93,3,'MA110'),

(94,3,'MA111'),

(95,3,'MA113'),

(96,3,'MA206'),

(97,3,'MA207'),

(98,3,'MA223'),

(99,3,'MA224'),

(100,3,'MA240'),

(101,3,'MA302'),

(102,3,'MA303'),

(103,3,'MA304'),

(104,3,'MA305'),

(105,3,'MA308'),

(106,3,'MA309'),

(107,3,'MA410');

-- changing tooth grade and trascript for only ge102 to B because theres no class for GE102 in the 4th term
UPDATE transcript
SET gradeReceived = 'B'
 where id = 36;

DELETE FROM transcript where id = 38;


INSERT INTO `grade` (`id`,`type`,`letterGrade`,`course_section_id`,`student_id`) VALUES
-- (SP 2016)
(5000,'M','A',20072,40001),

(5001,'F','A',20072,40001),

(5002,'M','B',20073,40001),

(5003,'F','B',20073,40001),

(5004,'M','A',20074,40001),

(5005,'F','A',20074,40001),

(5006,'M','C',20075,40001),

(5007,'F','B',20075,40001),

-- (F 2017)

(5008,'M','A',20076,40001),

(5009,'F','A',20076,40001),

(5010,'M','B',20077,40001),

(5011,'F','B',20077,40001),

(5012,'M','B',20078,40001),

(5013,'F','C',20078,40001),

-- (SPR 2017)

(5014,'M','A',20079,40001),

(5015,'F','B',20079,40001),

(5016,'M','B',20080,40001),

(5017,'F','A',20080,40001),

(5018,'M','B',20081,40001),

(5019,'F','C',20081,40001),

-- (fall 2018)

(5020,'M','A',20082,40001),

(5021,'F','A',20082,40001),

(5022,'M','B',20083,40001),

(5023,'F','B',20083,40001),

(5024,'M','B',20084,40001),

(5025,'F','A',20084,40001),

(5026,'M','B',20085,40001),

(5027,'F','B',20085,40001),

-- (2018 spring)

(5028,'M','A',20086,40001),

(5029,'F','A',20086,40001),

(5030,'M','A',20087,40001),

(5031,'F','A',20087,40001),

(5032,'M','A',20088,40001),

(5033,'F','B',20088,40001),

(5034,'M','B',20089,40001),

(5035,'F','C',20089,40001);



-- FALL 2016

INSERT INTO `course_section_slot` (`id`,`coursesection_id`,`slot_id`) VALUES
(1529,20001,12),
(1530,20002,13),
(1531,20003,14),
(1532,20004,15),
(1533,20005,17),
(1534,20006,18),
(1535,20007,19),
(1536,20008,20),
(1537,20009,21),
(1538,20010,22),
(1539,20011,23),
(1540,20012,7),
(1541,20013,8),
(1542,20014,34),
(1543,20015,35),
(1544,20016,36),
(1545,20017,37),
(1546,20018,38),
(1547,20019,39),
(1548,20020,40),
(1549,20021,25),
(1550,20022,26),
(1551,20023,27),
(1552,20024,31),
(1553,20025,29),
(1554,20026,32),
(1555,20012, 15),
(1556,20013,16);
select * from course_section_slot;
select * from room;
UPDATE course_section 
set room_id='ET20'
where id = 20042;

UPDATE course_section_slot
SET slot_id=27
where id = 15;

UPDATE course_section_slot
SET slot_id=28
where id = 18;

UPDATE course_section_slot
SET slot_id=20
where id = 17;

UPDATE course_section_slot
SET slot_id=21
where id = 21;

UPDATE course_section_slot
SET slot_id=22
where id = 22;


-- Spring 2017
-- gets rid of overlaps

delete from course_section_slot where id = 961 or id = 962;

delete from course_section_slot where id = 963 or id = 964;

delete from course_section_slot where id = 965 or id =966;

INSERT INTO `course_section_slot` (`id`,`coursesection_id`,`slot_id`) VALUES
(1497,20080,15),
(1498,20081,16),
(1499,20082,10),
(1500,21001,12),
(1501,21002,13),
(1502,21003,14),
(1503,21004,15),
(1504,21005,17),
(1505,21006,18),
(1506,21007,19),
(1507,21008,20),
(1508,21009,21),
(1509,21010,22),
(1510,21011,23),
(1511,21012,7),
(1512,21013,8),
(1513,21014,34),
(1514,21015,35),
(1515,21016,36),
(1516,21017,37),
(1517,21018,38),
(1518,21019,39),
(1519,21020,40),
(1520,21021,25),
(1521,21022,26),
(1522,21023,27),
(1523,21024,28),
(1524,21025,29),
(1525,21026,30),
(1526,21028,31),
(1527,21012,15),
(1528,21013,16);

UPDATE course_section_slot
SET slot_id=20
where id = 76;

UPDATE course_section_slot
SET slot_id=27
where id = 77;

UPDATE course_section_slot
SET slot_id=22
where id = 85;

UPDATE course_section_slot
SET slot_id=21
where id = 84;

UPDATE course_section_slot
SET slot_id=3
where id = 66;

UPDATE course_section_slot
SET slot_id=19
where id = 67;

UPDATE course_section_slot
SET slot_id=27
where id = 68;

UPDATE course_section_slot
SET slot_id=4
where id = 69;

UPDATE course_section_slot
SET slot_id=20
where id = 70;

UPDATE course_section_slot
SET slot_id=28
where id = 71;


-- fall 2017
-- gets rid of overlaps
delete from course_section_slot where id = 953 or id = 954;

delete from course_section_slot where id = 955 or id = 956;

delete from course_section_slot where id = 957 or id =958;


INSERT INTO `course_section_slot` (`id`,`coursesection_id`,`slot_id`) VALUES
(1557,20076,9),
(1558,20077,16),
(1559,20078,10),
(1560,30001,12),
(1561,30002,13),
(1562,30003,14),
(1563,30004,15),
(1564,30005,17),
(1565,30006,18),
(1566,30007,19),
(1567,30008,20),
(1568,30009,21),
(1569,30010,22),
(1570,30011,23),
(1571,30012,7),
(1572,30013,8),
(1573,30014,34),
(1574,30015,35),
(1575,30016,36),
(1576,30017,33),
(1577,30018,37),
(1578,30019,38),
(1579,30020,39),
(1580,30021,39),
(1581,30022,40),
(1582,30023,25),
(1583,30024,26),
(1584,30025,27),
(1585,30026,28),
(1586,30012,15),
(1587,30013,16);

select * from course_section_slot;
UPDATE course_section 
set room_id='ET20'
where id = 31035;

UPDATE course_section_slot
SET slot_id=27
where id = 116;

UPDATE course_section_slot
SET slot_id=28
where id = 119;
UPDATE course_section_slot
SET slot_id=20
where id = 118;

UPDATE course_section_slot
SET slot_id=26
where id = 113;

-- spring 2018
delete from course_section_slot where id = 973;
delete from course_section_slot where id = 974;
delete from course_section_slot where id = 975 or id = 976;

INSERT INTO `course_section_slot` (`id`,`coursesection_id`,`slot_id`) VALUES
(1588,20087,9),
(1589,20088,16),
(1590,20089,10),
(1591,31001,11),
(1592,31002,12),
(1593,31003,13),
(1594,31004,14),
(1595,31005,17),
(1596,31006,18),
(1597,31007,19),
(1598,31008,20),
(1599,31009,21),
(1600,31010,22),
(1601,31011,23),
(1602,31012,7),
(1603,31013,8),
(1604,31014,34),
(1605,31015,35),
(1606,31016,36),
(1607,31017,37),
(1608,31018,38),
(1609,31019,39),
(1610,31020,40),
(1611,31021,25),
(1612,31022,26),
(1613,31023,27),
(1614,31024,28),
(1615,31025,29),
(1616,31026,30),
(1617,31028,31),
(1618,31012,15),
(1619,31013,16),
(1620,20087,25),
(1621,20088,32);

UPDATE course_section_slot
SET slot_id=3
where id = 167;

UPDATE course_section_slot
SET slot_id=19
where id = 168;

UPDATE course_section_slot
SET slot_id=27
where id = 169;

UPDATE course_section_slot
SET slot_id=4
where id = 170;

UPDATE course_section_slot
SET slot_id=20
where id = 171;

UPDATE course_section_slot
SET slot_id=28
where id = 172;

UPDATE course_section_slot
SET slot_id=22
where id = 174;

UPDATE course_section_slot
SET slot_id=21
where id = 177;

UPDATE course_section_slot
SET slot_id=27
where id = 178;

-- Fall 2018
INSERT INTO `course_section_slot` (`id`,`coursesection_id`,`slot_id`) VALUES

(1622,20082,15),

(1623,20083,16),

(1624,20084,10),

(1625,40001,12),

(1626,40002,13),

(1627,40003,14),

(1628,40004,15),

(1629,40005,17),

(1630,40006,18),

(1631,40007,19),

(1632,40008,20),

(1633,40009,33),

(1634,40010,34),

(1635,40011,35),

(1636,40012,7),

(1637,40013,8),

(1638,40014,34),

(1639,40015,35),

(1640,40016,36),

(1641,40017,37),

(1642,40018,38),

(1643,40019,39),

(1644,40020,40),

(1645,40021,32),

(1646,40022,33),

(1647,40023,34),

(1648,40024,35),

(1649,40025,36),

(1650,40026,37),

(1651,40012,15),

(1652,40013,16);






delete from course_section_slot where id = 967 or id = 968;

delete from course_section_slot where id = 969 or id = 970;

UPDATE course_section_slot
SET slot_id=5
where id = 208;

UPDATE course_section_slot
SET slot_id=13
where id = 209;

UPDATE course_section_slot
SET slot_id=29
where id = 210;

UPDATE course_section_slot
SET slot_id=6
where id = 211;

UPDATE course_section_slot
SET slot_id=14
where id = 212;

UPDATE course_section_slot
SET slot_id=30
where id = 213;

UPDATE course_section_slot
SET slot_id=27
where id = 216;

UPDATE course_section_slot
SET slot_id=20
where id = 218;

UPDATE course_section_slot
SET slot_id=28
where id = 219;

UPDATE course_section 
set room_id='ET31'
where id = 40035;

-- spr 2019 fixxes

UPDATE course_section_slot
SET slot_id=3
where id = 267;

UPDATE course_section_slot
SET slot_id=19
where id = 268;

UPDATE course_section_slot
SET slot_id=27
where id = 269;

UPDATE course_section_slot
SET slot_id=4
where id = 270;

UPDATE course_section_slot
SET slot_id=20
where id = 271;

UPDATE course_section_slot
SET slot_id=28
where id = 272;

UPDATE course_section_slot
SET slot_id=20
where id = 276;

UPDATE course_section_slot
SET slot_id=28
where id = 277;

UPDATE course_section_slot
SET slot_id=24
where id = 291;


INSERT INTO `course_section_slot` (`id`,`coursesection_id`,`slot_id`) VALUES
(1653,41037,23);

-- setting a number to 2 which needed to be 2
UPDATE course_section
SET number = 2
WHERE id = 41036;

UPDATE course_section
SET number = 2
WHERE id = 41038;

UPDATE course_section 
SET numOfTaken =20
WHERE id = 41037 AND 41038;

delete from enrollment where course_section_id = 20857;
INSERT INTO `course_section` (`id`,`number`,`numOfSeats`,`numOfTaken`,`course_id`,`room_id`,`term_id`,`faculty_id`) VALUES
(500010, 1, 40, 40, 'MA240', 'ET12', 5, 19901);
INSERT INTO `course_section` (`id`,`number`,`numOfSeats`,`numOfTaken`,`course_id`,`room_id`,`term_id`,`faculty_id`) VALUES
(500011, 1, 40, 40, 'MA224', 'ET12', 5, 19901);

INSERT INTO `enrollment` (`id`,`dateEnrolled`,`course_section_id`,`student_id`) VALUES
(501,'2017-12-20',31029,'40301'),
(502,'2017-12-20',31031,'40301'),
(503,'2017-12-20',31014,'40301'),
(504,'2017-12-20',500010,'40301'), 
(505,'2017-12-20',500011,'40301'),
(506,'2018-05-20',40027,'40301'),
(507,'2018-05-20',40029,'40301'), -- 18 more DONT GO OVER 18
(508,'2018-05-20',40031,'40301'), -- 18 more
(509,'2018-12-20',41037,'40301'), -- only 19 more of these
(510,'2018-12-20',41035,'40301'), 
(512,'2019-05-20',50037,'40301'),
(513,'2019-05-20',50031,'40301');

INSERT INTO `enrollment` (`id`,`dateEnrolled`,`course_section_id`,`student_id`) VALUES
(514,'2017-12-20',31029,'40302'),
(515,'2017-12-20',31031,'40302'),
(516,'2017-12-20',31014,'40302'),
(517,'2017-12-20',500010,'40302'), 
(518,'2017-12-20',500011,'40302'),
(519,'2018-05-20',40027,'40302'),
(520,'2018-05-20',40029,'40302'), -- 17 more DONT GO OVER 18
(521,'2018-05-20',40031,'40302'), -- 17 more
(522,'2018-12-20',41037,'40302'), -- only 18 more of these
(523,'2018-12-20',41035,'40302'), 
(526,'2019-05-20',50037,'40302'),
(527,'2019-05-20',50031,'40302');

INSERT INTO `enrollment` (`id`,`dateEnrolled`,`course_section_id`,`student_id`) VALUES
(528,'2017-12-20',31029,'40303'),
(529,'2017-12-20',31031,'40303'),
(530,'2017-12-20',31014,'40303'),
(531,'2017-12-20',500010,'40303'), 
(532,'2017-12-20',500011,'40303'),
(533,'2018-05-20',40027,'40303'),
(534,'2018-05-20',40029,'40303'), -- 16 more DONT GO OVER 18
(535,'2018-05-20',40031,'40303'), -- 16 more
(536,'2018-12-20',41037,'40303'), -- only 17 more of these
(537,'2018-12-20',41035,'40303'), 
(540,'2019-05-20',50037,'40303'),
(541,'2019-05-20',50031,'40303');

INSERT INTO `enrollment` (`id`,`dateEnrolled`,`course_section_id`,`student_id`) VALUES
(542,'2017-12-20',31029,'40304'),
(543,'2017-12-20',31031,'40304'),
(544,'2017-12-20',31014,'40304'),
(545,'2017-12-20',500010,'40304'), 
(546,'2017-12-20',500011,'40304'),
(547,'2018-05-20',40027,'40304'),
(548,'2018-05-20',40029,'40304'), -- 15 more DONT GO OVER 18
(549,'2018-05-20',40031,'40304'), -- 15 more
(550,'2018-12-20',41037,'40304'), -- only 16 more of these
(551,'2018-12-20',41035,'40304'), 
(554,'2019-05-20',50037,'40304'),
(555,'2019-05-20',50031,'40304');

INSERT INTO `enrollment` (`id`,`dateEnrolled`,`course_section_id`,`student_id`) VALUES
(556,'2017-12-20',31029,'40305'),
(557,'2017-12-20',31031,'40305'),
(558,'2017-12-20',31014,'40305'),
(559,'2017-12-20',500010,'40305'), 
(560,'2017-12-20',500011,'40305'),
(561,'2018-05-20',40027,'40305'),
(562,'2018-05-20',40029,'40305'), -- 14 more DONT GO OVER 18
(563,'2018-05-20',40031,'40305'), -- 14 more
(564,'2018-12-20',41037,'40305'), -- only 15 more of these
(565,'2018-12-20',41035,'40305'), 
(568,'2019-05-20',50037,'40305'),
(569,'2019-05-20',50031,'40305');


INSERT INTO `enrollment` (`id`,`dateEnrolled`,`course_section_id`,`student_id`) VALUES
(570,'2017-12-20',31029,'40306'),
(571,'2017-12-20',31031,'40306'),
(572,'2017-12-20',31014,'40306'),
(573,'2017-12-20',500010,'40306'), 
(574,'2017-12-20',500011,'40306'),
(575,'2018-05-20',40027,'40306'),
(576,'2018-05-20',40029,'40306'), -- 13 more DONT GO OVER 18
(577,'2018-05-20',40031,'40306'), -- 13 more
(578,'2018-12-20',41037,'40306'), -- only 14 more of these
(579,'2018-12-20',41035,'40306'), 
(582,'2019-05-20',50037,'40306'),
(583,'2019-05-20',50031,'40306');


INSERT INTO `enrollment` (`id`,`dateEnrolled`,`course_section_id`,`student_id`) VALUES
(584,'2017-12-20',31029,'40307'),
(585,'2017-12-20',31031,'40307'),
(586,'2017-12-20',31014,'40307'),
(587,'2017-12-20',500010,'40307'), 
(588,'2017-12-20',500011,'40307'),
(589,'2018-05-20',40027,'40307'),
(590,'2018-05-20',40029,'40307'), -- 12 more DONT GO OVER 18
(591,'2018-05-20',40031,'40307'), -- 12 more
(592,'2018-12-20',41037,'40307'), -- only 13 more of these
(593,'2018-12-20',41035,'40307'), 
(596,'2019-05-20',50037,'40307'),
(597,'2019-05-20',50031,'40307');


INSERT INTO `enrollment` (`id`,`dateEnrolled`,`course_section_id`,`student_id`) VALUES
(598,'2017-12-20',31029,'40308'),
(599,'2017-12-20',31031,'40308'),
(600,'2017-12-20',31014,'40308'),
(601,'2017-12-20',500010,'40308'), 
(602,'2017-12-20',500011,'40308'),
(603,'2018-05-20',40027,'40308'),
(604,'2018-05-20',40029,'40308'), -- 11 more DONT GO OVER 18
(605,'2018-05-20',40031,'40308'), -- 11 more
(606,'2018-12-20',41037,'40308'), -- only 12 more of these
(607,'2018-12-20',41035,'40308'), 
(610,'2019-05-20',50037,'40308'),
(611,'2019-05-20',50031,'40308');


INSERT INTO `enrollment` (`id`,`dateEnrolled`,`course_section_id`,`student_id`) VALUES
(612,'2017-12-20',31029,'40309'),
(613,'2017-12-20',31031,'40309'),
(614,'2017-12-20',31014,'40309'),
(615,'2017-12-20',500010,'40309'), 
(616,'2017-12-20',500011,'40309'),
(617,'2018-05-20',40027,'40309'),
(618,'2018-05-20',40029,'40309'), -- 10 more DONT GO OVER 18
(619,'2018-05-20',40031,'40309'), -- 10 more
(620,'2018-12-20',41037,'40309'), -- only 11 more of these
(621,'2018-12-20',41035,'40309'), 
(624,'2019-05-20',50037,'40309'),
(625,'2019-05-20',50031,'40309');


INSERT INTO `enrollment` (`id`,`dateEnrolled`,`course_section_id`,`student_id`) VALUES
(626,'2017-12-20',31029,'40310'),
(627,'2017-12-20',31031,'40310'),
(628,'2017-12-20',31014,'40310'),
(629,'2017-12-20',500010,'40310'), 
(630,'2017-12-20',500011,'40310'),
(631,'2018-05-20',40027,'40310'),
(632,'2018-05-20',40029,'40310'), -- 9 more DONT GO OVER 18
(633,'2018-05-20',40031,'40310'), -- 9 more
(634,'2018-12-20',41037,'40310'), -- only 10 more of these
(635,'2018-12-20',41035,'40310'), 
(638,'2019-05-20',50037,'40310'),
(639,'2019-05-20',50031,'40310');


INSERT INTO `enrollment` (`id`,`dateEnrolled`,`course_section_id`,`student_id`) VALUES
(640,'2017-12-20',31029,'40311'),
(641,'2017-12-20',31031,'40311'),
(642,'2017-12-20',31014,'40311'),
(643,'2017-12-20',500010,'40311'), 
(644,'2017-12-20',500011,'40311'),
(645,'2018-05-20',40027,'40311'),
(646,'2018-05-20',40029,'40311'), -- 8 more DONT GO OVER 18
(647,'2018-05-20',40031,'40311'), -- 8 more
(648,'2018-12-20',41037,'40311'), -- only 9 more of these
(649,'2018-12-20',41035,'40311'), 
(652,'2019-05-20',50037,'40311'),
(653,'2019-05-20',50031,'40311');

INSERT INTO `enrollment` (`id`,`dateEnrolled`,`course_section_id`,`student_id`) VALUES
(654,'2017-12-20',31029,'40312'),
(655,'2017-12-20',31031,'40312'),
(656,'2017-12-20',31014,'40312'),
(657,'2017-12-20',500010,'40312'), 
(658,'2017-12-20',500011,'40312'),
(659,'2018-05-20',40027,'40312'),
(660,'2018-05-20',40029,'40312'), -- 7 more DONT GO OVER 18
(661,'2018-05-20',40031,'40312'), -- 7 more
(662,'2018-12-20',41037,'40312'), -- only 8 more of these
(663,'2018-12-20',41035,'40312'), 
(666,'2019-05-20',50037,'40312'),
(667,'2019-05-20',50031,'40312');

INSERT INTO `enrollment` (`id`,`dateEnrolled`,`course_section_id`,`student_id`) VALUES
(668,'2017-12-20',31029,'40313'),
(669,'2017-12-20',31031,'40313'),
(670,'2017-12-20',31014,'40313'),
(671,'2017-12-20',500010,'40313'), 
(672,'2017-12-20',500011,'40313'),
(673,'2018-05-20',40027,'40313'),
(674,'2018-05-20',40029,'40313'), -- 6 more DONT GO OVER 18
(675,'2018-05-20',40031,'40313'), -- 6 more
(676,'2018-12-20',41037,'40313'), -- only 7 more of these
(677,'2018-12-20',41035,'40313'), 
(680,'2019-05-20',50037,'40313'),
(681,'2019-05-20',50031,'40313');

INSERT INTO `enrollment` (`id`,`dateEnrolled`,`course_section_id`,`student_id`) VALUES
(682,'2017-12-20',31029,'40314'),
(683,'2017-12-20',31031,'40314'),
(684,'2017-12-20',31014,'40314'),
(685,'2017-12-20',500010,'40314'), 
(686,'2017-12-20',500011,'40314'),
(687,'2018-05-20',40027,'40314'),
(688,'2018-05-20',40029,'40314'), -- 5 more DONT GO OVER 18
(689,'2018-05-20',40031,'40314'), -- 5 more
(690,'2018-12-20',41037,'40314'), -- only 6 more of these
(691,'2018-12-20',41035,'40314'), 
(694,'2019-05-20',50037,'40314'),
(695,'2019-05-20',50031,'40314');

INSERT INTO `enrollment` (`id`,`dateEnrolled`,`course_section_id`,`student_id`) VALUES
(696,'2017-12-20',31029,'40315'),
(697,'2017-12-20',31031,'40315'),
(698,'2017-12-20',31014,'40315'),
(699,'2017-12-20',500010,'40315'), 
(700,'2017-12-20',500011,'40315'),
(701,'2018-05-20',40027,'40315'),
(702,'2018-05-20',40029,'40315'), -- 4 more DONT GO OVER 18
(703,'2018-05-20',40031,'40315'), -- 4 more
(704,'2018-12-20',41037,'40315'), -- only 5 more of these
(705,'2018-12-20',41035,'40315'), 
(708,'2019-05-20',50037,'40315'),
(709,'2019-05-20',50031,'40315');

INSERT INTO `enrollment` (`id`,`dateEnrolled`,`course_section_id`,`student_id`) VALUES
(710,'2017-12-20',31029,'40316'),
(711,'2017-12-20',31031,'40316'),
(712,'2017-12-20',31014,'40316'),
(713,'2017-12-20',500010,'40316'), 
(714,'2017-12-20',500011,'40316'),
(715,'2018-05-20',40027,'40316'),
(716,'2018-05-20',40029,'40316'), -- 3 more DONT GO OVER 18
(717,'2018-05-20',40031,'40316'), -- 3 more
(718,'2018-12-20',41037,'40316'), -- only 4 more of these
(719,'2018-12-20',41035,'40316'), 
(731,'2019-05-20',50037,'40316'),
(732,'2019-05-20',50031,'40316');

INSERT INTO `enrollment` (`id`,`dateEnrolled`,`course_section_id`,`student_id`) VALUES
(733,'2017-12-20',31029,'40317'),
(734,'2017-12-20',31031,'40317'),
(735,'2017-12-20',31014,'40317'),
(736,'2017-12-20',500010,'40317'), 
(737,'2017-12-20',500011,'40317'),
(738,'2018-05-20',40027,'40317'),
(739,'2018-05-20',40029,'40317'), -- 2 more DONT GO OVER 18
(740,'2018-05-20',40031,'40317'), -- 2 more
(741,'2018-12-20',41037,'40317'), -- only 3 more of these
(742,'2018-12-20',41035,'40317'), 
(745,'2019-05-20',50037,'40317'),
(746,'2019-05-20',50031,'40317');

INSERT INTO `enrollment` (`id`,`dateEnrolled`,`course_section_id`,`student_id`) VALUES
(747,'2017-12-20',31029,'40318'),
(748,'2017-12-20',31031,'40318'),
(749,'2017-12-20',31014,'40318'),
(750,'2017-12-20',500010,'40318'), 
(751,'2017-12-20',500011,'40318'),
(752,'2018-05-20',40027,'40318'),
(753,'2018-05-20',40029,'40318'), -- 1 more DONT GO OVER 18
(754,'2018-05-20',40031,'40318'), -- 1 more
(755,'2018-12-20',41037,'40318'), -- only 2 more of these
(756,'2018-12-20',41035,'40318'), 
(759,'2019-05-20',50037,'40318'),
(760,'2019-05-20',50031,'40318');

INSERT INTO `enrollment` (`id`,`dateEnrolled`,`course_section_id`,`student_id`) VALUES
(761,'2017-12-20',31029,'40319'),
(762,'2017-12-20',31031,'40319'),
(763,'2017-12-20',31014,'40319'),
(764,'2017-12-20',500010,'40319'), 
(765,'2017-12-20',500011,'40319'),
(766,'2018-05-20',40027,'40319'),
(767,'2018-05-20',40029,'40319'), -- 0 more DONT GO OVER 18
(768,'2018-05-20',40031,'40319'), -- 0 more
(769,'2018-12-20',41037,'40319'), -- only 1 more of these
(770,'2018-12-20',41035,'40319'), 
(773,'2019-05-20',50037,'40319'),
(774,'2019-05-20',50031,'40319');

INSERT INTO `enrollment` (`id`,`dateEnrolled`,`course_section_id`,`student_id`) VALUES
(775,'2017-12-20',31029,'40320'),
(776,'2017-12-20',31031,'40320'),
(777,'2017-12-20',31014,'40320'),
(778,'2017-12-20',500010,'40320'), 
(779,'2017-12-20',500011,'40320'),
(780,'2018-05-20',40027,'40320'),
(781,'2018-12-20',41037,'40320'), -- only 18 more of these
(782,'2018-12-20',41035,'40320'), 
(785,'2019-05-20',50037,'40320'),
(786,'2019-05-20',50031,'40320');


-- next set


INSERT INTO `enrollment` (`id`,`dateEnrolled`,`course_section_id`,`student_id`) VALUES
(1005,'2017-12-20',31030,'40401'),
(788,'2017-12-20',31032,'40401'),
(789,'2017-12-20',31015,'40401'),
(790,'2017-12-20',500010,'40401'), 
(791,'2017-12-20',500011,'40401'),
(792,'2018-05-20',40028,'40401'),
(793,'2018-05-20',40030,'40401'), -- 20
(794,'2018-05-20',40032,'40401'), -- 20 -- ALL GET CS
(795,'2018-12-20',41036,'40401'), 
(796,'2018-12-20',41038,'40401'),
(797,'2019-05-20',50038,'40401'),
(798,'2019-05-20',50032,'40401'); -- 20

INSERT INTO `enrollment` (`id`,`dateEnrolled`,`course_section_id`,`student_id`) VALUES
(799,'2017-12-20',31030,'40402'),
(800,'2017-12-20',31032,'40402'),
(801,'2017-12-20',31015,'40402'),
(802,'2017-12-20',500010,'40402'), 
(803,'2017-12-20',500011,'40402'),
(804,'2018-05-20',40028,'40402'),
(805,'2018-05-20',40030,'40402'), -- 20
(806,'2018-05-20',40032,'40402'), -- 20 -- ALL GET CS
(807,'2018-12-20',41036,'40402'), 
(808,'2018-12-20',41038,'40402'),
(809,'2019-05-20',50038,'40402'),
(810,'2019-05-20',50032,'40402'); -- 20

INSERT INTO `enrollment` (`id`,`dateEnrolled`,`course_section_id`,`student_id`) VALUES
(811,'2017-12-20',31030,'40403'),
(812,'2017-12-20',31032,'40403'),
(813,'2017-12-20',31015,'40403'),
(814,'2017-12-20',500010,'40403'), 
(815,'2017-12-20',500011,'40403'),
(816,'2018-05-20',40028,'40403'),
(817,'2018-05-20',40030,'40403'), -- 20
(818,'2018-05-20',40032,'40403'), -- 20 -- ALL GET CS
(819,'2018-12-20',41036,'40403'), 
(820,'2018-12-20',41038,'40403'),
(821,'2019-05-20',50038,'40403'),
(822,'2019-05-20',50032,'40403'); -- 20

-- 3/20

INSERT INTO `enrollment` (`id`,`dateEnrolled`,`course_section_id`,`student_id`) VALUES
(823,'2017-12-20',31030,'40404'),
(824,'2017-12-20',31032,'40404'),
(825,'2017-12-20',31015,'40404'),
(826,'2017-12-20',500010,'40404'), 
(827,'2017-12-20',500011,'40404'),
(828,'2018-05-20',40028,'40404'),
(829,'2018-05-20',40030,'40404'), -- 20
(830,'2018-05-20',40032,'40404'), -- 20 -- ALL GET CS
(831,'2018-12-20',41036,'40404'), 
(832,'2018-12-20',41038,'40404'),
(833,'2019-05-20',50038,'40404'),
(834,'2019-05-20',50032,'40404'); -- 20

INSERT INTO `enrollment` (`id`,`dateEnrolled`,`course_section_id`,`student_id`) VALUES
(835,'2017-12-20',31030,'40405'),
(836,'2017-12-20',31032,'40405'),
(837,'2017-12-20',31015,'40405'),
(838,'2017-12-20',500010,'40405'), 
(839,'2017-12-20',500011,'40405'),
(840,'2018-05-20',40028,'40405'),
(841,'2018-05-20',40030,'40405'), -- 20
(842,'2018-05-20',40032,'40405'), -- 20 -- ALL GET CS
(843,'2018-12-20',41036,'40405'), 
(844,'2018-12-20',41038,'40405'),
(845,'2019-05-20',50038,'40405'),
(846,'2019-05-20',50032,'40405'); -- 20

INSERT INTO `enrollment` (`id`,`dateEnrolled`,`course_section_id`,`student_id`) VALUES
(847,'2017-12-20',31030,'40406'),
(848,'2017-12-20',31032,'40406'),
(849,'2017-12-20',31015,'40406'),
(850,'2017-12-20',500010,'40406'), 
(851,'2017-12-20',500011,'40406'),
(852,'2018-05-20',40028,'40406'),
(853,'2018-05-20',40030,'40406'), -- 20
(854,'2018-05-20',40032,'40406'), -- 20 -- ALL GET CS
(855,'2018-12-20',41036,'40406'), 
(856,'2018-12-20',41038,'40406'),
(857,'2019-05-20',50038,'40406'),
(858,'2019-05-20',50032,'40406'); -- 20

INSERT INTO `enrollment` (`id`,`dateEnrolled`,`course_section_id`,`student_id`) VALUES
(859,'2017-12-20',31030,'40407'),
(860,'2017-12-20',31032,'40407'),
(861,'2017-12-20',31015,'40407'),
(862,'2017-12-20',500010,'40407'), 
(863,'2017-12-20',500011,'40407'),
(864,'2018-05-20',40028,'40407'),
(865,'2018-05-20',40030,'40407'), -- 20
(866,'2018-05-20',40032,'40407'), -- 20 -- ALL GET CS
(867,'2018-12-20',41036,'40407'), 
(868,'2018-12-20',41038,'40407'),
(869,'2019-05-20',50038,'40407'),
(870,'2019-05-20',50032,'40407'); -- 20

INSERT INTO `enrollment` (`id`,`dateEnrolled`,`course_section_id`,`student_id`) VALUES
(871,'2017-12-20',31030,'40408'),
(872,'2017-12-20',31032,'40408'),
(873,'2017-12-20',31015,'40408'),
(874,'2017-12-20',500010,'40408'), 
(875,'2017-12-20',500011,'40408'),
(876,'2018-05-20',40028,'40408'),
(877,'2018-05-20',40030,'40408'), -- 20
(878,'2018-05-20',40032,'40408'), -- 20 -- ALL GET CS
(879,'2018-12-20',41036,'40408'), 
(880,'2018-12-20',41038,'40408'),
(881,'2019-05-20',50038,'40408'),
(882,'2019-05-20',50032,'40408'); -- 20

INSERT INTO `enrollment` (`id`,`dateEnrolled`,`course_section_id`,`student_id`) VALUES
(883,'2017-12-20',31030,'40409'),
(884,'2017-12-20',31032,'40409'),
(885,'2017-12-20',31015,'40409'),
(886,'2017-12-20',500010,'40409'), 
(887,'2017-12-20',500011,'40409'),
(888,'2018-05-20',40028,'40409'),
(889,'2018-05-20',40030,'40409'), -- 20
(890,'2018-05-20',40032,'40409'), -- 20 -- ALL GET CS
(891,'2018-12-20',41036,'40409'), 
(892,'2018-12-20',41038,'40409'),
(893,'2019-05-20',50038,'40409'),
(894,'2019-05-20',50032,'40409'); -- 20

INSERT INTO `enrollment` (`id`,`dateEnrolled`,`course_section_id`,`student_id`) VALUES
(895,'2017-12-20',31030,'40410'),
(896,'2017-12-20',31032,'40410'),
(897,'2017-12-20',31015,'40410'),
(898,'2017-12-20',500010,'40410'), 
(899,'2017-12-20',500011,'40410'),
(900,'2018-05-20',40028,'40410'),
(901,'2018-05-20',40030,'40410'), -- 20
(902,'2018-05-20',40032,'40410'), -- 20 -- ALL GET CS
(903,'2018-12-20',41036,'40410'), 
(904,'2018-12-20',41038,'40410'),
(905,'2019-05-20',50038,'40410'),
(906,'2019-05-20',50032,'40410'); -- 20

INSERT INTO `enrollment` (`id`,`dateEnrolled`,`course_section_id`,`student_id`) VALUES
(907,'2017-12-20',31030,'40411'),
(908,'2017-12-20',31032,'40411'),
(909,'2017-12-20',31015,'40411'),
(910,'2017-12-20',500010,'40411'), 
(911,'2017-12-20',500011,'40411'),
(912,'2018-05-20',40028,'40411'),
(913,'2018-05-20',40030,'40411'), -- 20
(914,'2018-05-20',40032,'40411'), -- 20 -- ALL GET CS
(915,'2018-12-20',41036,'40411'), 
(916,'2018-12-20',41038,'40411'),
(917,'2019-05-20',50038,'40411'),
(918,'2019-05-20',50032,'40411'); -- 20

INSERT INTO `enrollment` (`id`,`dateEnrolled`,`course_section_id`,`student_id`) VALUES
(919,'2017-12-20',31030,'40412'),
(920,'2017-12-20',31032,'40412'),
(921,'2017-12-20',31015,'40412'),
(922,'2017-12-20',500010,'40412'), 
(923,'2017-12-20',500011,'40412'),
(924,'2018-05-20',40028,'40412'),
(925,'2018-05-20',40030,'40412'), -- 20
(926,'2018-05-20',40032,'40412'), -- 20 -- ALL GET CS
(927,'2018-12-20',41036,'40412'), 
(928,'2018-12-20',41038,'40412'),
(929,'2019-05-20',50038,'40412'),
(930,'2019-05-20',50032,'40412'); -- 20
--
INSERT INTO `enrollment` (`id`,`dateEnrolled`,`course_section_id`,`student_id`) VALUES
(931,'2017-12-20',31030,'40413'),
(932,'2017-12-20',31032,'40413'),
(933,'2017-12-20',31015,'40413'),
(934,'2017-12-20',500010,'40413'), 
(935,'2017-12-20',500011,'40413'),
(936,'2018-05-20',40028,'40413'),
(937,'2018-05-20',40030,'40413'), -- 20
(938,'2018-05-20',40032,'40413'), -- 20 -- ALL GET CS
(939,'2018-12-20',41036,'40413'), 
(940,'2018-12-20',41038,'40413'),
(941,'2019-05-20',50038,'40413'),
(942,'2019-05-20',50032,'40413'); -- 20

INSERT INTO `enrollment` (`id`,`dateEnrolled`,`course_section_id`,`student_id`) VALUES
(943,'2017-12-20',31030,'40414'),
(944,'2017-12-20',31032,'40414'),
(945,'2017-12-20',31015,'40414'),
(946,'2017-12-20',500010,'40414'), 
(947,'2017-12-20',500011,'40414'),
(948,'2018-05-20',40028,'40414'),
(949,'2018-05-20',40030,'40414'), -- 20
(950,'2018-05-20',40032,'40414'), -- 20 -- ALL GET CS
(951,'2018-12-20',41036,'40414'), 
(952,'2018-12-20',41038,'40414'),
(953,'2019-05-20',50038,'40414'),
(954,'2019-05-20',50032,'40414'); -- 20

INSERT INTO `enrollment` (`id`,`dateEnrolled`,`course_section_id`,`student_id`) VALUES
(955,'2017-12-20',31030,'40415'),
(956,'2017-12-20',31032,'40415'),
(957,'2017-12-20',31015,'40415'),
(958,'2017-12-20',500010,'40415'), 
(959,'2017-12-20',500011,'40415'),
(960,'2018-05-20',40028,'40415'),
(961,'2018-05-20',40030,'40415'), -- 20
(962,'2018-05-20',40032,'40415'), -- 20 -- ALL GET CS
(963,'2018-12-20',41036,'40415'), 
(964,'2018-12-20',41038,'40415'),
(965,'2019-05-20',50038,'40415'),
(966,'2019-05-20',50032,'40415'); -- 20

INSERT INTO `enrollment` (`id`,`dateEnrolled`,`course_section_id`,`student_id`) VALUES
(967,'2017-12-20',31030,'40416'),
(968,'2017-12-20',31032,'40416'),
(969,'2017-12-20',31015,'40416'),
(970,'2017-12-20',500010,'40416'), 
(971,'2017-12-20',500011,'40416'),
(972,'2018-05-20',40028,'40416'),
(973,'2018-05-20',40030,'40416'), -- 20
(974,'2018-05-20',40032,'40416'), -- 20 -- ALL GET CS
(975,'2018-12-20',41036,'40416'), 
(976,'2018-12-20',41038,'40416'),
(977,'2019-05-20',50038,'40416'),
(978,'2019-05-20',50032,'40416'); -- 20

INSERT INTO `enrollment` (`id`,`dateEnrolled`,`course_section_id`,`student_id`) VALUES
(979,'2017-12-20',31030,'40417'),
(980,'2017-12-20',31032,'40417'),
(981,'2017-12-20',31015,'40417'),
(982,'2017-12-20',500010,'40417'), 
(983,'2017-12-20',500011,'40417'),
(984,'2018-05-20',40028,'40417'),
(985,'2018-05-20',40030,'40417'), -- 20
(986,'2018-05-20',40032,'40417'), -- 20 -- ALL GET CS
(987,'2018-12-20',41036,'40417'), 
(988,'2018-12-20',41038,'40417'),
(989,'2019-05-20',50038,'40417'),
(990,'2019-05-20',50032,'40417'); -- 20

INSERT INTO `enrollment` (`id`,`dateEnrolled`,`course_section_id`,`student_id`) VALUES
(991,'2017-12-20',31030,'40418'),
(992,'2017-12-20',31032,'40418'),
(993,'2017-12-20',31015,'40418'),
(994,'2017-12-20',500010,'40418'), 
(995,'2017-12-20',500011,'40418'),
(996,'2018-05-20',40028,'40418'),
(997,'2018-05-20',40030,'40418'), -- 20
(998,'2018-05-20',40032,'40418'), -- 20 -- ALL GET CS
(999,'2018-12-20',41036,'40418'), 
(1000,'2018-12-20',41038,'40418'),
(1001,'2019-05-20',50038,'40418'),
(1002,'2019-05-20',50032,'40418'); -- 20

INSERT INTO `enrollment` (`id`,`dateEnrolled`,`course_section_id`,`student_id`) VALUES
(1003,'2017-12-20',31030,'40419'),
(1004,'2017-12-20',31032,'40419'),
(1027,'2017-12-20',31015,'40419'),
(1006,'2017-12-20',500010,'40419'), 
(1007,'2017-12-20',500011,'40419'),
(1008,'2018-05-20',40028,'40419'),
(1009,'2018-05-20',40030,'40419'), -- 20
(1010,'2018-05-20',40032,'40419'), -- 20 -- ALL GET CS
(1011,'2018-12-20',41036,'40419'), 
(1012,'2018-12-20',41038,'40419'),
(1013,'2019-05-20',50038,'40419'),
(1014,'2019-05-20',50032,'40419'); -- 20

INSERT INTO `enrollment` (`id`,`dateEnrolled`,`course_section_id`,`student_id`) VALUES
(1015,'2017-12-20',31030,'40420'),
(1016,'2017-12-20',31032,'40420'),
(1017,'2017-12-20',31015,'40420'),
(1018,'2017-12-20',500010,'40420'), 
(1019,'2017-12-20',500011,'40420'),
(1020,'2018-05-20',40028,'40420'),
(1021,'2018-05-20',40030,'40420'), -- 20
(1022,'2018-05-20',40032,'40420'), -- 20 -- ALL GET CS
(1023,'2018-12-20',41036,'40420'), 
(1024,'2018-12-20',41038,'40420'),
(1025,'2019-05-20',50038,'40420'),
(1026,'2019-05-20',50032,'40420'); -- 20

-- grade



-- grades

INSERT INTO `grade` (`id`,`type`,`letterGrade`,`course_section_id`,`student_id`) VALUES
-- (spring 2018)
(79,'M','B',31029,40301), 
(80,'F','B',31029,40301),
(81,'M','B',31031,40301),
(82,'F','B',31031,40301),
(83,'M','A',31014,40301),
(84,'F','A',31014,40301),
(85,'M','A',500010,40301),
(86,'F','B',500010,40301),
(87,'M','A',500011,40301),
(88,'F','B',500011,40301),
-- Fall 2018
(89,'M','B',40027,40301),
(90,'F','B',40027,40301),
(91,'M','A',40029,40301),
(92,'F','A',40029,40301),
(93,'M','F',40031,40301),
(94,'F','D',40031,40301),
-- (SPR 2019)
(95,'M','B',41037,40301), 
(96,'F','A',41037,40301),
(97,'M','A',41035,40301),
(98,'F','B',41035,40301),
-- spr 2018
(101,'M','B',31029,40302), 
(102,'F','B',31029,40302),
(103,'M','B',31031,40302),
(104,'F','B',31031,40302),
(105,'M','A',31014,40302),
(106,'F','A',31014,40302),
(107,'M','A',500010,40302),
(108,'F','B',500010,40302),
(109,'M','A',500011,40302),
(110,'F','B',500011,40302),
-- Fall 2018
(111,'M','B',40027,40302),
(112,'F','B',40027,40302),
(113,'M','A',40029,40302),
(114,'F','A',40029,40302),
(115,'M','F',40031,40302),
(116,'F','D',40031,40302),
-- (SPR 2019)
(117,'M','B',41037,40302), 
(118,'F','A',41037,40302),
(119,'M','A',41035,40302),
(120,'F','B',41035,40302),
-- spr 2018
(123,'M','B',31029,40303), 
(124,'F','B',31029,40303),
(125,'M','B',31031,40303),
(126,'F','B',31031,40303),
(127,'M','A',31014,40303),
(128,'F','A',31014,40303),
(129,'M','A',500010,40303),
(130,'F','B',500010,40303),
(131,'M','A',500011,40303),
(132,'F','B',500011,40303),
-- Fall 2018
(133,'M','B',40027,40303),
(134,'F','B',40027,40303),
(135,'M','A',40029,40303),
(136,'F','A',40029,40303),
(137,'M','F',40031,40303),
(138,'F','D',40031,40303),
-- (SPR 2019)
(139,'M','B',41037,40303), 
(140,'F','A',41037,40303),
(141,'M','A',41035,40303),
(142,'F','B',41035,40303),
-- spr 2018
(145,'M','B',31029,40304), 
(146,'F','B',31029,40304),
(147,'M','B',31031,40304),
(148,'F','B',31031,40304),
(149,'M','A',31014,40304),
(150,'F','A',31014,40304),
(151,'M','A',500010,40304),
(152,'F','B',500010,40304),
(153,'M','A',500011,40304),
(154,'F','B',500011,40304),
-- Fall 2018
(156,'M','B',40027,40304),
(157,'F','B',40027,40304),
(158,'M','A',40029,40304),
(159,'F','A',40029,40304),
(160,'M','F',40031,40304),
(161,'F','D',40031,40304),
-- (SPR 2019)
(162,'M','B',41037,40304), 
(163,'F','A',41037,40304),
(164,'M','A',41035,40304),
(165,'F','B',41035,40304),
-- 4 done
(168,'M','B',31029,40305), 
(169,'F','B',31029,40305),
(170,'M','B',31031,40305),
(171,'F','B',31031,40305),
(172,'M','A',31014,40305),
(173,'F','A',31014,40305),
(174,'M','A',500010,40305),
(175,'F','B',500010,40305),
(176,'M','A',500011,40305),
(177,'F','B',500011,40305),
-- Fall 2018
(178,'M','B',40027,40305),
(179,'F','B',40027,40305),
(180,'M','A',40029,40305),
(181,'F','A',40029,40305),
(182,'M','F',40031,40305),
(183,'F','D',40031,40305),
-- (SPR 2019)
(184,'M','B',41037,40305), 
(185,'F','A',41037,40305),
(186,'M','A',41035,40305),
(187,'F','B',41035,40305),
-- 5
(190,'M','B',31029,40306), 
(191,'F','B',31029,40306),
(192,'M','B',31031,40306),
(193,'F','B',31031,40306),
(194,'M','A',31014,40306),
(195,'F','A',31014,40306),
(196,'M','A',500010,40306),
(197,'F','B',500010,40306),
(198,'M','A',500011,40306),
(199,'F','B',500011,40306),
-- Fall 2018
(200,'M','B',40027,40306),
(201,'F','B',40027,40306),
(202,'M','A',40029,40306),
(203,'F','A',40029,40306),
(204,'M','F',40031,40306),
(205,'F','D',40031,40306),
-- (SPR 2019)
(206,'M','B',41037,40306), 
(207,'F','A',41037,40306),
(208,'M','A',41035,40306),
(209,'F','B',41035,40306),

(212,'M','B',31029,40307), 
(213,'F','B',31029,40307),
(214,'M','B',31031,40307),
(215,'F','B',31031,40307),
(216,'M','A',31014,40307),
(217,'F','A',31014,40307),
(218,'M','A',500010,40307),
(219,'F','B',500010,40307),
(220,'M','A',500011,40307),
(221,'F','B',500011,40307),
-- Fall 2018
(222,'M','B',40027,40307),
(223,'F','B',40027,40307),
(224,'M','A',40029,40307),
(225,'F','A',40029,40307),
(226,'M','F',40031,40307),
(227,'F','D',40031,40307),
-- (SPR 2019)
(228,'M','B',41037,40307), 
(229,'F','A',41037,40307),
(230,'M','A',41035,40307),
(231,'F','B',41035,40307),


(234,'M','B',31029,40308), 
(235,'F','B',31029,40308),
(236,'M','B',31031,40308),
(237,'F','B',31031,40308),
(238,'M','A',31014,40308),
(239,'F','A',31014,40308),
(240,'M','A',500010,40308),
(241,'F','B',500010,40308),
(242,'M','A',500011,40308),
(243,'F','B',500011,40308),
-- Fall 2018
(244,'M','B',40027,40308),
(245,'F','B',40027,40308),
(246,'M','A',40029,40308),
(247,'F','A',40029,40308),
(248,'M','F',40031,40308),
(249,'F','D',40031,40308),
-- (SPR 2019)
(250,'M','B',41037,40308), 
(251,'F','A',41037,40308),
(252,'M','A',41035,40308),
(253,'F','B',41035,40308),

(256,'M','B',31029,40309), 
(257,'F','B',31029,40309),
(258,'M','B',31031,40309),
(259,'F','B',31031,40309),
(260,'M','A',31014,40309),
(261,'F','A',31014,40309),
(262,'M','A',500010,40309),
(263,'F','B',500010,40309),
(264,'M','A',500011,40309),
(265,'F','B',500011,40309),
-- Fall 2018
(266,'M','B',40027,40309),
(267,'F','B',40027,40309),
(268,'M','A',40029,40309),
(269,'F','A',40029,40309),
(270,'M','F',40031,40309),
(271,'F','D',40031,40309),
-- (SPR 2019)
(272,'M','B',41037,40309), 
(273,'F','A',41037,40309),
(274,'M','A',41035,40309),
(275,'F','B',41035,40309),

(278,'M','B',31029,40310), 
(279,'F','B',31029,40310),
(280,'M','B',31031,40310),
(281,'F','B',31031,40310),
(282,'M','A',31014,40310),
(283,'F','A',31014,40310),
(284,'M','A',500010,40310),
(285,'F','B',500010,40310),
(286,'M','A',500011,40310),
(287,'F','B',500011,40310),
-- Fall 2018
(288,'M','B',40027,40310),
(289,'F','B',40027,40310),
(290,'M','A',40029,40310),
(291,'F','A',40029,40310),
(292,'M','F',40031,40310),
(293,'F','D',40031,40310),
-- (SPR 2019)
(294,'M','B',41037,40310), 
(295,'F','A',41037,40310),
(296,'M','A',41035,40310),
(297,'F','B',41035,40310),
-- 10 done

(300,'M','B',31029,40311), 
(301,'F','A',31029,40311),
(302,'M','B',31031,40311),
(303,'F','A',31031,40311),
(304,'M','A',31014,40311),
(305,'F','A',31014,40311),
(306,'M','A',500010,40311),
(307,'F','C',500010,40311),
(308,'M','A',500011,40311),
(309,'F','B',500011,40311),
-- Fall 2018
(310,'M','B',40027,40311),
(311,'F','B',40027,40311),
(312,'M','A',40029,40311),
(313,'F','A',40029,40311),
(314,'M','F',40031,40311),
(315,'F','D',40031,40311),
-- (SPR 2019)
(316,'M','B',41037,40311), 
(317,'F','A',41037,40311),
(318,'M','A',41035,40311),
(319,'F','B',41035,40311),


(322,'M','B',31029,40312), 
(323,'F','A',31029,40312),
(324,'M','B',31031,40312),
(325,'F','A',31031,40312),
(326,'M','A',31014,40312),
(327,'F','A',31014,40312),
(328,'M','A',500010,40312),
(329,'F','C',500010,40312),
(330,'M','A',500011,40312),
(331,'F','B',500011,40312),
-- Fall 2018
(332,'M','B',40027,40312),
(333,'F','B',40027,40312),
(334,'M','A',40029,40312),
(335,'F','A',40029,40312),
(336,'M','F',40031,40312),
(337,'F','D',40031,40312),
-- (SPR 2019)
(338,'M','B',41037,40312), 
(339,'F','A',41037,40312),
(340,'M','A',41035,40312),
(341,'F','B',41035,40312),


(344,'M','B',31029,40313), 
(345,'F','A',31029,40313),
(346,'M','B',31031,40313),
(347,'F','A',31031,40313),
(348,'M','A',31014,40313),
(349,'F','A',31014,40313),
(350,'M','A',500010,40313),
(351,'F','C',500010,40313),
(352,'M','A',500011,40313),
(353,'F','B',500011,40313),
-- Fall 2018
(354,'M','B',40027,40313),
(355,'F','B',40027,40313),
(356,'M','A',40029,40313),
(357,'F','A',40029,40313),
(358,'M','F',40031,40313),
(359,'F','D',40031,40313),
-- (SPR 2019
(360,'M','B',41037,40313), 
(361,'F','A',41037,40313),
(362,'M','A',41035,40313),
(363,'F','B',41035,40313),



(366,'M','B',31029,40314), 
(367,'F','A',31029,40314),
(368,'M','B',31031,40314),
(369,'F','A',31031,40314),
(370,'M','A',31014,40314),
(371,'F','A',31014,40314),
(372,'M','A',500010,40314),
(373,'F','C',500010,40314),
(374,'M','A',500011,40314),
(375,'F','B',500011,40314),
-- Fall 2018
(376,'M','B',40027,40314),
(377,'F','B',40027,40314),
(378,'M','A',40029,40314),
(379,'F','A',40029,40314),
(380,'M','F',40031,40314),
(381,'F','D',40031,40314),
-- (SPR 2019)
(382,'M','B',41037,40314), 
(383,'F','A',41037,40314),
(384,'M','A',41035,40314),
(385,'F','B',41035,40314),



(388,'M','B',31029,40315), 
(389,'F','A',31029,40315),
(390,'M','B',31031,40315),
(391,'F','A',31031,40315),
(392,'M','A',31014,40315),
(393,'F','A',31014,40315),
(394,'M','A',500010,40315),
(395,'F','C',500010,40315),
(396,'M','A',500011,40315),
(397,'F','B',500011,40315),
-- Fall 2018
(398,'M','B',40027,40315),
(399,'F','B',40027,40315),
(400,'M','A',40029,40315),
(401,'F','A',40029,40315),
(402,'M','F',40031,40315),
(403,'F','D',40031,40315),
-- (SPR 2019)
(404,'M','B',41037,40315), 
(405,'F','A',41037,40315),
(406,'M','A',41035,40315),
(407,'F','B',41035,40315),



(410,'M','B',31029,40316), 
(411,'F','A',31029,40316),
(412,'M','B',31031,40316),
(413,'F','A',31031,40316),
(414,'M','A',31014,40316),
(415,'F','A',31014,40316),
(416,'M','A',500010,40316),
(417,'F','C',500010,40316),
(418,'M','A',500011,40316),
(419,'F','B',500011,40316),
-- Fall 2018
(420,'M','B',40027,40316),
(421,'F','B',40027,40316),
(422,'M','A',40029,40316),
(423,'F','A',40029,40316),
(424,'M','F',40031,40316),
(425,'F','D',40031,40316),
-- (SPR 2019)
(426,'M','B',41037,40316), 
(427,'F','A',41037,40316),
(428,'M','A',41035,40316),
(429,'F','B',41035,40316),


(432,'M','B',31029,40317), 
(433,'F','A',31029,40317),
(434,'M','B',31031,40317),
(435,'F','A',31031,40317),
(436,'M','A',31014,40317),
(437,'F','A',31014,40317),
(438,'M','A',500010,40317),
(439,'F','C',500010,40317),
(440,'M','A',500011,40317),
(441,'F','B',500011,40317),
-- Fall 2018
(442,'M','B',40027,40317),
(443,'F','B',40027,40317),
(444,'M','A',40029,40317),
(445,'F','A',40029,40317),
(446,'M','F',40031,40317),
(447,'F','D',40031,40317),
-- (SPR 2019)
(448,'M','B',41037,40317), 
(449,'F','A',41037,40317),
(450,'M','A',41035,40317),
(451,'F','B',41035,40317),


(454,'M','B',31029,40318), 
(455,'F','A',31029,40318),
(456,'M','B',31031,40318),
(457,'F','A',31031,40318),
(458,'M','A',31014,40318),
(459,'F','A',31014,40318),
(460,'M','A',500010,40318),
(461,'F','C',500010,40318),
(462,'M','A',500011,40318),
(463,'F','B',500011,40318),
-- Fall 2018
(464,'M','B',40027,40318),
(465,'F','B',40027,40318),
(466,'M','A',40029,40318),
(467,'F','A',40029,40318),
(468,'M','F',40031,40318),
(469,'F','D',40031,40318),
-- SPR 2019)
(470,'M','B',41037,40318), 
(471,'F','A',41037,40318),
(472,'M','A',41035,40318),
(473,'F','B',41035,40318),


(476,'M','B',31029,40319), 
(477,'F','A',31029,40319),
(478,'M','B',31031,40319),
(479,'F','A',31031,40319),
(480,'M','A',31014,40319),
(481,'F','A',31014,40319),
(482,'M','A',500010,40319),
(483,'F','C',500010,40319),
(484,'M','A',500011,40319),
(485,'F','B',500011,40319),
-- Fall 2018
(486,'M','B',40027,40319),
(487,'F','B',40027,40319),
(488,'M','A',40029,40319),
(489,'F','A',40029,40319),
(490,'M','F',40031,40319),
(491,'F','D',40031,40319),
-- (SPR 2019)
(492,'M','B',41037,40319), 
(493,'F','A',41037,40319),
(494,'M','A',41035,40319),
(495,'F','B',41035,40319),

-- different at 20 on this first one

(498,'M','B',31029,40320), 
(499,'F','A',31029,40320),
(500,'M','B',31031,40320),
(501,'F','A',31031,40320),
(502,'M','A',31014,40320),
(503,'F','A',31014,40320),
(504,'M','A',500010,40320),
(505,'F','C',500010,40320),
(506,'M','A',500011,40320),
(507,'F','B',500011,40320),
-- Fall 2018
(508,'M','B',40027,40320),
(509,'F','B',40027,40320),
-- (SPR 2019)
(510,'M','B',41037,40320), 
(511,'F','A',41037,40320),
(512,'M','A',41035,40320),
(513,'F','B',41035,40320),

(516,'M','B',31030,40401), 
(517,'F','A',31030,40401),
(518,'M','B',31032,40401),
(519,'F','A',31032,40401),
(520,'M','A',31015,40401),
(521,'F','A',31015,40401),
(522,'M','A',500010,40401),
(523,'F','C',500010,40401),
(524,'M','A',500011,40401),
(525,'F','B',500011,40401),
-- Fall 2018
(526,'M','B',40028,40401),
(527,'F','B',40028,40401),
(528,'M','A',40030,40401),
(529,'F','B',40030,40401),
(530,'M','F',40032,40401),
(531,'F','F',40032,40401),
-- (SPR 2019)
(534,'M','A',41036,40401),
(535,'F','B',41036,40401),
(536,'M','B',41038,40401),
(537,'F','A',41038,40401),

(538,'M','B',31030,40402), 
(539,'F','A',31030,40402),
(540,'M','B',31032,40402),
(541,'F','A',31032,40402),
(542,'M','A',31015,40402),
(543,'F','A',31015,40402),
(544,'M','A',500010,40402),
(545,'F','C',500010,40402),
(546,'M','A',500011,40402),
(547,'F','B',500011,40402),
-- Fall 2018
(548,'M','B',40028,40402),
(549,'F','B',40028,40402),
(550,'M','A',40030,40402),
(551,'F','B',40030,40402),
(552,'M','F',40032,40402),
(553,'F','F',40032,40402),
-- (SPR 2019)
(556,'M','A',41036,40402),
(557,'F','B',41036,40402),
(558,'M','B',41038,40402),
(559,'F','A',41038,40402),

(560,'M','B',31030,40403), 
(561,'F','A',31030,40403),
(562,'M','B',31032,40403),
(563,'F','A',31032,40403),
(564,'M','A',31015,40403),
(565,'F','A',31015,40403),
(566,'M','A',500010,40403),
(567,'F','C',500010,40403),
(568,'M','A',500011,40403),
(569,'F','B',500011,40403),
-- Fall 2018
(570,'M','B',40028,40403),
(571,'F','B',40028,40403),
(572,'M','A',40030,40403),
(573,'F','B',40030,40403),
(574,'M','F',40032,40403),
(575,'F','F',40032,40403),
-- (SPR 2019)
(578,'M','A',41036,40403),
(579,'F','B',41036,40403),
(580,'M','B',41038,40403),
(581,'F','A',41038,40403),

(582,'M','B',31030,40404), 
(583,'F','A',31030,40404),
(584,'M','B',31032,40404),
(585,'F','A',31032,40404),
(586,'M','A',31015,40404),
(587,'F','A',31015,40404),
(588,'M','A',500010,40404),
(589,'F','C',500010,40404),
(590,'M','A',500011,40404),
(591,'F','B',500011,40404),
-- Fall 2018
(592,'M','B',40028,40404),
(593,'F','B',40028,40404),
(594,'M','A',40030,40404),
(595,'F','B',40030,40404),
(596,'M','F',40032,40404),
(597,'F','F',40032,40404),
-- (SPR 2019
(600,'M','A',41036,40404),
(601,'F','B',41036,40404),
(602,'M','B',41038,40404),
(603,'F','A',41038,40404),

(604,'M','B',31030,40405), 
(605,'F','A',31030,40405),
(606,'M','B',31032,40405),
(607,'F','A',31032,40405),
(608,'M','A',31015,40405),
(609,'F','A',31015,40405),
(610,'M','A',500010,40405),
(611,'F','C',500010,40405),
(612,'M','A',500011,40405),
(613,'F','B',500011,40405),
-- Fall 2018
(614,'M','B',40028,40405),
(615,'F','B',40028,40405),
(616,'M','A',40030,40405),
(617,'F','B',40030,40405),
(618,'M','F',40032,40405),
(619,'F','F',40032,40405),
-- SPR 2019)
(622,'M','A',41036,40405),
(623,'F','B',41036,40405),
(624,'M','B',41038,40405),
(625,'F','A',41038,40405),

(626,'M','B',31030,40406), 
(627,'F','A',31030,40406),
(628,'M','B',31032,40406),
(629,'F','A',31032,40406),
(630,'M','A',31015,40406),
(631,'F','A',31015,40406),
(632,'M','A',500010,40406),
(633,'F','C',500010,40406),
(634,'M','A',500011,40406),
(635,'F','B',500011,40406),
-- Fall 2018
(636,'M','B',40028,40406),
(637,'F','B',40028,40406),
(638,'M','A',40030,40406),
(639,'F','B',40030,40406),
(640,'M','F',40032,40406),
(641,'F','F',40032,40406),
-- (SPR 2019)
(644,'M','A',41036,40406),
(645,'F','B',41036,40406),
(646,'M','B',41038,40406),
(647,'F','A',41038,40406),

(648,'M','B',31030,40407), 
(649,'F','A',31030,40407),
(650,'M','B',31032,40407),
(651,'F','A',31032,40407),
(652,'M','A',31015,40407),
(653,'F','A',31015,40407),
(654,'M','A',500010,40407),
(655,'F','C',500010,40407),
(656,'M','A',500011,40407),
(657,'F','B',500011,40407),
-- Fall 2018
(658,'M','B',40028,40407),
(659,'F','B',40028,40407),
(660,'M','A',40030,40407),
(661,'F','B',40030,40407),
(662,'M','F',40032,40407),
(663,'F','F',40032,40407),
-- (SPR 2019)
(666,'M','A',41036,40407),
(667,'F','B',41036,40407),
(668,'M','B',41038,40407),
(669,'F','A',41038,40407),

(670,'M','B',31030,40408), 
(671,'F','A',31030,40408),
(672,'M','B',31032,40408),
(673,'F','A',31032,40408),
(674,'M','A',31015,40408),
(675,'F','A',31015,40408),
(676,'M','A',500010,40408),
(677,'F','C',500010,40408),
(678,'M','A',500011,40408),
(679,'F','B',500011,40408),
-- Fall 2018
(680,'M','B',40028,40408),
(681,'F','B',40028,40408),
(682,'M','A',40030,40408),
(683,'F','B',40030,40408),
(684,'M','F',40032,40408),
(685,'F','F',40032,40408),
-- (SPR 2019)

(688,'M','A',41036,40408),
(689,'F','B',41036,40408),
(690,'M','B',41038,40408),
(691,'F','A',41038,40408),

(692,'M','B',31030,40409), 
(693,'F','A',31030,40409),
(694,'M','B',31032,40409),
(695,'F','A',31032,40409),
(696,'M','A',31015,40409),
(697,'F','A',31015,40409),
(698,'M','A',500010,40409),
(699,'F','C',500010,40409),
(700,'M','A',500011,40409),
(701,'F','B',500011,40409),
-- Fall 2018
(702,'M','B',40028,40409),
(703,'F','B',40028,40409),
(704,'M','A',40030,40409),
(705,'F','B',40030,40409),
(706,'M','F',40032,40409),
(707,'F','F',40032,40409),
-- (SPR 2019)
(710,'M','A',41036,40409),
(711,'F','B',41036,40409),
(712,'M','B',41038,40409),
(713,'F','A',41038,40409),

(714,'M','B',31030,40410), 
(715,'F','A',31030,40410),
(716,'M','B',31032,40410),
(717,'F','A',31032,40410),
(718,'M','A',31015,40410),
(719,'F','A',31015,40410),
(720,'M','A',500010,40410),
(721,'F','C',500010,40410),
(722,'M','A',500011,40410),
(723,'F','B',500011,40410),
-- Fall 2018
(724,'M','B',40028,40410),
(725,'F','B',40028,40410),
(726,'M','A',40030,40410),
(727,'F','B',40030,40410),
(728,'M','F',40032,40410),
(729,'F','F',40032,40410),
-- (SPR 2019)
(730,'M','A',41036,40410),
(731,'F','B',41036,40410),
(732,'M','B',41038,40410),
(733,'F','A',41038,40410),

(734,'M','B',31030,40411), 
(735,'F','A',31030,40411),
(736,'M','B',31032,40411),
(737,'F','A',31032,40411),
(738,'M','A',31015,40411),
(739,'F','A',31015,40411),
(740,'M','A',500010,40411),
(741,'F','C',500010,40411),
(742,'M','A',500011,40411),
(743,'F','B',500011,40411),
-- Fall 2018
(744,'M','B',40028,40411),
(745,'F','B',40028,40411),
(746,'M','A',40030,40411),
(747,'F','B',40030,40411),
(748,'M','F',40032,40411),
(749,'F','F',40032,40411),
-- (SPR 2019)
(750,'M','A',41036,40411),
(751,'F','B',41036,40411),
(752,'M','B',41038,40411),
(753,'F','A',41038,40411),

(754,'M','B',31030,40412), 
(755,'F','A',31030,40412),
(756,'M','B',31032,40412),
(757,'F','A',31032,40412),
(758,'M','A',31015,40412),
(759,'F','A',31015,40412),
(760,'M','A',500010,40412),
(761,'F','C',500010,40412),
(762,'M','A',500011,40412),
(763,'F','B',500011,40412),
-- Fall 2018
(764,'M','B',40028,40412),
(765,'F','B',40028,40412),
(766,'M','A',40030,40412),
(767,'F','B',40030,40412),
(768,'M','F',40032,40412),
(769,'F','F',40032,40412),
-- (SPR 2019)
(770,'M','A',41036,40412),
(771,'F','B',41036,40412),
(772,'M','B',41038,40412),
(773,'F','A',41038,40412),

(774,'M','B',31030,40413), 
(775,'F','A',31030,40413),
(776,'M','B',31032,40413),
(777,'F','A',31032,40413),
(778,'M','A',31015,40413),
(779,'F','A',31015,40413),
(780,'M','A',500010,40413),
(781,'F','C',500010,40413),
(782,'M','A',500011,40413),
(783,'F','B',500011,40413),
-- ffall 2018
(784,'M','B',40028,40413),
(785,'F','B',40028,40413),
(786,'M','A',40030,40413),
(787,'F','B',40030,40413),
(788,'M','F',40032,40413),
(789,'F','F',40032,40413),
-- (SPR 2019)
(790,'M','A',41036,40413),
(791,'F','B',41036,40413),
(792,'M','B',41038,40413),
(793,'F','A',41038,40413),

(794,'M','B',31030,40414), 
(795,'F','A',31030,40414),
(796,'M','B',31032,40414),
(797,'F','A',31032,40414),
(798,'M','A',31015,40414),
(799,'F','A',31015,40414),
(800,'M','A',500010,40414),
(801,'F','C',500010,40414),
(802,'M','A',500011,40414),
(803,'F','B',500011,40414),
-- Fall 2018
(804,'M','B',40028,40414),
(805,'F','B',40028,40414),
(806,'M','A',40030,40414),
(807,'F','B',40030,40414),
(808,'M','F',40032,40414),
(809,'F','F',40032,40414),
-- (SPR 2019)
(810,'M','A',41036,40414),
(811,'F','B',41036,40414),
(812,'M','B',41038,40414),
(813,'F','A',41038,40414),

(814,'M','B',31030,40415), 
(815,'F','A',31030,40415),
(816,'M','B',31032,40415),
(817,'F','A',31032,40415),
(818,'M','A',31015,40415),
(819,'F','A',31015,40415),
(820,'M','A',500010,40415),
(821,'F','C',500010,40415),
(822,'M','A',500011,40415),
(823,'F','B',500011,40415),
-- Fall 2018
(824,'M','B',40028,40415),
(825,'F','B',40028,40415),
(826,'M','A',40030,40415),
(827,'F','B',40030,40415),
(828,'M','F',40032,40415),
(829,'F','F',40032,40415),
-- (SPR 2019)
(830,'M','A',41036,40415),
(831,'F','B',41036,40415),
(832,'M','B',41038,40415),
(833,'F','A',41038,40415),

(834,'M','B',31030,40416), 
(835,'F','A',31030,40416),
(836,'M','B',31032,40416),
(837,'F','A',31032,40416),
(838,'M','A',31015,40416),
(839,'F','A',31015,40416),
(840,'M','A',500010,40416),
(841,'F','C',500010,40416),
(842,'M','A',500011,40416),
(843,'F','B',500011,40416),
-- Fall 2018
(844,'M','B',40028,40416),
(845,'F','B',40028,40416),
(846,'M','A',40030,40416),
(847,'F','B',40030,40416),
(848,'M','F',40032,40416),
(849,'F','F',40032,40416),
-- (SPR 2019)
(850,'M','A',41036,40416),
(851,'F','B',41036,40416),
(852,'M','B',41038,40416),
(853,'F','A',41038,40416),

(854,'M','B',31030,40417), 
(855,'F','A',31030,40417),
(856,'M','B',31032,40417),
(857,'F','A',31032,40417),
(858,'M','A',31015,40417),
(859,'F','A',31015,40417),
(860,'M','A',500010,40417),
(861,'F','C',500010,40417),
(862,'M','A',500011,40417),
(863,'F','B',500011,40417),
-- Fall 2018
(864,'M','B',40028,40417),
(865,'F','B',40028,40417),
(866,'M','A',40030,40417),
(867,'F','B',40030,40417),
(868,'M','F',40032,40417),
(869,'F','F',40032,40417),
-- (SPR 2019)
(870,'M','A',41036,40417),
(871,'F','B',41036,40417),
(872,'M','B',41038,40417),
(873,'F','A',41038,40417),

(874,'M','B',31030,40418), 
(875,'F','A',31030,40418),
(876,'M','B',31032,40418),
(877,'F','A',31032,40418),
(878,'M','A',31015,40418),
(879,'F','A',31015,40418),
(880,'M','A',500010,40418),
(881,'F','C',500010,40418),
(882,'M','A',500011,40418),
(883,'F','B',500011,40418),
-- Fall 2018
(884,'M','B',40028,40418),
(885,'F','B',40028,40418),
(886,'M','A',40030,40418),
(887,'F','B',40030,40418),
(888,'M','F',40032,40418),
(889,'F','F',40032,40418),
-- (SPR 2019)
(890,'M','A',41036,40418),
(891,'F','B',41036,40418),
(892,'M','B',41038,40418),
(893,'F','A',41038,40418),

(894,'M','B',31030,40419), 
(895,'F','A',31030,40419),
(896,'M','B',31032,40419),
(897,'F','A',31032,40419),
(898,'M','A',31015,40419),
(899,'F','A',31015,40419),
(900,'M','A',500010,40419),
(901,'F','C',500010,40419),
(902,'M','A',500011,40419),
(903,'F','B',500011,40419),
-- Fall 2018
(904,'M','B',40028,40419),
(905,'F','B',40028,40419),
(906,'M','A',40030,40419),
(907,'F','B',40030,40419),
(908,'M','F',40032,40419),
(909,'F','F',40032,40419),
-- (SPR 2019)
(910,'M','A',41036,40419),
(911,'F','B',41036,40419),
(912,'M','B',41038,40419),
(913,'F','A',41038,40419),

(914,'M','B',31030,40420), 
(915,'F','A',31030,40420),
(916,'M','B',31032,40420),
(917,'F','A',31032,40420),
(918,'M','A',31015,40420),
(919,'F','A',31015,40420),
(920,'M','A',500010,40420),
(921,'F','C',500010,40420),
(922,'M','A',500011,40420),
(923,'F','B',500011,40420),
-- Fall 2018
(924,'M','B',40028,40420),
(925,'F','B',40028,40420),
(926,'M','A',40030,40420),
(927,'F','B',40030,40420),
(928,'M','F',40032,40420),
(929,'F','F',40032,40420),
-- (SPR 2019)
(930,'M','A',41036,40420),
(931,'F','B',41036,40420),
(932,'M','B',41038,40420),
(933,'F','A',41038,40420);


-- transcript
INSERT INTO `transcript` (`id`,`gradeReceived`,`year`,`season`,`course_id`,`student_id`) VALUES
(53,'B','2018','SP','EE150','40301'),
(54,'B','2018','SP','EE160','40301'),
(55,'A','2018','SP','MA113','40301'),
(56,'B','2018','SP','MA224','40301'),
(57,'B','2018','SP','MA240','40301'),
(58,'B','2018','F','EE240','40301'),
(59,'A','2018','F','EE300','40301'),
(60,'D','2018','F','EE310','40301'),
(61,'A','2019','SP','EE251','40301'),
(62,'B','2019','SP','EE241','40301'),
(63,'A','2019','SP','EE264','40301');

INSERT INTO `transcript` (`id`,`gradeReceived`,`year`,`season`,`course_id`,`student_id`) VALUES
(64,'B','2018','SP','EE150','40302'),
(65,'B','2018','SP','EE160','40302'),
(66,'A','2018','SP','MA113','40302'),
(67,'B','2018','SP','MA224','40302'),
(68,'B','2018','SP','MA240','40302'),
(69,'B','2018','F','EE240','40302'),
(70,'A','2018','F','EE300','40302'),
(71,'D','2018','F','EE310','40302'),
(72,'A','2019','SP','EE251','40302'),
(73,'B','2019','SP','EE241','40302'),
(74,'A','2019','SP','EE264','40302');

INSERT INTO `transcript` (`id`,`gradeReceived`,`year`,`season`,`course_id`,`student_id`) VALUES
(75,'B','2018','SP','EE150','40303'),
(76,'B','2018','SP','EE160','40303'),
(77,'A','2018','SP','MA113','40303'),
(78,'B','2018','SP','MA224','40303'),
(79,'B','2018','SP','MA240','40303'),
(80,'B','2018','F','EE240','40303'),
(81,'A','2018','F','EE300','40303'),
(82,'D','2018','F','EE310','40303'),
(83,'A','2019','SP','EE251','40303'),
(84,'B','2019','SP','EE241','40303'),
(85,'A','2019','SP','EE264','40303');

INSERT INTO `transcript` (`id`,`gradeReceived`,`year`,`season`,`course_id`,`student_id`) VALUES
(86,'B','2018','SP','EE150','40304'),
(87,'B','2018','SP','EE160','40304'),
(88,'A','2018','SP','MA113','40304'),
(89,'B','2018','SP','MA224','40304'),
(90,'B','2018','SP','MA240','40304'),
(91,'B','2018','F','EE240','40304'),
(92,'A','2018','F','EE300','40304'),
(93,'D','2018','F','EE310','40304'),
(94,'A','2019','SP','EE251','40304'),
(95,'B','2019','SP','EE241','40304'),
(96,'A','2019','SP','EE264','40304');

INSERT INTO `transcript` (`id`,`gradeReceived`,`year`,`season`,`course_id`,`student_id`) VALUES
(97,'B','2018','SP','EE150','40305'),
(98,'B','2018','SP','EE160','40305'),
(99,'A','2018','SP','MA113','40305'),
(461,'B','2018','SP','MA224','40305'),
(462,'B','2018','SP','MA240','40305'),
(463,'B','2018','F','EE240','40305'),
(464,'A','2018','F','EE300','40305'),
(465,'D','2018','F','EE310','40305'),
(466,'A','2019','SP','EE251','40305'),
(467,'B','2019','SP','EE241','40305'),
(468,'A','2019','SP','EE264','40305');

INSERT INTO `transcript` (`id`,`gradeReceived`,`year`,`season`,`course_id`,`student_id`) VALUES
(469,'B','2018','SP','EE150','40306'),
(470,'B','2018','SP','EE160','40306'),
(471,'A','2018','SP','MA113','40306'),
(472,'B','2018','SP','MA224','40306'),
(473,'B','2018','SP','MA240','40306'),
(474,'B','2018','F','EE240','40306'),
(475,'A','2018','F','EE300','40306'),
(476,'D','2018','F','EE310','40306'),
(477,'A','2019','SP','EE251','40306'),
(478,'B','2019','SP','EE241','40306'),
(479,'A','2019','SP','EE264','40306');

INSERT INTO `transcript` (`id`,`gradeReceived`,`year`,`season`,`course_id`,`student_id`) VALUES
(480,'B','2018','SP','EE150','40307'),
(481,'B','2018','SP','EE160','40307'),
(482,'A','2018','SP','MA113','40307'),
(483,'B','2018','SP','MA224','40307'),
(484,'B','2018','SP','MA240','40307'),
(124,'B','2018','F','EE240','40307'),
(125,'A','2018','F','EE300','40307'),
(126,'D','2018','F','EE310','40307'),
(127,'A','2019','SP','EE251','40307'),
(128,'B','2019','SP','EE241','40307'),
(129,'A','2019','SP','EE264','40307');

INSERT INTO `transcript` (`id`,`gradeReceived`,`year`,`season`,`course_id`,`student_id`) VALUES
(130,'B','2018','SP','EE150','40308'),
(131,'B','2018','SP','EE160','40308'),
(132,'A','2018','SP','MA113','40308'),
(133,'B','2018','SP','MA224','40308'),
(134,'B','2018','SP','MA240','40308'),
(135,'B','2018','F','EE240','40308'),
(136,'A','2018','F','EE300','40308'),
(137,'D','2018','F','EE310','40308'),
(138,'A','2019','SP','EE251','40308'),
(139,'B','2019','SP','EE241','40308'),
(140,'A','2019','SP','EE264','40308');

INSERT INTO `transcript` (`id`,`gradeReceived`,`year`,`season`,`course_id`,`student_id`) VALUES
(141,'B','2018','SP','EE150','40309'),
(142,'B','2018','SP','EE160','40309'),
(143,'A','2018','SP','MA113','40309'),
(144,'B','2018','SP','MA224','40309'),
(145,'B','2018','SP','MA240','40309'),
(146,'B','2018','F','EE240','40309'),
(147,'A','2018','F','EE300','40309'),
(148,'D','2018','F','EE310','40309'),
(149,'A','2019','SP','EE251','40309'),
(150,'B','2019','SP','EE241','40309'),
(151,'A','2019','SP','EE264','40309');


INSERT INTO `transcript` (`id`,`gradeReceived`,`year`,`season`,`course_id`,`student_id`) VALUES
(152,'B','2018','SP','EE150','40310'),
(153,'B','2018','SP','EE160','40310'),
(154,'A','2018','SP','MA113','40310'),
(155,'B','2018','SP','MA224','40310'),
(156,'B','2018','SP','MA240','40310'),
(157,'B','2018','F','EE240','40310'),
(158,'A','2018','F','EE300','40310'),
(159,'D','2018','F','EE310','40310'),
(160,'A','2019','SP','EE251','40310'),
(161,'B','2019','SP','EE241','40310'),
(162,'A','2019','SP','EE264','40310');


INSERT INTO `transcript` (`id`,`gradeReceived`,`year`,`season`,`course_id`,`student_id`) VALUES
(163,'A','2018','SP','EE150','40311'),
(164,'A','2018','SP','EE160','40311'),
(165,'A','2018','SP','MA113','40311'),
(166,'B','2018','SP','MA224','40311'),
(167,'C','2018','SP','MA240','40311'),
(168,'B','2018','F','EE240','40311'),
(169,'A','2018','F','EE300','40311'),
(170,'D','2018','F','EE310','40311'),
(171,'A','2019','SP','EE251','40311'),
(172,'B','2019','SP','EE241','40311'),
(173,'A','2019','SP','EE264','40311');

INSERT INTO `transcript` (`id`,`gradeReceived`,`year`,`season`,`course_id`,`student_id`) VALUES
(174,'A','2018','SP','EE150','40312'),
(175,'A','2018','SP','EE160','40312'),
(176,'A','2018','SP','MA113','40312'),
(177,'B','2018','SP','MA224','40312'),
(178,'C','2018','SP','MA240','40312'),
(179,'B','2018','F','EE240','40312'),
(180,'A','2018','F','EE300','40312'),
(181,'D','2018','F','EE310','40312'),
(182,'A','2019','SP','EE251','40312'),
(183,'B','2019','SP','EE241','40312'),
(184,'A','2019','SP','EE264','40312');

INSERT INTO `transcript` (`id`,`gradeReceived`,`year`,`season`,`course_id`,`student_id`) VALUES
(185,'A','2018','SP','EE150','40313'),
(186,'A','2018','SP','EE160','40313'),
(187,'A','2018','SP','MA113','40313'),
(188,'B','2018','SP','MA224','40313'),
(189,'C','2018','SP','MA240','40313'),
(190,'B','2018','F','EE240','40313'),
(191,'A','2018','F','EE300','40313'),
(192,'D','2018','F','EE310','40313'),
(193,'A','2019','SP','EE251','40313'),
(194,'B','2019','SP','EE241','40313'),
(195,'A','2019','SP','EE264','40313');

INSERT INTO `transcript` (`id`,`gradeReceived`,`year`,`season`,`course_id`,`student_id`) VALUES
(196,'A','2018','SP','EE150','40314'),
(197,'A','2018','SP','EE160','40314'),
(198,'A','2018','SP','MA113','40314'),
(199,'B','2018','SP','MA224','40314'),
(200,'C','2018','SP','MA240','40314'),
(201,'B','2018','F','EE240','40314'),
(202,'A','2018','F','EE300','40314'),
(203,'D','2018','F','EE310','40314'),
(204,'A','2019','SP','EE251','40314'),
(205,'B','2019','SP','EE241','40314'),
(206,'A','2019','SP','EE264','40314');

INSERT INTO `transcript` (`id`,`gradeReceived`,`year`,`season`,`course_id`,`student_id`) VALUES
(207,'A','2018','SP','EE150','40315'),
(208,'A','2018','SP','EE160','40315'),
(209,'A','2018','SP','MA113','40315'),
(210,'B','2018','SP','MA224','40315'),
(211,'C','2018','SP','MA240','40315'),
(212,'B','2018','F','EE240','40315'),
(213,'A','2018','F','EE300','40315'),
(214,'D','2018','F','EE310','40315'),
(215,'A','2019','SP','EE251','40315'),
(216,'B','2019','SP','EE241','40315'),
(217,'A','2019','SP','EE264','40315');

INSERT INTO `transcript` (`id`,`gradeReceived`,`year`,`season`,`course_id`,`student_id`) VALUES
(218,'A','2018','SP','EE150','40316'),
(219,'A','2018','SP','EE160','40316'),
(220,'A','2018','SP','MA113','40316'),
(221,'B','2018','SP','MA224','40316'),
(222,'C','2018','SP','MA240','40316'),
(223,'B','2018','F','EE240','40316'),
(224,'A','2018','F','EE300','40316'),
(225,'D','2018','F','EE310','40316'),
(226,'A','2019','SP','EE251','40316'),
(227,'B','2019','SP','EE241','40316'),
(228,'A','2019','SP','EE264','40316');

INSERT INTO `transcript` (`id`,`gradeReceived`,`year`,`season`,`course_id`,`student_id`) VALUES
(229,'A','2018','SP','EE150','40317'),
(230,'A','2018','SP','EE160','40317'),
(231,'A','2018','SP','MA113','40317'),
(232,'B','2018','SP','MA224','40317'),
(233,'C','2018','SP','MA240','40317'),
(234,'B','2018','F','EE240','40317'),
(235,'A','2018','F','EE300','40317'),
(236,'D','2018','F','EE310','40317'),
(237,'A','2019','SP','EE251','40317'),
(238,'B','2019','SP','EE241','40317'),
(239,'A','2019','SP','EE264','40317');

INSERT INTO `transcript` (`id`,`gradeReceived`,`year`,`season`,`course_id`,`student_id`) VALUES
(240,'A','2018','SP','EE150','40318'),
(241,'A','2018','SP','EE160','40318'),
(242,'A','2018','SP','MA113','40318'),
(243,'B','2018','SP','MA224','40318'),
(244,'C','2018','SP','MA240','40318'),
(245,'B','2018','F','EE240','40318'),
(246,'A','2018','F','EE300','40318'),
(247,'D','2018','F','EE310','40318'),
(248,'A','2019','SP','EE251','40318'),
(249,'B','2019','SP','EE241','40318'),
(250,'A','2019','SP','EE264','40318');

INSERT INTO `transcript` (`id`,`gradeReceived`,`year`,`season`,`course_id`,`student_id`) VALUES
(251,'A','2018','SP','EE150','40319'),
(252,'A','2018','SP','EE160','40319'),
(253,'A','2018','SP','MA113','40319'),
(254,'B','2018','SP','MA224','40319'),
(255,'C','2018','SP','MA240','40319'),
(256,'B','2018','F','EE240','40319'),
(257,'A','2018','F','EE300','40319'),
(258,'D','2018','F','EE310','40319'),
(259,'A','2019','SP','EE251','40319'),
(260,'B','2019','SP','EE241','40319'),
(261,'A','2019','SP','EE264','40319');


INSERT INTO `transcript` (`id`,`gradeReceived`,`year`,`season`,`course_id`,`student_id`) VALUES
(262,'A','2018','SP','EE150','40320'),
(263,'A','2018','SP','EE160','40320'),
(264,'A','2018','SP','MA113','40320'),
(265,'B','2018','SP','MA224','40320'),
(266,'C','2018','SP','MA240','40320'),
(267,'B','2018','F','EE240','40320'),
(268,'A','2019','SP','EE251','40320'),
(269,'B','2019','SP','EE241','40320'),
(270,'A','2019','SP','EE264','40320');

INSERT INTO `transcript` (`id`,`gradeReceived`,`year`,`season`,`course_id`,`student_id`) VALUES
(271,'A','2018','SP','EE150','40401'),
(272,'A','2018','SP','EE160','40401'),
(273,'A','2018','SP','MA113','40401'),
(274,'B','2018','SP','MA224','40401'),
(275,'C','2018','SP','MA240','40401'),
(276,'B','2018','F','EE240','40401'),
(277,'B','2018','F','EE300','40401'),
(278,'F','2018','F','EE310','40401'),
(279,'B','2019','SP','EE241','40401'),
(280,'A','2019','SP','EE264','40401');

INSERT INTO `transcript` (`id`,`gradeReceived`,`year`,`season`,`course_id`,`student_id`) VALUES
(281,'A','2018','SP','EE150','40402'),
(282,'A','2018','SP','EE160','40402'),
(283,'A','2018','SP','MA113','40402'),
(284,'B','2018','SP','MA224','40402'),
(285,'C','2018','SP','MA240','40402'),
(286,'B','2018','F','EE240','40402'),
(287,'B','2018','F','EE300','40402'),
(288,'F','2018','F','EE310','40402'),
(289,'B','2019','SP','EE241','40402'),
(290,'A','2019','SP','EE264','40402');

INSERT INTO `transcript` (`id`,`gradeReceived`,`year`,`season`,`course_id`,`student_id`) VALUES
(291,'A','2018','SP','EE150','40403'),
(292,'A','2018','SP','EE160','40403'),
(293,'A','2018','SP','MA113','40403'),
(294,'B','2018','SP','MA224','40403'),
(295,'C','2018','SP','MA240','40403'),
(296,'B','2018','F','EE240','40403'),
(297,'B','2018','F','EE300','40403'),
(298,'F','2018','F','EE310','40403'),
(299,'B','2019','SP','EE241','40403'),
(300,'A','2019','SP','EE264','40403');

INSERT INTO `transcript` (`id`,`gradeReceived`,`year`,`season`,`course_id`,`student_id`) VALUES
(301,'A','2018','SP','EE150','40404'),
(302,'A','2018','SP','EE160','40404'),
(303,'A','2018','SP','MA113','40404'),
(304,'B','2018','SP','MA224','40404'),
(305,'C','2018','SP','MA240','40404'),
(306,'B','2018','F','EE240','40404'),
(307,'B','2018','F','EE300','40404'),
(308,'F','2018','F','EE310','40404'),
(309,'B','2019','SP','EE241','40404'),
(310,'A','2019','SP','EE264','40404');

INSERT INTO `transcript` (`id`,`gradeReceived`,`year`,`season`,`course_id`,`student_id`) VALUES
(311,'A','2018','SP','EE150','40405'),
(312,'A','2018','SP','EE160','40405'),
(313,'A','2018','SP','MA113','40405'),
(314,'B','2018','SP','MA224','40405'),
(315,'C','2018','SP','MA240','40405'),
(316,'B','2018','F','EE240','40405'),
(317,'B','2018','F','EE300','40405'),
(318,'F','2018','F','EE310','40405'),
(319,'B','2019','SP','EE241','40405'),
(320,'A','2019','SP','EE264','40405');

INSERT INTO `transcript` (`id`,`gradeReceived`,`year`,`season`,`course_id`,`student_id`) VALUES
(321,'A','2018','SP','EE150','40406'),
(322,'A','2018','SP','EE160','40406'),
(323,'A','2018','SP','MA113','40406'),
(324,'B','2018','SP','MA224','40406'),
(325,'C','2018','SP','MA240','40406'),
(326,'B','2018','F','EE240','40406'),
(327,'B','2018','F','EE300','40406'),
(328,'F','2018','F','EE310','40406'),
(329,'B','2019','SP','EE241','40406'),
(330,'A','2019','SP','EE264','40406');

INSERT INTO `transcript` (`id`,`gradeReceived`,`year`,`season`,`course_id`,`student_id`) VALUES
(331,'A','2018','SP','EE150','40407'),
(332,'A','2018','SP','EE160','40407'),
(333,'A','2018','SP','MA113','40407'),
(334,'B','2018','SP','MA224','40407'),
(335,'C','2018','SP','MA240','40407'),
(336,'B','2018','F','EE240','40407'),
(337,'B','2018','F','EE300','40407'),
(338,'F','2018','F','EE310','40407'),
(339,'B','2019','SP','EE241','40407'),
(340,'A','2019','SP','EE264','40407');

INSERT INTO `transcript` (`id`,`gradeReceived`,`year`,`season`,`course_id`,`student_id`) VALUES
(341,'A','2018','SP','EE150','40408'),
(342,'A','2018','SP','EE160','40408'),
(343,'A','2018','SP','MA113','40408'),
(344,'B','2018','SP','MA224','40408'),
(345,'C','2018','SP','MA240','40408'),
(346,'B','2018','F','EE240','40408'),
(347,'B','2018','F','EE300','40408'),
(348,'F','2018','F','EE310','40408'),
(349,'B','2019','SP','EE241','40408'),
(350,'A','2019','SP','EE264','40408');

INSERT INTO `transcript` (`id`,`gradeReceived`,`year`,`season`,`course_id`,`student_id`) VALUES
(351,'A','2018','SP','EE150','40409'),
(352,'A','2018','SP','EE160','40409'),
(353,'A','2018','SP','MA113','40409'),
(354,'B','2018','SP','MA224','40409'),
(355,'C','2018','SP','MA240','40409'),
(356,'B','2018','F','EE240','40409'),
(357,'B','2018','F','EE300','40409'),
(358,'F','2018','F','EE310','40409'),
(359,'B','2019','SP','EE241','40409'),
(360,'A','2019','SP','EE264','40409');

INSERT INTO `transcript` (`id`,`gradeReceived`,`year`,`season`,`course_id`,`student_id`) VALUES
(361,'A','2018','SP','EE150','40410'),
(362,'A','2018','SP','EE160','40410'),
(363,'A','2018','SP','MA113','40410'),
(364,'B','2018','SP','MA224','40410'),
(365,'C','2018','SP','MA240','40410'),
(366,'B','2018','F','EE240','40410'),
(367,'B','2018','F','EE300','40410'),
(368,'F','2018','F','EE310','40410'),
(369,'B','2019','SP','EE241','40410'),
(370,'A','2019','SP','EE264','40410');

INSERT INTO `transcript` (`id`,`gradeReceived`,`year`,`season`,`course_id`,`student_id`) VALUES
(371,'A','2018','SP','EE150','40411'),
(372,'A','2018','SP','EE160','40411'),
(373,'A','2018','SP','MA113','40411'),
(374,'B','2018','SP','MA224','40411'),
(375,'C','2018','SP','MA240','40411'),
(376,'B','2018','F','EE240','40411'),
(377,'B','2018','F','EE300','40411'),
(378,'F','2018','F','EE310','40411'),
(379,'B','2019','SP','EE241','40411'),
(380,'A','2019','SP','EE264','40411');

INSERT INTO `transcript` (`id`,`gradeReceived`,`year`,`season`,`course_id`,`student_id`) VALUES
(381,'A','2018','SP','EE150','40412'),
(382,'A','2018','SP','EE160','40412'),
(383,'A','2018','SP','MA113','40412'),
(384,'B','2018','SP','MA224','40412'),
(385,'C','2018','SP','MA240','40412'),
(386,'B','2018','F','EE240','40412'),
(387,'B','2018','F','EE300','40412'),
(388,'F','2018','F','EE310','40412'),
(389,'B','2019','SP','EE241','40412'),
(390,'A','2019','SP','EE264','40412');

INSERT INTO `transcript` (`id`,`gradeReceived`,`year`,`season`,`course_id`,`student_id`) VALUES
(391,'A','2018','SP','EE150','40413'),
(392,'A','2018','SP','EE160','40413'),
(393,'A','2018','SP','MA113','40413'),
(394,'B','2018','SP','MA224','40413'),
(395,'C','2018','SP','MA240','40413'),
(396,'B','2018','F','EE240','40413'),
(397,'B','2018','F','EE300','40413'),
(398,'F','2018','F','EE310','40413'),
(399,'B','2019','SP','EE241','40413'),
(400,'A','2019','SP','EE264','40413');

INSERT INTO `transcript` (`id`,`gradeReceived`,`year`,`season`,`course_id`,`student_id`) VALUES
(401,'A','2018','SP','EE150','40414'),
(402,'A','2018','SP','EE160','40414'),
(403,'A','2018','SP','MA113','40414'),
(404,'B','2018','SP','MA224','40414'),
(405,'C','2018','SP','MA240','40414'),
(406,'B','2018','F','EE240','40414'),
(407,'B','2018','F','EE300','40414'),
(408,'F','2018','F','EE310','40414'),
(409,'B','2019','SP','EE241','40414'),
(410,'A','2019','SP','EE264','40414');

INSERT INTO `transcript` (`id`,`gradeReceived`,`year`,`season`,`course_id`,`student_id`) VALUES
(411,'A','2018','SP','EE150','40415'),
(412,'A','2018','SP','EE160','40415'),
(413,'A','2018','SP','MA113','40415'),
(414,'B','2018','SP','MA224','40415'),
(415,'C','2018','SP','MA240','40415'),
(416,'B','2018','F','EE240','40415'),
(417,'B','2018','F','EE300','40415'),
(418,'F','2018','F','EE310','40415'),
(419,'B','2019','SP','EE241','40415'),
(420,'A','2019','SP','EE264','40415');

INSERT INTO `transcript` (`id`,`gradeReceived`,`year`,`season`,`course_id`,`student_id`) VALUES
(421,'A','2018','SP','EE150','40416'),
(422,'A','2018','SP','EE160','40416'),
(423,'A','2018','SP','MA113','40416'),
(424,'B','2018','SP','MA224','40416'),
(425,'C','2018','SP','MA240','40416'),
(426,'B','2018','F','EE240','40416'),
(427,'B','2018','F','EE300','40416'),
(428,'F','2018','F','EE310','40416'),
(429,'B','2019','SP','EE241','40416'),
(430,'A','2019','SP','EE264','40416');

INSERT INTO `transcript` (`id`,`gradeReceived`,`year`,`season`,`course_id`,`student_id`) VALUES
(431,'A','2018','SP','EE150','40417'),
(432,'A','2018','SP','EE160','40417'),
(433,'A','2018','SP','MA113','40417'),
(434,'B','2018','SP','MA224','40417'),
(435,'C','2018','SP','MA240','40417'),
(436,'B','2018','F','EE240','40417'),
(437,'B','2018','F','EE300','40417'),
(438,'F','2018','F','EE310','40417'),
(439,'B','2019','SP','EE241','40418'),
(440,'A','2019','SP','EE264','40418');

INSERT INTO `transcript` (`id`,`gradeReceived`,`year`,`season`,`course_id`,`student_id`) VALUES
(441,'A','2018','SP','EE150','40419'),
(442,'A','2018','SP','EE160','40419'),
(443,'A','2018','SP','MA113','40419'),
(444,'B','2018','SP','MA224','40419'),
(445,'C','2018','SP','MA240','40419'),
(446,'B','2018','F','EE240','40419'),
(447,'B','2018','F','EE300','40419'),
(448,'F','2018','F','EE310','40419'),
(449,'B','2019','SP','EE241','40419'),
(450,'A','2019','SP','EE264','40419');

INSERT INTO `transcript` (`id`,`gradeReceived`,`year`,`season`,`course_id`,`student_id`) VALUES
(451,'A','2018','SP','EE150','40420'),
(452,'A','2018','SP','EE160','40420'),
(453,'A','2018','SP','MA113','40420'),
(454,'B','2018','SP','MA224','40420'),
(455,'C','2018','SP','MA240','40420'),
(456,'B','2018','F','EE240','40420'),
(457,'B','2018','F','EE300','40420'),
(458,'F','2018','F','EE310','40420'),
(459,'B','2019','SP','EE241','40420'),
(460,'A','2019','SP','EE264','40420');

INSERT INTO `student_major` (id, dateDeclared, major_id, student_id) VALUES
(10, 20160406,2,40002),
(11, 20160406,3,40003),
(12, 20161106,4,40004),
(13, 20161106,5,40005),
(14, 20161106,6,40006),
(15, 20161106,1,40007),
(16, 20170406,2,40008),
(17, 20170406,3,40009),
(18, 20170406,4,40010),
(19, 20170406,5,40011),
(20, 20170406,6,40012),
(21, 20170406,1,40013),
(22, 20170406,2,40014),
(23, 20170406,3,40015),
(24, 20170406,4,40016),
(25, 20170406,5,40017),
(26, 20170406,6,40018),
(27, 20170406,1,40019),
(28, 20170406,2,40020),
(29, 20171106,3,40101),
(30, 20171106,4,40102),
(31, 20171106,5,40103),
(32, 20171106,6,40104),
(33, 20171106,1,40105),
(34, 20171106,2,40106),
(35, 20171106,3,40107),
(36, 20171106,4,40108),
(37, 20171106,5,40109),
(38, 20180406,6,40110),
(39, 20180406,1,40111),
(40, 20180406,2,40112),
(41, 20180406,3,40113),
(42, 20180406,4,40114),
(43, 20180406,5,40115),
(44, 20180406,6,40116),
(45, 20180406,1,40117),
(46, 20180406,2,40118),
(47, 20180406,3,40119),
(48, 20180406,4,40120),
(49, 20180406,5,40202),
(50, 20180406,6,40203),
(51, 20181106,1,40204),
(52, 20181106,2,40205),
(53, 20181106,3,40206),
(54, 20181106,4,40207),
(55, 20181106,5,40208),
(56, 20181106,6,40209),
(57, 20181106,1,40210),
(58, 20181106,2,40211),
(59, 20181106,3,40212),
(60, 20181106,4,40213),
(61, 20181106,5,40214),
(62, 20181106,6,40215),
(63, 20181106,1,40216),
(64, 20181106,2,40217),
(65, 20181106,3,40218),
(66, 20181106,4,40219),
(67, 20181106,5,40220),
(68, 20181106,5,40302),
(69, 20181106,6,40303),
(70, 20181106,1,40304),
(71, 20181106,2,40305),
(72, 20181106,3,40306),
(73, 20191106,4,40307),
(74, 20191106,5,40308),
(75, 20191106,6,40309),
(76, 20191106,1,40310),
(77, 20191106,2,40311),
(78, 20191106,3,40312),
(79, 20191106,4,40313),
(80, 20191106,5,40314),
(81, 20191106,6,40315),
(82, 20191106,1,40316),
(83, 20191106,2,40317),
(84, 20191106,3,40318),
(85, 20191106,4,40319),
(86, 20191106,5,40320),
(87, 20191106,5,40402),
(88, 20191106,6,40403),
(89, 20191106,1,40404),
(90, 20191106,2,40405),
(91, 20191106,2,40401),
(92, 20191106,3,40406),
(93, 20191106,4,40407),
(94, 20191106,5,40408),
(95, 20191106,6,40409),
(96, 20191106,1,40410),
(97, 20191106,2,40411),
(98, 20191106,3,40412),
(99, 20191106,4,40413),
(100, 20190706,5,40414),
(101, 20190706,6,40415),
(102, 20190706,1,40416),
(103, 20190706,2,40417),
(104, 20190706,3,40418),
(105, 20190706,4,40419),
(106, 20190706,5,40420);

-- minors

INSERT INTO `student_minor` (id, dateDeclared, minor_id, student_id) VALUES
(10, 20160406,2,40002),
(11, 20160406,1,40003),
(12, 20161106,2,40004),
(13, 20161106,1,40005),
(14, 20161106,2,40006),
(15, 20161106,1,40007),
(16, 20170406,2,40008),
(17, 20170406,1,40009),
(18, 20170406,2,40010),
(19, 20170406,1,40011),
(20, 20170406,2,40012),
(21, 20170406,1,40013),
(22, 20170406,2,40014),
(23, 20170406,1,40015),
(24, 20170406,2,40016),
(25, 20170406,1,40017),
(26, 20170406,2,40018),
(27, 20170406,1,40019),
(28, 20170406,2,40020),
(29, 20171106,1,40101),
(30, 20171106,2,40102),
(31, 20171106,1,40103),
(32, 20171106,2,40104),
(33, 20171106,1,40105),
(34, 20171106,2,40106),
(35, 20171106,1,40107),
(36, 20171106,2,40108),
(37, 20171106,1,40109),
(38, 20180406,2,40110),
(39, 20180406,1,40111),
(40, 20180406,2,40112),
(41, 20180406,1,40113),
(42, 20180406,2,40114),
(43, 20180406,1,40115),
(44, 20180406,2,40116),
(45, 20180406,1,40117),
(46, 20180406,2,40118),
(47, 20180406,1,40119),
(48, 20180406,2,40120),
(49, 20180406,1,40202),
(50, 20180406,2,40203),
(51, 20181106,1,40204),
(52, 20181106,2,40205),
(53, 20181106,1,40206),
(54, 20181106,2,40207),
(55, 20181106,1,40208),
(56, 20181106,2,40209),
(57, 20181106,1,40210),
(58, 20181106,2,40211),
(59, 20181106,1,40212),
(60, 20181106,2,40213),
(61, 20181106,1,40214),
(62, 20181106,2,40215),
(63, 20181106,1,40216),
(64, 20181106,2,40217),
(65, 20181106,1,40218),
(66, 20181106,2,40219),
(67, 20181106,1,40220),
(68, 20181106,2,40302),
(69, 20181106,1,40303),
(70, 20181106,1,40304),
(71, 20181106,2,40305),
(72, 20181106,1,40306),
(73, 20190205,2,40307),
(74, 20190205,1,40308),
(75, 20190205,2,40309),
(76, 20191105,1,40310),
(77, 20191105,2,40311),
(78, 20191105,1,40312),
(79, 20191105,2,40313),
(80, 20191105,1,40314),
(81, 20191105,2,40315),
(82, 20191105,1,40316),
(83, 20191105,2,40317),
(84, 20191105,1,40318),
(85, 20191105,2,40319),
(86, 20191105,1,40320);
-- updating to corresponding attributes
UPDATE course_section
SET numOfSeats=21 AND numOfTaken=21
where id=40027;
UPDATE course_section
SET numOfSeats=21 AND numOfTaken=21
where id=40029;
UPDATE course_section
SET numOfSeats=19 AND numOfTaken=19
where id=31030;
UPDATE course_section
SET numOfSeats=21 AND numOfTaken=21
where id=31029;
UPDATE course_section
SET numOfSeats=21 AND numOfTaken=21
where id=31031;
UPDATE course_section
SET numOfSeats=21 AND numOfTaken=21
where id=40031;
UPDATE course_section
SET numOfSeats=21 AND numOfTaken=21
where id=40027;
UPDATE course_section
SET numOfSeats=31 AND numOfTaken=31
where id=41038;
UPDATE course_section
SET numOfSeats=31 AND numOfTaken=31
where id=41037;
UPDATE course_section
SET numOfSeats=21 AND numOfTaken=21
where id=41035;
-- slots for 50001-50026
INSERT INTO `course_section_slot` (`id`,`coursesection_id`,`slot_id`) VALUES
(621,50001,1),
(623,50001,9),
(624,50002,2),
(625,50002,10),
(626,50003,3),
(627,50003,11),
(628,50004,4),
(629,50004,12),
(630,50005,1),
(631,50005,9),
(632,50006,2),
(633,50006,10),
(634,50007,3),
(635,50008,4),
(636,50008,12),
(637,50009,17),
(638,50009,25),
(639,50010,18),
(640,50010,26),
(641,50011,19),
(642,50011,27),
(643,50012,20),
(644,50012,28),
(645,50013,21),
(646,50013,29),
(647,50014,17),
(648,50014,25),
(649,50015,18),
(650,50015,26),
(651,50016,19),
(652,50016,27),
(653,50017,20),
(654,50017,28),
(655,50018,21),
(656,50018,29),
(657,50019,25),
(658,50019,33),
(659,50020,26),
(660,50020,34),
(661,50021,27),
(662,50021,35),
(663,50022,28),
(664,50022,36),
(665,50023,29),
(666,50023,37),
(667,50024,25),
(668,50024,33),
(669,50025,26),
(670,50025,34);
INSERT INTO `course_section_slot` (`id`,`coursesection_id`,`slot_id`) VALUES
(671,50026,1),
(672,50026,9);
-- grade
INSERT INTO `grade` (`id`,`type`,`letterGrade`,`course_section_id`,`student_id`) VALUES
(934,'M','B',40027,40001),
(935,'F','B',40027,40001),
(936,'M','B',40029,40001),
(937,'F','C',40029,40001),
(938,'M','B',40031,40001),
(939,'F','B',40031,40001),
(940,'M','C',31029,40001),
(941,'F','C',31029,40001),
(942,'M','C',31031,40001),
(943,'F','C',31031,40001),
(944,'F','A',41035,40001),
(945,'F','C',41037,40001),
(946,'F','B',41038,40001);

-- TOOTHG TRANSCRIPT
UPDATE transcript
SET gradeReceived='B'
WHERE id = 120;

UPDATE transcript
SET gradeReceived='C'
WHERE id = 121;

UPDATE transcript
SET gradeReceived='A'
WHERE id = 122;

UPDATE transcript
SET gradeReceived='B'
WHERE id = 123;

-- spr2019
-- 41035
INSERT INTO `attendance` (`id`,`isPresent`,`dayAttended`,`enrollment_id`) VALUES
(104,1,'2019-03-24', 322),
(701,1,'2019-03-26', 322),
(702,1,'2019-04-02', 322),
(703,1,'2019-04-04', 322),
(704,1,'2019-04-09', 322),
(705,0,'2019-04-11', 322),
(706,1,'2019-04-16', 322),
(707,1,'2019-04-18', 322),
(708,1,'2019-04-23', 322),
(709,1,'2019-04-25', 322),
(710,1,'2019-05-02', 322),

(105,1,'2019-05-24', 510),
(711,1,'2019-03-26', 510),
(712,1,'2019-04-02', 510),
(713,1,'2019-04-04', 510),
(714,1,'2019-04-09', 510),
(715,1,'2019-04-11', 510),
(716,1,'2019-04-16', 510),
(717,1,'2019-04-18', 510),
(718,1,'2019-04-23', 510),
(719,1,'2019-04-25', 510),
(720,1,'2019-05-02', 510),

(106,1,'2019-05-24', 523),
(721,1,'2019-03-26', 523),
(722,1,'2019-04-02', 523),
(723,1,'2019-04-04', 523),
(724,1,'2019-04-09', 523),
(725,1,'2019-04-11', 523),
(726,1,'2019-04-16', 523),
(727,1,'2019-04-18', 523),
(728,1,'2019-04-23', 523),
(729,1,'2019-04-25', 523),
(730,1,'2019-05-02', 523),

(107,1,'2019-05-24', 537),
(731,1,'2019-03-26', 537),
(732,1,'2019-04-02', 537),
(733,0,'2019-04-04', 537),
(734,1,'2019-04-09', 537),
(735,1,'2019-04-11', 537),
(736,1,'2019-04-16', 537),
(737,1,'2019-04-18', 537),
(738,1,'2019-04-23', 537),
(739,1,'2019-04-25', 537),
(740,1,'2019-05-02', 537),

(108,1,'2019-05-24', 593),
(741,1,'2019-03-26', 593),
(742,1,'2019-04-02', 593),
(743,1,'2019-04-04', 593),
(744,1,'2019-04-09', 593),
(745,1,'2019-04-11', 593),
(746,1,'2019-04-16', 593),
(747,1,'2019-04-18', 593),
(748,1,'2019-04-23', 593),
(749,1,'2019-04-25', 593),
(750,1,'2019-05-02', 593),

(109,1,'2019-05-24', 607),
(751,1,'2019-03-26', 607),
(752,1,'2019-04-02', 607),
(753,1,'2019-04-04', 607),
(754,0,'2019-04-09', 607),
(755,1,'2019-04-11', 607),
(756,1,'2019-04-16', 607),
(757,1,'2019-04-18', 607),
(758,1,'2019-04-23', 607),
(759,1,'2019-04-25', 607),
(760,1,'2019-05-02', 607),

(110,1,'2019-05-24', 621),
(761,1,'2019-03-26', 621),
(762,1,'2019-04-02', 621),
(763,1,'2019-04-04', 621),
(764,1,'2019-04-09', 621),
(765,1,'2019-04-11', 621),
(766,1,'2019-04-16', 621),
(767,1,'2019-04-18', 621),
(768,0,'2019-04-23', 621),
(769,1,'2019-04-25', 621),
(770,1,'2019-05-02', 621),

(111,1,'2019-05-24', 551),
(771,1,'2019-03-26', 551),
(772,1,'2019-04-02', 551),
(773,1,'2019-04-04', 551),
(774,1,'2019-04-09', 551),
(775,1,'2019-04-11', 551),
(776,0,'2019-04-16', 551),
(777,1,'2019-04-18', 551),
(778,1,'2019-04-23', 551),
(779,1,'2019-04-25', 551),
(780,1,'2019-05-02', 551),

(112,1,'2019-05-24', 565),
(781,1,'2019-03-26', 565),
(782,1,'2019-04-02', 565),
(783,1,'2019-04-04', 565),
(784,1,'2019-04-09', 565),
(785,1,'2019-04-11', 565),
(786,0,'2019-04-16', 565),
(787,1,'2019-04-18', 565),
(788,1,'2019-04-23', 565),
(789,1,'2019-04-25', 565),
(790,1,'2019-05-02', 565),

(113,1,'2019-05-24', 579),
(791,1,'2019-03-26', 579),
(792,1,'2019-04-02', 579),
(793,1,'2019-04-04', 579),
(794,1,'2019-04-09', 579),
(795,1,'2019-04-11', 579),
(796,1,'2019-04-16', 579),
(797,1,'2019-04-18', 579),
(798,1,'2019-04-23', 579),
(799,0,'2019-04-25', 579),
(800,1,'2019-05-02', 579),

(114,1,'2019-05-24', 635),
(801,1,'2019-03-26', 635),
(802,0,'2019-04-02', 635),
(803,1,'2019-04-04', 635),
(804,1,'2019-04-09', 635),
(805,1,'2019-04-11', 635),
(806,1,'2019-04-16', 635),
(807,1,'2019-04-18', 635),
(808,1,'2019-04-23', 635),
(809,1,'2019-04-25', 635),
(810,1,'2019-05-02', 635),

(115,1,'2019-05-24', 649),
(811,1,'2019-03-26', 649),
(812,1,'2019-04-02', 649),
(813,1,'2019-04-04', 649),
(814,1,'2019-04-09', 649),
(815,1,'2019-04-11', 649),
(816,1,'2019-04-16', 649),
(817,1,'2019-04-18', 649),
(818,1,'2019-04-23', 649),
(819,0,'2019-04-25', 649),
(820,1,'2019-05-02', 649),


(116,1,'2019-05-24', 663),
(821,1,'2019-03-26', 663),
(822,1,'2019-04-02', 663),
(823,1,'2019-04-04', 663),
(824,1,'2019-04-09', 663),
(825,0,'2019-04-11', 663),
(826,1,'2019-04-16', 663),
(827,1,'2019-04-18', 663),
(828,1,'2019-04-23', 663),
(829,1,'2019-04-25', 663),
(830,1,'2019-05-02', 663),


(117,1,'2019-05-24', 677),
(831,1,'2019-03-26', 677),
(832,1,'2019-04-02', 677),
(833,1,'2019-04-04', 677),
(834,1,'2019-04-09', 677),
(835,1,'2019-04-11', 677),
(836,1,'2019-04-16', 677),
(837,1,'2019-04-18', 677),
(838,1,'2019-04-23', 677),
(839,0,'2019-04-25', 677),
(840,1,'2019-05-02', 677),

(118,1,'2019-05-24', 691),
(841,1,'2019-03-26', 691),
(842,1,'2019-04-02', 691),
(843,1,'2019-04-04', 691),
(844,1,'2019-04-09', 691),
(845,1,'2019-04-11', 691),
(846,0,'2019-04-16', 691),
(847,1,'2019-04-18', 691),
(848,1,'2019-04-23', 691),
(849,1,'2019-04-25', 691),
(850,1,'2019-05-02', 691),

(119,1,'2019-05-24', 705),
(851,1,'2019-03-26', 705),
(852,1,'2019-04-02', 705),
(853,1,'2019-04-04', 705),
(854,1,'2019-04-09', 705),
(855,1,'2019-04-11', 705),
(856,1,'2019-04-16', 705),
(857,1,'2019-04-18', 705),
(858,1,'2019-04-23', 705),
(859,1,'2019-04-25', 705),
(860,1,'2019-05-02', 705),

(120,1,'2019-05-24', 719),
(861,1,'2019-03-26', 719),
(862,1,'2019-04-02', 719),
(863,1,'2019-04-04', 719),
(864,1,'2019-04-09', 719),
(865,1,'2019-04-11', 719),
(866,1,'2019-04-16', 719),
(867,1,'2019-04-18', 719),
(868,1,'2019-04-23', 719),
(869,1,'2019-04-25', 719),
(870,1,'2019-05-02', 719),

(121,1,'2019-05-24', 742),
(871,1,'2019-03-26', 742),
(872,1,'2019-04-02', 742),
(873,1,'2019-04-04', 742),
(874,1,'2019-04-09', 742),
(875,1,'2019-04-11', 742),
(876,1,'2019-04-16', 742),
(877,1,'2019-04-18', 742),
(878,1,'2019-04-23', 742),
(879,0,'2019-04-25', 742),
(880,1,'2019-05-02', 742),

(122,1,'2019-05-24', 756),
(881,1,'2019-03-26', 756),
(882,1,'2019-04-02', 756),
(883,1,'2019-04-04', 756),
(884,1,'2019-04-09', 756),
(885,1,'2019-04-11', 756),
(886,1,'2019-04-16', 756),
(887,1,'2019-04-18', 756),
(888,1,'2019-04-23', 756),
(889,0,'2019-04-25', 756),
(890,1,'2019-05-02', 756),

(123,1,'2019-05-24', 770),
(891,1,'2019-03-26', 770),
(892,1,'2019-04-02', 770),
(893,1,'2019-04-04', 770),
(894,1,'2019-04-09', 770),
(895,1,'2019-04-11', 770),
(896,1,'2019-04-16', 770),
(897,1,'2019-04-18', 770),
(898,1,'2019-04-23', 770),
(899,0,'2019-04-25', 770),
(900,1,'2019-05-02', 770),

(124,1,'2019-05-24', 782),
(901,1,'2019-03-26', 782),
(902,1,'2019-04-02', 782),
(903,1,'2019-04-04', 782),
(904,1,'2019-04-09', 782),
(905,1,'2019-04-11', 782),
(906,1,'2019-04-16', 782),
(907,1,'2019-04-18', 782),
(908,1,'2019-04-23', 782),
(909,0,'2019-04-25', 782),
(910,1,'2019-05-02', 782);

-- 41036, 40401-40420
INSERT INTO `attendance` (`id`,`isPresent`,`dayAttended`,`enrollment_id`) VALUES
(125,1,'2019-03-24', 795),
(911,1,'2019-03-26', 795),
(912,1,'2019-04-02', 795),
(913,1,'2019-04-04', 795),
(914,1,'2019-04-09', 795),
(915,0,'2019-04-11', 795),
(916,1,'2019-04-16', 795),
(917,1,'2019-04-18', 795),
(918,1,'2019-04-23', 795),
(919,1,'2019-04-25', 795),
(920,1,'2019-05-02', 795),

(126,1,'2019-05-24', 807),
(921,1,'2019-03-26', 807),
(922,1,'2019-04-02', 807),
(923,1,'2019-04-04', 807),
(924,1,'2019-04-09', 807),
(925,1,'2019-04-11', 807),
(926,1,'2019-04-16', 807),
(927,1,'2019-04-18', 807),
(928,1,'2019-04-23', 807),
(929,1,'2019-04-25', 807),
(930,1,'2019-05-02', 807),

(127,1,'2019-05-24', 819),
(931,1,'2019-03-26', 819),
(932,1,'2019-04-02', 819),
(933,1,'2019-04-04', 819),
(934,1,'2019-04-09', 819),
(935,1,'2019-04-11', 819),
(936,1,'2019-04-16', 819),
(937,1,'2019-04-18', 819),
(938,1,'2019-04-23', 819),
(939,1,'2019-04-25', 819),
(940,1,'2019-05-02', 819),

(128,1,'2019-05-24', 831),
(941,1,'2019-03-26', 831),
(942,1,'2019-04-02', 831),
(943,0,'2019-04-04', 831),
(944,1,'2019-04-09', 831),
(945,1,'2019-04-11', 831),
(946,1,'2019-04-16', 831),
(947,1,'2019-04-18', 831),
(948,1,'2019-04-23', 831),
(949,1,'2019-04-25', 831),
(950,1,'2019-05-02', 831),

(129,1,'2019-05-24', 843),
(951,1,'2019-03-26', 843),
(952,1,'2019-04-02', 843),
(953,1,'2019-04-04', 843),
(954,1,'2019-04-09', 843),
(955,1,'2019-04-11', 843),
(956,1,'2019-04-16', 843),
(957,1,'2019-04-18', 843),
(958,1,'2019-04-23', 843),
(959,1,'2019-04-25', 843),
(960,1,'2019-05-02', 843),

(130,1,'2019-05-24', 855),
(961,1,'2019-03-26', 855),
(962,1,'2019-04-02', 855),
(963,1,'2019-04-04', 855),
(964,0,'2019-04-09', 855),
(965,1,'2019-04-11', 855),
(966,1,'2019-04-16', 855),
(967,1,'2019-04-18', 855),
(968,1,'2019-04-23', 855),
(969,1,'2019-04-25', 855),
(970,1,'2019-05-02', 855),

(131,1,'2019-05-24', 867),
(971,1,'2019-03-26', 867),
(972,1,'2019-04-02', 867),
(973,1,'2019-04-04', 867),
(974,1,'2019-04-09', 867),
(975,1,'2019-04-11', 867),
(976,1,'2019-04-16', 867),
(977,1,'2019-04-18', 867),
(978,0,'2019-04-23', 867),
(979,1,'2019-04-25', 867),
(980,1,'2019-05-02', 867),

(132,1,'2019-05-24', 879),
(981,1,'2019-03-26', 879),
(983,1,'2019-04-02', 879),
(984,1,'2019-04-04', 879),
(985,1,'2019-04-11', 879),
(986,0,'2019-04-16', 879),
(987,1,'2019-04-18', 879),
(988,1,'2019-04-23', 879),
(989,1,'2019-04-25', 879),
(990,1,'2019-05-02', 879),

(133,1,'2019-05-24', 891),
(991,1,'2019-03-26', 891),
(992,1,'2019-04-02', 891),
(993,1,'2019-04-04', 891),
(994,1,'2019-04-09', 891),
(995,1,'2019-04-11', 891),
(996,0,'2019-04-16', 891),
(997,1,'2019-04-18', 891),
(998,1,'2019-04-23', 891),
(999,1,'2019-04-25', 891),
(1000,1,'2019-05-02', 891),

(134,1,'2019-05-24', 903),
(1001,1,'2019-03-26', 903),
(1002,1,'2019-04-02', 903),
(1003,1,'2019-04-04', 903),
(1004,1,'2019-04-09', 903),
(1005,1,'2019-04-11', 903),
(1006,1,'2019-04-16', 903),
(1007,1,'2019-04-18', 903),
(1008,1,'2019-04-23', 903),
(1009,0,'2019-04-25', 903),
(1010,1,'2019-05-02', 903),

(135,1,'2019-05-24', 915),
(1011,1,'2019-03-26', 915),
(1012,0,'2019-04-02', 915),
(1013,1,'2019-04-04', 915),
(1014,1,'2019-04-09', 915),
(1015,1,'2019-04-11', 915),
(1016,1,'2019-04-16', 915),
(1017,1,'2019-04-18', 915),
(1018,1,'2019-04-23', 915),
(1019,1,'2019-04-25', 915),
(1020,1,'2019-05-02', 915),

(136,1,'2019-05-24', 927),
(1021,1,'2019-03-26', 927),
(1022,1,'2019-04-02', 927),
(1023,1,'2019-04-04', 927),
(1024,1,'2019-04-09', 927),
(1025,1,'2019-04-11', 927),
(1026,1,'2019-04-16', 927),
(1027,1,'2019-04-18', 927),
(1028,1,'2019-04-23', 927),
(1029,0,'2019-04-25', 927),
(1030,1,'2019-05-02', 927),


(137,1,'2019-05-24', 939),
(1031,1,'2019-03-26', 939),
(1032,1,'2019-04-02', 939),
(1033,1,'2019-04-04', 939),
(1034,1,'2019-04-09', 939),
(1035,0,'2019-04-11', 939),
(1036,1,'2019-04-16', 939),
(1037,1,'2019-04-18', 939),
(1038,1,'2019-04-23', 939),
(1039,1,'2019-04-25', 939),
(1040,1,'2019-05-02', 939),


(138,1,'2019-05-24', 951),
(1041,1,'2019-03-26', 951),
(1042,1,'2019-04-02', 951),
(1043,1,'2019-04-04', 951),
(1044,1,'2019-04-09', 951),
(1045,1,'2019-04-11', 951),
(1046,1,'2019-04-16', 951),
(1047,1,'2019-04-18', 951),
(1048,1,'2019-04-23', 951),
(1049,0,'2019-04-25', 951),
(1050,1,'2019-05-02', 951),

(139,1,'2019-05-24', 963),
(1061,1,'2019-03-26', 963),
(1062,1,'2019-04-02', 963),
(1063,1,'2019-04-04', 963),
(1064,1,'2019-04-09', 963),
(1065,1,'2019-04-11', 963),
(1066,0,'2019-04-16', 963),
(1067,1,'2019-04-18', 963),
(1068,1,'2019-04-23', 963),
(1069,1,'2019-04-25', 963),
(1070,1,'2019-05-02', 963),

(140,1,'2019-05-24', 975),
(1071,1,'2019-03-26', 975),
(1072,1,'2019-04-02', 975),
(1073,1,'2019-04-04', 975),
(1074,1,'2019-04-09', 975),
(1075,1,'2019-04-11', 975),
(1076,1,'2019-04-16', 975),
(1077,1,'2019-04-18', 975),
(1078,1,'2019-04-23', 975),
(1079,1,'2019-04-25', 975),
(1080,1,'2019-05-02', 975),

(141,1,'2019-05-24', 987),
(1081,1,'2019-03-26', 987),
(1082,1,'2019-04-02', 987),
(1083,1,'2019-04-04', 987),
(1084,1,'2019-04-09', 987),
(1085,1,'2019-04-11', 987),
(1086,1,'2019-04-16', 987),
(1087,1,'2019-04-18', 987),
(1088,1,'2019-04-23', 987),
(1089,1,'2019-04-25', 987),
(1090,1,'2019-05-02', 987),

(142,1,'2019-05-24', 999),
(1091,1,'2019-03-26', 999),
(1092,1,'2019-04-02', 999),
(1093,1,'2019-04-04', 999),
(1094,1,'2019-04-09', 999),
(1095,1,'2019-04-11', 999),
(1096,1,'2019-04-16', 999),
(1097,1,'2019-04-18', 999),
(1098,1,'2019-04-23', 999),
(1099,0,'2019-04-25', 999),
(1100,1,'2019-05-02', 999),

(143,1,'2019-05-24', 1011),
(1101,1,'2019-03-26', 1011),
(1102,1,'2019-04-02', 1011),
(1103,1,'2019-04-04', 1011),
(1104,1,'2019-04-09', 1011),
(1105,1,'2019-04-11', 1011),
(1106,1,'2019-04-16', 1011),
(1107,1,'2019-04-18', 1011),
(1108,1,'2019-04-23', 1011),
(1109,0,'2019-04-25', 1011),
(1110,1,'2019-05-02', 1011),

(144,1,'2019-05-24', 1023),
(1111,1,'2019-03-26', 1023),
(1112,1,'2019-04-02', 1023),
(1113,1,'2019-04-04', 1023),
(1114,1,'2019-04-09', 1023),
(1115,1,'2019-04-11', 1023),
(1116,1,'2019-04-16', 1023),
(1117,1,'2019-04-18', 1023),
(1118,1,'2019-04-23', 1023),
(1119,0,'2019-04-25', 1023),
(1120,1,'2019-05-02', 1023);

-- 41037

-- 41037
INSERT INTO `attendance` (`id`,`isPresent`,`dayAttended`,`enrollment_id`) VALUES
(1121,1,'2019-04-02',321),
(1122,1,'2019-04-04',321),
(1123,1,'2019-04-09',321),
(1124,0,'2019-04-11',321),
(1125,1,'2019-04-16',321),
(1126,1,'2019-04-18',321),
(1127,1,'2019-04-23',321),
(1128,1,'2019-04-25',321),
(1129,1,'2019-05-02',321),

(1130,1,'2019-03-24',330),
(1131,1,'2019-04-02',330),
(1132,1,'2019-04-04',330),
(1133,1,'2019-04-09',330),
(1134,0,'2019-04-11',330),
(1135,1,'2019-04-16',330),
(1136,1,'2019-04-18',330),
(1137,1,'2019-04-23',330),
(1138,1,'2019-04-25',330),
(1139,1,'2019-05-02',330),

(1140,1,'2019-03-24',331),
(1141,1,'2019-04-02',331),
(1142,1,'2019-04-04',331),
(1143,1,'2019-04-09',331),
(1144,0,'2019-04-11',331),
(1145,1,'2019-04-16',331),
(1146,1,'2019-04-18',331),
(1147,1,'2019-04-23',331),
(1148,1,'2019-04-25',331),
(1149,1,'2019-05-02',331),

(1150,1,'2019-03-24',332),
(1151,1,'2019-04-02',332),
(1152,1,'2019-04-04',332),
(1153,1,'2019-04-09',332),
(1154,0,'2019-04-11',332),
(1155,1,'2019-04-16',332),
(1156,1,'2019-04-18',332),
(1157,1,'2019-04-23',332),
(1158,1,'2019-04-25',332),
(1159,1,'2019-05-02',332),

(1160,1,'2019-03-24',333),
(1161,1,'2019-04-02',333),
(1162,1,'2019-04-04',333),
(1163,1,'2019-04-09',333),
(1164,0,'2019-04-11',333),
(1165,1,'2019-04-16',333),
(1166,1,'2019-04-18',333),
(1167,1,'2019-04-23',333),
(1168,1,'2019-04-25',333),
(1169,1,'2019-05-02',333),

(1170,1,'2019-03-24',334),
(1171,1,'2019-04-02',334),
(1172,1,'2019-04-04',334),
(1173,1,'2019-04-09',334),
(1174,0,'2019-04-11',334),
(1175,1,'2019-04-16',334),
(1176,1,'2019-04-18',334),
(1177,1,'2019-04-23',334),
(1178,1,'2019-04-25',334),
(1179,1,'2019-05-02',334),

(1180,1,'2019-03-24',335),
(1181,1,'2019-04-02',335),
(1182,1,'2019-04-04',335),
(1183,1,'2019-04-09',335),
(1184,0,'2019-04-11',335),
(1185,1,'2019-04-16',335),
(1186,1,'2019-04-18',335),
(1187,1,'2019-04-23',335),
(1188,1,'2019-04-25',335),
(1189,1,'2019-05-02',335),

(1190,1,'2019-03-24',336),
(1191,1,'2019-04-02',336),
(1192,1,'2019-04-04',336),
(1193,1,'2019-04-09',336),
(1194,0,'2019-04-11',336),
(1195,1,'2019-04-16',336),
(1196,1,'2019-04-18',336),
(1197,1,'2019-04-23',336),
(1198,1,'2019-04-25',336),
(1199,1,'2019-05-02',336),

(1200,1,'2019-03-24',337),
(1201,1,'2019-04-02',337),
(1202,1,'2019-04-04',337),
(1203,1,'2019-04-09',337),
(1204,0,'2019-04-11',337),
(1205,1,'2019-04-16',337),
(1206,1,'2019-04-18',337),
(1207,1,'2019-04-23',337),
(1208,1,'2019-04-25',337),
(1209,1,'2019-05-02',337),

(1210,1,'2019-03-24',338),
(1211,1,'2019-04-02',338),
(1212,1,'2019-04-04',338),
(1213,1,'2019-04-09',338),
(1214,0,'2019-04-11',338),
(1215,1,'2019-04-16',338),
(1216,1,'2019-04-18',338),
(1217,1,'2019-04-23',338),
(1218,1,'2019-04-25',338),
(1219,1,'2019-05-02',338),

(1220,1,'2019-03-24',339),
(1221,1,'2019-04-02',339),
(1222,1,'2019-04-04',339),
(1223,1,'2019-04-09',339),
(1224,0,'2019-04-11',339),
(1225,1,'2019-04-16',339),
(1226,1,'2019-04-18',339),
(1227,1,'2019-04-23',339),
(1228,1,'2019-04-25',339),
(1229,1,'2019-05-02',339),

(1230,1,'2019-03-24',509),
(1231,1,'2019-04-02',509),
(1232,1,'2019-04-04',509),
(1233,1,'2019-04-09',509),
(1234,0,'2019-04-11',509),
(1235,1,'2019-04-16',509),
(1236,1,'2019-04-18',509),
(1237,1,'2019-04-23',509),
(1238,1,'2019-04-25',509),
(1239,1,'2019-05-02',509),

(1240,1,'2019-03-24',522),
(1241,1,'2019-04-02',522),
(1242,1,'2019-04-04',522),
(1243,1,'2019-04-09',522),
(1244,0,'2019-04-11',522),
(1245,1,'2019-04-16',522),
(1246,1,'2019-04-18',522),
(1247,1,'2019-04-23',522),
(1248,1,'2019-04-25',522),
(1249,1,'2019-05-02',522),

(1250,1,'2019-03-24',536),
(1251,1,'2019-04-02',536),
(1252,1,'2019-04-04',536),
(1253,1,'2019-04-09',536),
(1254,0,'2019-04-11',536),
(1255,1,'2019-04-16',536),
(1256,1,'2019-04-18',536),
(1257,1,'2019-04-23',536),
(1258,1,'2019-04-25',536),
(1259,1,'2019-05-02',536),

(1260,1,'2019-03-24',550),
(1261,1,'2019-04-02',550),
(1262,1,'2019-04-04',550),
(1263,1,'2019-04-09',550),
(1264,0,'2019-04-11',550),
(1265,1,'2019-04-16',550),
(1266,1,'2019-04-18',550),
(1267,1,'2019-04-23',550),
(1268,1,'2019-04-25',550),
(1269,1,'2019-05-02',550),

(1270,1,'2019-03-24',564),
(1271,1,'2019-04-02',564),
(1272,1,'2019-04-04',564),
(1273,1,'2019-04-09',564),
(1274,0,'2019-04-11',564),
(1275,1,'2019-04-16',564),
(1276,1,'2019-04-18',564),
(1277,1,'2019-04-23',564),
(1278,1,'2019-04-25',564),
(1279,1,'2019-05-02',564),

(1280,1,'2019-03-24',578),
(1281,1,'2019-04-02',578),
(1282,1,'2019-04-04',578),
(1283,1,'2019-04-09',578),
(1284,0,'2019-04-11',578),
(1285,1,'2019-04-16',578),
(1286,1,'2019-04-18',578),
(1287,1,'2019-04-23',578),
(1288,1,'2019-04-25',578),
(1289,1,'2019-05-02',578),

(1290,1,'2019-03-24',592),
(1291,1,'2019-04-02',592),
(1292,1,'2019-04-04',592),
(1293,1,'2019-04-09',592),
(1294,0,'2019-04-11',592),
(1295,1,'2019-04-16',592),
(1296,1,'2019-04-18',592),
(1297,1,'2019-04-23',592),
(1298,1,'2019-04-25',592),
(1299,1,'2019-05-02',592),

(1300,1,'2019-03-24',606),
(1301,1,'2019-04-02',606),
(1302,1,'2019-04-04',606),
(1303,1,'2019-04-09',606),
(1304,0,'2019-04-11',606),
(1305,1,'2019-04-16',606),
(1306,1,'2019-04-18',606),
(1307,1,'2019-04-23',606),
(1308,1,'2019-04-25',606),
(1309,1,'2019-05-02',606),

(1310,1,'2019-03-24',620),
(1311,1,'2019-04-02',620),
(1312,1,'2019-04-04',620),
(1313,1,'2019-04-09',620),
(1314,0,'2019-04-11',620),
(1315,1,'2019-04-16',620),
(1316,1,'2019-04-18',620),
(1317,1,'2019-04-23',620),
(1318,1,'2019-04-25',620),
(1319,1,'2019-05-02',620),

(1320,1,'2019-03-24',634),
(1321,1,'2019-04-02',634),
(1322,1,'2019-04-04',634),
(1323,1,'2019-04-09',634),
(1324,0,'2019-04-11',634),
(1325,1,'2019-04-16',634),
(1326,1,'2019-04-18',634),
(1327,1,'2019-04-23',634),
(1328,1,'2019-04-25',634),
(1329,1,'2019-05-02',634),

(1330,1,'2019-03-24',648),
(1331,1,'2019-04-02',648),
(1332,1,'2019-04-04',648),
(1333,1,'2019-04-09',648),
(1334,0,'2019-04-11',648),
(1335,1,'2019-04-16',648),
(1336,1,'2019-04-18',648),
(1337,1,'2019-04-23',648),
(1338,1,'2019-04-25',648),
(1339,1,'2019-05-02',648),

(1340,1,'2019-03-24',662),
(1341,1,'2019-04-02',662),
(1342,1,'2019-04-04',662),
(1343,1,'2019-04-09',662),
(1344,0,'2019-04-11',662),
(1345,1,'2019-04-16',662),
(1346,1,'2019-04-18',662),
(1347,1,'2019-04-23',662),
(1348,1,'2019-04-25',662),
(1349,1,'2019-05-02',662),

(1350,1,'2019-03-24',676),
(1351,1,'2019-04-02',676),
(1352,1,'2019-04-04',676),
(1353,1,'2019-04-09',676),
(1354,0,'2019-04-11',676),
(1355,1,'2019-04-16',676),
(1356,1,'2019-04-18',676),
(1357,1,'2019-04-23',676),
(1358,1,'2019-04-25',676),
(1359,1,'2019-05-02',676),

(1360,1,'2019-03-24',690),
(1361,1,'2019-04-02',690),
(1362,1,'2019-04-04',690),
(1363,1,'2019-04-09',690),
(1364,0,'2019-04-11',690),
(1365,1,'2019-04-16',690),
(1366,1,'2019-04-18',690),
(1367,1,'2019-04-23',690),
(1368,1,'2019-04-25',690),
(1369,1,'2019-05-02',690),

(1370,1,'2019-03-24',718),
(1371,1,'2019-04-02',718),
(1372,1,'2019-04-04',718),
(1373,1,'2019-04-09',718),
(1374,0,'2019-04-11',718),
(1375,1,'2019-04-16',718),
(1376,1,'2019-04-18',718),
(1377,1,'2019-04-23',718),
(1378,1,'2019-04-25',718),
(1379,1,'2019-05-02',718),

(1380,1,'2019-03-24',741),
(1381,1,'2019-04-02',741),
(1382,1,'2019-04-04',741),
(1383,1,'2019-04-09',741),
(1384,0,'2019-04-11',741),
(1385,1,'2019-04-16',741),
(1386,1,'2019-04-18',741),
(1387,1,'2019-04-23',741),
(1388,1,'2019-04-25',741),
(1389,1,'2019-05-02',741),

(1390,1,'2019-03-24',755),
(1391,1,'2019-04-02',755),
(1392,1,'2019-04-04',755),
(1393,1,'2019-04-09',755),
(1394,0,'2019-04-11',755),
(1395,1,'2019-04-16',755),
(1396,1,'2019-04-18',755),
(1397,1,'2019-04-23',755),
(1398,1,'2019-04-25',755),
(1399,1,'2019-05-02',755),

(1400,1,'2019-03-24',769),
(1401,1,'2019-04-02',769),
(1402,1,'2019-04-04',769),
(1403,1,'2019-04-09',769),
(1404,0,'2019-04-11',769),
(1405,1,'2019-04-16',769),
(1406,1,'2019-04-18',769),
(1407,1,'2019-04-23',769),
(1408,1,'2019-04-25',769),
(1409,1,'2019-05-02',769),

(1410,1,'2019-03-24',781),
(1411,1,'2019-04-02',781),
(1412,1,'2019-04-04',781),
(1413,1,'2019-04-09',781),
(1414,0,'2019-04-11',781),
(1415,1,'2019-04-16',781),
(1416,1,'2019-04-18',781),
(1417,1,'2019-04-23',781),
(1418,1,'2019-04-25',781),
(1419,1,'2019-05-02',781);

-- 41038
-- i delete tooth attendance because it overlaps this class i wanted to make it all consistent
delete from attendance where enrollment_id=320;

INSERT INTO `attendance` (`id`,`isPresent`,`dayAttended`,`enrollment_id`) VALUES
(1420,1,'2019-03-24',320),
(1421,1,'2019-04-02',320),
(1422,1,'2019-04-04',320),
(1423,1,'2019-04-09',320),
(1424,0,'2019-04-11',320),
(1425,1,'2019-04-16',320),
(1426,1,'2019-04-18',320),
(1427,1,'2019-04-23',320),
(1428,1,'2019-04-25',320),
(1429,1,'2019-05-02',320),

(1430,1,'2019-03-24',340),
(1431,1,'2019-04-02',340),
(1432,1,'2019-04-04',340),
(1433,1,'2019-04-09',340),
(1434,0,'2019-04-11',340),
(1435,1,'2019-04-16',340),
(1436,1,'2019-04-18',340),
(1437,1,'2019-04-23',340),
(1438,1,'2019-04-25',340),
(1439,1,'2019-05-02',340),

(1440,1,'2019-03-24',341),
(1441,1,'2019-04-02',341),
(1442,1,'2019-04-04',341),
(1443,1,'2019-04-09',341),
(1444,0,'2019-04-11',341),
(1445,1,'2019-04-16',341),
(1446,1,'2019-04-18',341),
(1447,1,'2019-04-23',341),
(1448,1,'2019-04-25',341),
(1449,1,'2019-05-02',341),

(1450,1,'2019-03-24',342),
(1451,1,'2019-04-02',342),
(1452,1,'2019-04-04',342),
(1453,1,'2019-04-09',342),
(1454,0,'2019-04-11',342),
(1455,1,'2019-04-16',342),
(1456,1,'2019-04-18',342),
(1457,1,'2019-04-23',342),
(1458,1,'2019-04-25',342),
(1459,1,'2019-05-02',342),

(1460,1,'2019-03-24',343),
(1461,1,'2019-04-02',343),
(1462,1,'2019-04-04',343),
(1463,1,'2019-04-09',343),
(1464,0,'2019-04-11',343),
(1465,1,'2019-04-16',343),
(1466,1,'2019-04-18',343),
(1467,1,'2019-04-23',343),
(1468,1,'2019-04-25',343),
(1469,1,'2019-05-02',343),

(1470,1,'2019-03-24',344),
(1471,1,'2019-04-02',344),
(1472,1,'2019-04-04',344),
(1473,1,'2019-04-09',344),
(1474,0,'2019-04-11',344),
(1475,1,'2019-04-16',344),
(1476,1,'2019-04-18',344),
(1477,1,'2019-04-23',344),
(1478,1,'2019-04-25',344),
(1479,1,'2019-05-02',344),

(1480,1,'2019-03-24',345),
(1481,1,'2019-04-02',345),
(1482,1,'2019-04-04',345),
(1483,1,'2019-04-09',345),
(1484,0,'2019-04-11',345),
(1485,1,'2019-04-16',345),
(1486,1,'2019-04-18',345),
(1487,1,'2019-04-23',345),
(1488,1,'2019-04-25',345),
(1489,1,'2019-05-02',345),

(1490,1,'2019-03-24',346),
(1491,1,'2019-04-02',346),
(1492,1,'2019-04-04',346),
(1493,1,'2019-04-09',346),
(1494,0,'2019-04-11',346),
(1495,1,'2019-04-16',346),
(1496,1,'2019-04-18',346),
(1497,1,'2019-04-23',346),
(1498,1,'2019-04-25',346),
(1499,1,'2019-05-02',346),

(1500,1,'2019-03-24',347),
(1501,1,'2019-04-02',347),
(1502,1,'2019-04-04',347),
(1503,1,'2019-04-09',347),
(1504,0,'2019-04-11',347),
(1505,1,'2019-04-16',347),
(1506,1,'2019-04-18',347),
(1507,1,'2019-04-23',347),
(1508,1,'2019-04-25',347),
(1509,1,'2019-05-02',347),

(1510,1,'2019-03-24',348),
(1511,1,'2019-04-02',348),
(1512,1,'2019-04-04',348),
(1513,1,'2019-04-09',348),
(1514,0,'2019-04-11',348),
(1515,1,'2019-04-16',348),
(1516,1,'2019-04-18',348),
(1517,1,'2019-04-23',348),
(1518,1,'2019-04-25',348),
(1519,1,'2019-05-02',348),

(1520,1,'2019-03-24',349),
(1521,1,'2019-04-02',349),
(1522,1,'2019-04-04',349),
(1523,1,'2019-04-09',349),
(1524,0,'2019-04-11',349),
(1525,1,'2019-04-16',349),
(1526,1,'2019-04-18',349),
(1527,1,'2019-04-23',349),
(1528,1,'2019-04-25',349),
(1529,1,'2019-05-02',349),

(1530,1,'2019-03-24',796),
(1531,1,'2019-04-02',796),
(1532,1,'2019-04-04',796),
(1533,1,'2019-04-09',796),
(1534,0,'2019-04-11',796),
(1535,1,'2019-04-16',796),
(1536,1,'2019-04-18',796),
(1537,1,'2019-04-23',796),
(1538,1,'2019-04-25',796),
(1539,1,'2019-05-02',796),

(1540,1,'2019-03-24',808),
(1541,1,'2019-04-02',808),
(1542,1,'2019-04-04',808),
(1543,1,'2019-04-09',808),
(1544,0,'2019-04-11',808),
(1545,1,'2019-04-16',808),
(1546,1,'2019-04-18',808),
(1547,1,'2019-04-23',808),
(1548,1,'2019-04-25',808),
(1549,1,'2019-05-02',808),

(1550,1,'2019-03-24',820),
(1551,1,'2019-04-02',820),
(1552,1,'2019-04-04',820),
(1553,1,'2019-04-09',820),
(1554,0,'2019-04-11',820),
(1555,1,'2019-04-16',820),
(1556,1,'2019-04-18',820),
(1557,1,'2019-04-23',820),
(1558,1,'2019-04-25',820),
(1559,1,'2019-05-02',820),

(1560,1,'2019-03-24',832),
(1561,1,'2019-04-02',832),
(1562,1,'2019-04-04',832),
(1563,1,'2019-04-09',832),
(1564,0,'2019-04-11',832),
(1565,1,'2019-04-16',832),
(1566,1,'2019-04-18',832),
(1567,1,'2019-04-23',832),
(1568,1,'2019-04-25',832),
(1569,1,'2019-05-02',832),

(1570,1,'2019-03-24',844),
(1571,1,'2019-04-02',844),
(1572,1,'2019-04-04',844),
(1573,1,'2019-04-09',844),
(1574,0,'2019-04-11',844),
(1575,1,'2019-04-16',844),
(1576,1,'2019-04-18',844),
(1577,1,'2019-04-23',844),
(1578,1,'2019-04-25',844),
(1579,1,'2019-05-02',844),

(1580,1,'2019-03-24',856),
(1581,1,'2019-04-02',856),
(1582,1,'2019-04-04',856),
(1583,1,'2019-04-09',856),
(1584,0,'2019-04-11',856),
(1585,1,'2019-04-16',856),
(1586,1,'2019-04-18',856),
(1587,1,'2019-04-23',856),
(1588,1,'2019-04-25',856),
(1589,1,'2019-05-02',856),

(1590,1,'2019-03-24',868),
(1591,1,'2019-04-02',868),
(1592,1,'2019-04-04',868),
(1593,1,'2019-04-09',868),
(1594,0,'2019-04-11',868),
(1595,1,'2019-04-16',868),
(1596,1,'2019-04-18',868),
(1597,1,'2019-04-23',868),
(1598,1,'2019-04-25',868),
(1599,1,'2019-05-02',868),

(1600,1,'2019-03-24',880),
(1601,1,'2019-04-02',880),
(1602,1,'2019-04-04',880),
(1603,1,'2019-04-09',880),
(1604,0,'2019-04-11',880),
(1605,1,'2019-04-16',880),
(1606,1,'2019-04-18',880),
(1607,1,'2019-04-23',880),
(1608,1,'2019-04-25',880),
(1609,1,'2019-05-02',880),

(1610,1,'2019-03-24',892),
(1611,1,'2019-04-02',892),
(1612,1,'2019-04-04',892),
(1613,1,'2019-04-09',892),
(1614,0,'2019-04-11',892),
(1615,1,'2019-04-16',892),
(1616,1,'2019-04-18',892),
(1617,1,'2019-04-23',892),
(1618,1,'2019-04-25',892),
(1619,1,'2019-05-02',892),

(1620,1,'2019-03-24',904),
(1621,1,'2019-04-02',904),
(1622,1,'2019-04-04',904),
(1623,1,'2019-04-09',904),
(1624,0,'2019-04-11',904),
(1625,1,'2019-04-16',904),
(1626,1,'2019-04-18',904),
(1627,1,'2019-04-23',904),
(1628,1,'2019-04-25',904),
(1629,1,'2019-05-02',904),

(1630,1,'2019-03-24',916),
(1631,1,'2019-04-02',916),
(1632,1,'2019-04-04',916),
(1633,1,'2019-04-09',916),
(1634,0,'2019-04-11',916),
(1635,1,'2019-04-16',916),
(1636,1,'2019-04-18',916),
(1637,1,'2019-04-23',916),
(1638,1,'2019-04-25',916),
(1639,1,'2019-05-02',916),

(1640,1,'2019-03-24',928),
(1641,1,'2019-04-02',928),
(1642,1,'2019-04-04',928),
(1643,1,'2019-04-09',928),
(1644,0,'2019-04-11',928),
(1645,1,'2019-04-16',928),
(1646,1,'2019-04-18',928),
(1647,1,'2019-04-23',928),
(1648,1,'2019-04-25',928),
(1649,1,'2019-05-02',928),

(1650,1,'2019-03-24',940),
(1651,1,'2019-04-02',940),
(1652,1,'2019-04-04',940),
(1653,1,'2019-04-09',940),
(1654,0,'2019-04-11',940),
(1655,1,'2019-04-16',940),
(1656,1,'2019-04-18',940),
(1657,1,'2019-04-23',940),
(1658,1,'2019-04-25',940),
(1659,1,'2019-05-02',940),

(1660,1,'2019-03-24',952),
(1661,1,'2019-04-02',952),
(1662,1,'2019-04-04',952),
(1663,1,'2019-04-09',952),
(1664,0,'2019-04-11',952),
(1665,1,'2019-04-16',952),
(1666,1,'2019-04-18',952),
(1667,1,'2019-04-23',952),
(1668,1,'2019-04-25',952),
(1669,1,'2019-05-02',952),

(1670,1,'2019-03-24',964),
(1671,1,'2019-04-02',964),
(1672,1,'2019-04-04',964),
(1673,1,'2019-04-09',964),
(1674,0,'2019-04-11',964),
(1675,1,'2019-04-16',964),
(1676,1,'2019-04-18',964),
(1677,1,'2019-04-23',964),
(1678,1,'2019-04-25',964),
(1679,1,'2019-05-02',964),

(1680,1,'2019-03-24',976),
(1681,1,'2019-04-02',976),
(1682,1,'2019-04-04',976),
(1683,1,'2019-04-09',976),
(1684,0,'2019-04-11',976),
(1685,1,'2019-04-16',976),
(1686,1,'2019-04-18',976),
(1687,1,'2019-04-23',976),
(1688,1,'2019-04-25',976),
(1689,1,'2019-05-02',976),

(1690,1,'2019-03-24',988),
(1691,1,'2019-04-02',988),
(1692,1,'2019-04-04',988),
(1693,1,'2019-04-09',988),
(1694,0,'2019-04-11',988),
(1695,1,'2019-04-16',988),
(1696,1,'2019-04-18',988),
(1697,1,'2019-04-23',988),
(1698,1,'2019-04-25',988),
(1699,1,'2019-05-02',988),

(1700,1,'2019-03-24',1000),
(1701,1,'2019-04-02',1000),
(1702,1,'2019-04-04',1000),
(1703,1,'2019-04-09',1000),
(1704,0,'2019-04-11',1000),
(1705,1,'2019-04-16',1000),
(1706,1,'2019-04-18',1000),
(1707,1,'2019-04-23',1000),
(1708,1,'2019-04-25',1000),
(1709,1,'2019-05-02',1000),

(1710,1,'2019-03-24',1012),
(1711,1,'2019-04-02',1012),
(1712,1,'2019-04-04',1012),
(1713,1,'2019-04-09',1012),
(1714,0,'2019-04-11',1012),
(1715,1,'2019-04-16',1012),
(1716,1,'2019-04-18',1012),
(1717,1,'2019-04-23',1012),
(1718,1,'2019-04-25',1012),
(1719,1,'2019-05-02',1012),

(1720,1,'2019-03-24',1024),
(1721,1,'2019-04-02',1024),
(1722,1,'2019-04-04',1024),
(1723,1,'2019-04-09',1024),
(1724,0,'2019-04-11',1024),
(1725,1,'2019-04-16',1024),
(1726,1,'2019-04-18',1024),
(1727,1,'2019-04-23',1024),
(1728,1,'2019-04-25',1024),
(1729,1,'2019-05-02',1024);

-- 31029
INSERT INTO `attendance` (`id`,`isPresent`,`dayAttended`,`enrollment_id`) VALUES
(1730,1,'2018-03-24',312),
(1731,1,'2018-04-02',312),
(1732,1,'2018-04-04',312),
(1733,1,'2018-04-09',312),
(1734,0,'2018-04-11',312),
(1735,1,'2018-04-16',312),
(1736,1,'2018-04-18',312),
(1737,1,'2018-04-23',312),
(1738,1,'2018-04-25',312),
(1739,1,'2018-05-02',312),

(1740,1,'2018-03-24',501),
(1741,1,'2018-04-02',501),
(1742,1,'2018-04-04',501),
(1743,1,'2018-04-09',501),
(1744,0,'2018-04-11',501),
(1745,1,'2018-04-16',501),
(1746,1,'2018-04-18',501),
(1747,1,'2018-04-23',501),
(1748,1,'2018-04-25',501),
(1749,1,'2018-05-02',501),

(1750,1,'2018-03-24',514),
(1751,1,'2018-04-02',514),
(1752,1,'2018-04-04',514),
(1753,1,'2018-04-09',514),
(1754,0,'2018-04-11',514),
(1755,1,'2018-04-16',514),
(1756,1,'2018-04-18',514),
(1757,1,'2018-04-23',514),
(1758,1,'2018-04-25',514),
(1759,1,'2018-05-02',514),

(1760,1,'2018-03-24',528),
(1761,1,'2018-04-02',528),
(1762,1,'2018-04-04',528),
(1763,1,'2018-04-09',528),
(1764,0,'2018-04-11',528),
(1765,1,'2018-04-16',528),
(1766,1,'2018-04-18',528),
(1767,1,'2018-04-23',528),
(1768,1,'2018-04-25',528),
(1769,1,'2018-05-02',528),

(1770,1,'2018-03-24',542),
(1771,1,'2018-04-02',542),
(1772,1,'2018-04-04',542),
(1773,1,'2018-04-09',542),
(1774,0,'2018-04-11',542),
(1775,1,'2018-04-16',542),
(1776,1,'2018-04-18',542),
(1777,1,'2018-04-23',542),
(1778,1,'2018-04-25',542),
(1779,1,'2018-05-02',542),

(1780,1,'2018-03-24',556),
(1781,1,'2018-04-02',556),
(1782,1,'2018-04-04',556),
(1783,1,'2018-04-09',556),
(1784,0,'2018-04-11',556),
(1785,1,'2018-04-16',556),
(1786,1,'2018-04-18',556),
(1787,1,'2018-04-23',556),
(1788,1,'2018-04-25',556),
(1789,1,'2018-05-02',556),

(1790,1,'2018-03-24',570),
(1791,1,'2018-04-02',570),
(1792,1,'2018-04-04',570),
(1793,1,'2018-04-09',570),
(1794,0,'2018-04-11',570),
(1795,1,'2018-04-16',570),
(1796,1,'2018-04-18',570),
(1797,1,'2018-04-23',570),
(1798,1,'2018-04-25',570),
(1799,1,'2018-05-02',570),

(1800,1,'2018-03-24',584),
(1801,1,'2018-04-02',584),
(1802,1,'2018-04-04',584),
(1803,1,'2018-04-09',584),
(1804,0,'2018-04-11',584),
(1805,1,'2018-04-16',584),
(1806,1,'2018-04-18',584),
(1807,1,'2018-04-23',584),
(1808,1,'2018-04-25',584),
(1809,1,'2018-05-02',584),

(1810,1,'2018-03-24',598),
(1811,1,'2018-04-02',598),
(1812,1,'2018-04-04',598),
(1813,1,'2018-04-09',598),
(1814,0,'2018-04-11',598),
(1815,1,'2018-04-16',598),
(1816,1,'2018-04-18',598),
(1817,1,'2018-04-23',598),
(1818,1,'2018-04-25',598),
(1819,1,'2018-05-02',598),

(1820,1,'2018-03-24',612),
(1821,1,'2018-04-02',612),
(1822,1,'2018-04-04',612),
(1823,1,'2018-04-09',612),
(1824,0,'2018-04-11',612),
(1825,1,'2018-04-16',612),
(1826,1,'2018-04-18',612),
(1827,1,'2018-04-23',612),
(1828,1,'2018-04-25',612),
(1829,1,'2018-05-02',612),

(1830,1,'2018-03-24',626),
(1831,1,'2018-04-02',626),
(1832,1,'2018-04-04',626),
(1833,1,'2018-04-09',626),
(1834,0,'2018-04-11',626),
(1835,1,'2018-04-16',626),
(1836,1,'2018-04-18',626),
(1837,1,'2018-04-23',626),
(1838,1,'2018-04-25',626),
(1839,1,'2018-05-02',626),

(1840,1,'2018-03-24',640),
(1841,1,'2018-04-02',640),
(1842,1,'2018-04-04',640),
(1843,1,'2018-04-09',640),
(1844,0,'2018-04-11',640),
(1845,1,'2018-04-16',640),
(1846,1,'2018-04-18',640),
(1847,1,'2018-04-23',640),
(1848,1,'2018-04-25',640),
(1849,1,'2018-05-02',640),

(1850,1,'2018-03-24',654),
(1851,1,'2018-04-02',654),
(1852,1,'2018-04-04',654),
(1853,1,'2018-04-09',654),
(1854,0,'2018-04-11',654),
(1855,1,'2018-04-16',654),
(1856,1,'2018-04-18',654),
(1857,1,'2018-04-23',654),
(1858,1,'2018-04-25',654),
(1859,1,'2018-05-02',654),

(1860,1,'2018-03-24',668),
(1861,1,'2018-04-02',668),
(1862,1,'2018-04-04',668),
(1863,1,'2018-04-09',668),
(1864,0,'2018-04-11',668),
(1865,1,'2018-04-16',668),
(1866,1,'2018-04-18',668),
(1867,1,'2018-04-23',668),
(1868,1,'2018-04-25',668),
(1869,1,'2018-05-02',668),

(1870,1,'2018-03-24',682),
(1871,1,'2018-04-02',682),
(1872,1,'2018-04-04',682),
(1873,1,'2018-04-09',682),
(1874,0,'2018-04-11',682),
(1875,1,'2018-04-16',682),
(1876,1,'2018-04-18',682),
(1877,1,'2018-04-23',682),
(1878,1,'2018-04-25',682),
(1879,1,'2018-05-02',682),

(1880,1,'2018-03-24',696),
(1881,1,'2018-04-02',696),
(1882,1,'2018-04-04',696),
(1883,1,'2018-04-09',696),
(1884,0,'2018-04-11',696),
(1885,1,'2018-04-16',696),
(1886,1,'2018-04-18',696),
(1887,1,'2018-04-23',696),
(1888,1,'2018-04-25',696),
(1889,1,'2018-05-02',696),

(1890,1,'2018-03-24',710),
(1891,1,'2018-04-02',710),
(1892,1,'2018-04-04',710),
(1893,1,'2018-04-09',710),
(1894,0,'2018-04-11',710),
(1895,1,'2018-04-16',710),
(1896,1,'2018-04-18',710),
(1897,1,'2018-04-23',710),
(1898,1,'2018-04-25',710),
(1899,1,'2018-05-02',710),

(1900,1,'2018-03-24',733),
(1901,1,'2018-04-02',733),
(1902,1,'2018-04-04',733),
(1903,1,'2018-04-09',733),
(1904,0,'2018-04-11',733),
(1905,1,'2018-04-16',733),
(1906,1,'2018-04-18',733),
(1907,1,'2018-04-23',733),
(1908,1,'2018-04-25',733),
(1909,1,'2018-05-02',733),

(1910,1,'2018-03-24',747),
(1911,1,'2018-04-02',747),
(1912,1,'2018-04-04',747),
(1913,1,'2018-04-09',747),
(1914,0,'2018-04-11',747),
(1915,1,'2018-04-16',747),
(1916,1,'2018-04-18',747),
(1917,1,'2018-04-23',747),
(1918,1,'2018-04-25',747),
(1919,1,'2018-05-02',747),

(1920,1,'2018-03-24',761),
(1921,1,'2018-04-02',761),
(1922,1,'2018-04-04',761),
(1923,1,'2018-04-09',761),
(1924,0,'2018-04-11',761),
(1925,1,'2018-04-16',761),
(1926,1,'2018-04-18',761),
(1927,1,'2018-04-23',761),
(1928,1,'2018-04-25',761),
(1929,1,'2018-05-02',761),

(1930,1,'2018-03-24',775),
(1931,1,'2018-04-02',775),
(1932,1,'2018-04-04',775),
(1933,1,'2018-04-09',775),
(1934,0,'2018-04-11',775),
(1935,1,'2018-04-16',775),
(1936,1,'2018-04-18',775),
(1937,1,'2018-04-23',775),
(1938,1,'2018-04-25',775),
(1939,1,'2018-05-02',775);


-- 31030

INSERT INTO `attendance` (`id`,`isPresent`,`dayAttended`,`enrollment_id`) VALUES

(1940,1,'2018-03-24',799),

(1941,1,'2018-04-02',799),

(1942,1,'2018-04-04',799),

(1943,1,'2018-04-09',799),

(1944,0,'2018-04-11',799),

(1945,1,'2018-04-16',799),

(1946,1,'2018-04-18',799),

(1947,1,'2018-04-23',799),

(1948,1,'2018-04-25',799),

(1949,1,'2018-05-02',799),


(1950,1,'2018-03-24',811),

(1951,1,'2018-04-02',811),

(1952,1,'2018-04-04',811),

(1953,1,'2018-04-09',811),

(1954,0,'2018-04-11',811),

(1955,1,'2018-04-16',811),

(1956,1,'2018-04-18',811),

(1957,1,'2018-04-23',811),

(1958,1,'2018-04-25',811),

(1959,1,'2018-05-02',811),


(1960,1,'2018-03-24',823),

(1961,1,'2018-04-02',823),

(1962,1,'2018-04-04',823),

(1963,1,'2018-04-09',823),

(1964,0,'2018-04-11',823),

(1965,1,'2018-04-16',823),

(1966,1,'2018-04-18',823),

(1967,1,'2018-04-23',823),

(1968,1,'2018-04-25',823),

(1969,1,'2018-05-02',823),


(1970,1,'2018-03-24',835),

(1971,1,'2018-04-02',835),

(1972,1,'2018-04-04',835),

(1973,1,'2018-04-09',835),

(1974,0,'2018-04-11',835),

(1975,1,'2018-04-16',835),

(1976,1,'2018-04-18',835),

(1977,1,'2018-04-23',835),

(1978,1,'2018-04-25',835),

(1979,1,'2018-05-02',835),


(1980,1,'2018-03-24',847),

(1981,1,'2018-04-02',847),

(1982,1,'2018-04-04',847),

(1983,1,'2018-04-09',847),

(1984,0,'2018-04-11',847),

(1985,1,'2018-04-16',847),

(1986,1,'2018-04-18',847),

(1987,1,'2018-04-23',847),

(1988,1,'2018-04-25',847),

(1989,1,'2018-05-02',847),


(1990,1,'2018-03-24',859),

(1991,1,'2018-04-02',859),

(1992,1,'2018-04-04',859),

(1993,1,'2018-04-09',859),

(1994,0,'2018-04-11',859),

(1995,1,'2018-04-16',859),

(1996,1,'2018-04-18',859),

(1997,1,'2018-04-23',859),

(1998,1,'2018-04-25',859),

(1999,1,'2018-05-02',859),


(2000,1,'2018-03-24',871),

(2001,1,'2018-04-02',871),

(2002,1,'2018-04-04',871),

(2003,1,'2018-04-09',871),

(2004,0,'2018-04-11',871),

(2005,1,'2018-04-16',871),

(2006,1,'2018-04-18',871),

(2007,1,'2018-04-23',871),

(2008,1,'2018-04-25',871),

(2009,1,'2018-05-02',871),


(2010,1,'2018-03-24',883),

(2011,1,'2018-04-02',883),

(2012,1,'2018-04-04',883),

(2013,1,'2018-04-09',883),

(2014,0,'2018-04-11',883),

(2015,1,'2018-04-16',883),

(2016,1,'2018-04-18',883),

(2017,1,'2018-04-23',883),

(2018,1,'2018-04-25',883),

(2019,1,'2018-05-02',883),


(2020,1,'2018-03-24',895),

(2021,1,'2018-04-02',895),

(2022,1,'2018-04-04',895),

(2023,1,'2018-04-09',895),

(2024,0,'2018-04-11',895),

(2025,1,'2018-04-16',895),

(2026,1,'2018-04-18',895),

(2027,1,'2018-04-23',895),

(2028,1,'2018-04-25',895),

(2029,1,'2018-05-02',895),


(2030,1,'2018-03-24',907),

(2031,1,'2018-04-02',907),

(2032,1,'2018-04-04',907),

(2033,1,'2018-04-09',907),

(2034,0,'2018-04-11',907),

(2035,1,'2018-04-16',907),

(2036,1,'2018-04-18',907),

(2037,1,'2018-04-23',907),

(2038,1,'2018-04-25',907),

(2039,1,'2018-05-02',907),


(2040,1,'2018-03-24',919),

(2041,1,'2018-04-02',919),

(2042,1,'2018-04-04',919),

(2043,1,'2018-04-09',919),

(2044,0,'2018-04-11',919),

(2045,1,'2018-04-16',919),

(2046,1,'2018-04-18',919),

(2047,1,'2018-04-23',919),

(2048,1,'2018-04-25',919),

(2049,1,'2018-05-02',919),


(2050,1,'2018-03-24',931),

(2051,1,'2018-04-02',931),

(2052,1,'2018-04-04',931),

(2053,1,'2018-04-09',931),

(2054,0,'2018-04-11',931),

(2055,1,'2018-04-16',931),

(2056,1,'2018-04-18',931),

(2057,1,'2018-04-23',931),

(2058,1,'2018-04-25',931),

(2059,1,'2018-05-02',931),


(2060,1,'2018-03-24',943),
(2061,1,'2018-04-02',943),

(2062,1,'2018-04-04',943),

(2063,1,'2018-04-09',943),

(2064,0,'2018-04-11',943),

(2065,1,'2018-04-16',943),

(2066,1,'2018-04-18',943),

(2067,1,'2018-04-23',943),

(2068,1,'2018-04-25',943),

(2069,1,'2018-05-02',943),


(2070,1,'2018-03-24',955),

(2071,1,'2018-04-02',955),

(2072,1,'2018-04-04',955),

(2073,1,'2018-04-09',955),

(2074,0,'2018-04-11',955),

(2075,1,'2018-04-16',955),

(2076,1,'2018-04-18',955),

(2077,1,'2018-04-23',955),

(2078,1,'2018-04-25',955),

(2079,1,'2018-05-02',955),


(2080,1,'2018-03-24',967),

(2081,1,'2018-04-02',967),

(2082,1,'2018-04-04',967),

(2083,1,'2018-04-09',967),

(2084,0,'2018-04-11',967),

(2085,1,'2018-04-16',967),

(2086,1,'2018-04-18',967),

(2087,1,'2018-04-23',967),

(2088,1,'2018-04-25',967),

(2089,1,'2018-05-02',967),


(2090,1,'2018-03-24',979),

(2091,1,'2018-04-02',979),

(2092,1,'2018-04-04',979),

(2093,1,'2018-04-09',979),

(2094,0,'2018-04-11',979),

(2095,1,'2018-04-16',979),

(2096,1,'2018-04-18',979),

(2097,1,'2018-04-23',979),

(2098,1,'2018-04-25',979),

(2099,1,'2018-05-02',979),


(2100,1,'2018-03-24',991),

(2101,1,'2018-04-02',991),

(2102,1,'2018-04-04',991),

(2103,1,'2018-04-09',991),

(2104,0,'2018-04-11',991),

(2105,1,'2018-04-16',991),

(2106,1,'2018-04-18',991),

(2107,1,'2018-04-23',991),

(2108,1,'2018-04-25',991),

(2109,1,'2018-05-02',991),


(2110,1,'2018-03-24',1003),

(2111,1,'2018-04-02',1003),

(2112,1,'2018-04-04',1003),

(2113,1,'2018-04-09',1003),

(2114,0,'2018-04-11',1003),

(2115,1,'2018-04-16',1003),

(2116,1,'2018-04-18',1003),

(2117,1,'2018-04-23',1003),

(2118,1,'2018-04-25',1003),

(2119,1,'2018-05-02',1003),


(2120,1,'2018-03-24',1005),

(2121,1,'2018-04-02',1005),

(2122,1,'2018-04-04',1005),

(2123,1,'2018-04-09',1005),

(2124,0,'2018-04-11',1005),

(2125,1,'2018-04-16',1005),

(2126,1,'2018-04-18',1005),

(2127,1,'2018-04-23',1005),

(2128,1,'2018-04-25',1005),

(2129,1,'2018-05-02',1005),


(2130,1,'2018-03-24',1015),

(2131,1,'2018-04-02',1015),

(2132,1,'2018-04-04',1015),

(2133,1,'2018-04-09',1015),

(2134,0,'2018-04-11',1015),

(2135,1,'2018-04-16',1015),

(2136,1,'2018-04-18',1015),

(2137,1,'2018-04-23',1015),
(2138,1,'2018-04-25',1015),

(2139,1,'2018-05-02',1015);

-- 31031
INSERT INTO `attendance` (`id`,`isPresent`,`dayAttended`,`enrollment_id`) VALUES
(2140,1,'2018-03-24',313),
(2141,1,'2018-04-02',313),
(2142,1,'2018-04-04',313),
(2143,1,'2018-04-09',313),
(2144,0,'2018-04-11',313),
(2145,1,'2018-04-16',313),
(2146,1,'2018-04-18',313),
(2147,1,'2018-04-23',313),
(2148,1,'2018-04-25',313),
(2149,1,'2018-05-02',313),

(2150,1,'2018-03-24',502),
(2151,1,'2018-04-02',502),
(2152,1,'2018-04-04',502),
(2153,1,'2018-04-09',502),
(2154,0,'2018-04-11',502),
(2155,1,'2018-04-16',502),
(2156,1,'2018-04-18',502),
(2157,1,'2018-04-23',502),
(2158,1,'2018-04-25',502),
(2159,1,'2018-05-02',502),

(2160,1,'2018-03-24',515),
(2161,1,'2018-04-02',515),
(2162,1,'2018-04-04',515),
(2163,1,'2018-04-09',515),
(2164,0,'2018-04-11',515),
(2165,1,'2018-04-16',515),
(2166,1,'2018-04-18',515),
(2167,1,'2018-04-23',515),
(2168,1,'2018-04-25',515),
(2169,1,'2018-05-02',515),

(2170,1,'2018-03-24',529),
(2171,1,'2018-04-02',529),
(2172,1,'2018-04-04',529),
(2173,1,'2018-04-09',529),
(2174,0,'2018-04-11',529),
(2175,1,'2018-04-16',529),
(2176,1,'2018-04-18',529),
(2177,1,'2018-04-23',529),
(2178,1,'2018-04-25',529),
(2179,1,'2018-05-02',529),

(2180,1,'2018-03-24',543),
(2181,1,'2018-04-02',543),
(2182,1,'2018-04-04',543),
(2183,1,'2018-04-09',543),
(2184,0,'2018-04-11',543),
(2185,1,'2018-04-16',543),
(2186,1,'2018-04-18',543),
(2187,1,'2018-04-23',543),
(2188,1,'2018-04-25',543),
(2189,1,'2018-05-02',543),

(2190,1,'2018-03-24',557),
(2191,1,'2018-04-02',557),
(2192,1,'2018-04-04',557),
(2193,1,'2018-04-09',557),
(2194,0,'2018-04-11',557),
(2195,1,'2018-04-16',557),
(2196,1,'2018-04-18',557),
(2197,1,'2018-04-23',557),
(2198,1,'2018-04-25',557),
(2199,1,'2018-05-02',557),

(2200,1,'2018-03-24',571),
(2201,1,'2018-04-02',571),
(2202,1,'2018-04-04',571),
(2203,1,'2018-04-09',571),
(2204,0,'2018-04-11',571),
(2205,1,'2018-04-16',571),
(2206,1,'2018-04-18',571),
(2207,1,'2018-04-23',571),
(2208,1,'2018-04-25',571),
(2209,1,'2018-05-02',571),

(2210,1,'2018-03-24',585),
(2211,1,'2018-04-02',585),
(2212,1,'2018-04-04',585),
(2213,1,'2018-04-09',585),
(2214,0,'2018-04-11',585),
(2215,1,'2018-04-16',585),
(2216,1,'2018-04-18',585),
(2217,1,'2018-04-23',585),
(2218,1,'2018-04-25',585),
(2219,1,'2018-05-02',585),

(2220,1,'2018-03-24',599),
(2221,1,'2018-04-02',599),
(2222,1,'2018-04-04',599),
(2223,1,'2018-04-09',599),
(2224,0,'2018-04-11',599),
(2225,1,'2018-04-16',599),
(2226,1,'2018-04-18',599),
(2227,1,'2018-04-23',599),
(2228,1,'2018-04-25',599),
(2229,1,'2018-05-02',599),

(2230,1,'2018-03-24',613),
(2231,1,'2018-04-02',613),
(2232,1,'2018-04-04',613),
(2233,1,'2018-04-09',613),
(2234,0,'2018-04-11',613),
(2235,1,'2018-04-16',613),
(2236,1,'2018-04-18',613),
(2237,1,'2018-04-23',613),
(2238,1,'2018-04-25',613),
(2239,1,'2018-05-02',613),

(2240,1,'2018-03-24',627),
(2241,1,'2018-04-02',627),
(2242,1,'2018-04-04',627),
(2243,1,'2018-04-09',627),
(2244,0,'2018-04-11',627),
(2245,1,'2018-04-16',627),
(2246,1,'2018-04-18',627),
(2247,1,'2018-04-23',627),
(2248,1,'2018-04-25',627),
(2249,1,'2018-05-02',627),

(2250,1,'2018-03-24',641),
(2251,1,'2018-04-02',641),
(2252,1,'2018-04-04',641),
(2253,1,'2018-04-09',641),
(2254,0,'2018-04-11',641),
(2255,1,'2018-04-16',641),
(2256,1,'2018-04-18',641),
(2257,1,'2018-04-23',641),
(2258,1,'2018-04-25',641),
(2259,1,'2018-05-02',641),

(2260,1,'2018-03-24',655),
(2261,1,'2018-04-02',655),
(2262,1,'2018-04-04',655),
(2263,1,'2018-04-09',655),
(2264,0,'2018-04-11',655),
(2265,1,'2018-04-16',655),
(2266,1,'2018-04-18',655),
(2267,1,'2018-04-23',655),
(2268,1,'2018-04-25',655),
(2269,1,'2018-05-02',655),

(2270,1,'2018-03-24',669),
(2271,1,'2018-04-02',669),
(2272,1,'2018-04-04',669),
(2273,1,'2018-04-09',669),
(2274,0,'2018-04-11',669),
(2275,1,'2018-04-16',669),
(2276,1,'2018-04-18',669),
(2277,1,'2018-04-23',669),
(2278,1,'2018-04-25',669),
(2279,1,'2018-05-02',669),

(2280,1,'2018-03-24',683),
(2281,1,'2018-04-02',683),
(2282,1,'2018-04-04',683),
(2283,1,'2018-04-09',683),
(2284,0,'2018-04-11',683),
(2285,1,'2018-04-16',683),
(2286,1,'2018-04-18',683),
(2287,1,'2018-04-23',683),
(2288,1,'2018-04-25',683),
(2289,1,'2018-05-02',683),

(2290,1,'2018-03-24',697),
(2291,1,'2018-04-02',697),
(2292,1,'2018-04-04',697),
(2293,1,'2018-04-09',697),
(2294,0,'2018-04-11',697),
(2295,1,'2018-04-16',697),
(2296,1,'2018-04-18',697),
(2297,1,'2018-04-23',697),
(2298,1,'2018-04-25',697),
(2299,1,'2018-05-02',697),

(2300,1,'2018-03-24',711),
(2301,1,'2018-04-02',711),
(2302,1,'2018-04-04',711),
(2303,1,'2018-04-09',711),
(2304,0,'2018-04-11',711),
(2305,1,'2018-04-16',711),
(2306,1,'2018-04-18',711),
(2307,1,'2018-04-23',711),
(2308,1,'2018-04-25',711),
(2309,1,'2018-05-02',711),

(2310,1,'2018-03-24',734),
(2311,1,'2018-04-02',734),
(2312,1,'2018-04-04',734),
(2313,1,'2018-04-09',734),
(2314,0,'2018-04-11',734),
(2315,1,'2018-04-16',734),
(2316,1,'2018-04-18',734),
(2317,1,'2018-04-23',734),
(2318,1,'2018-04-25',734),
(2319,1,'2018-05-02',734),

(2320,1,'2018-03-24',748),
(2321,1,'2018-04-02',748),
(2322,1,'2018-04-04',748),
(2323,1,'2018-04-09',748),
(2324,0,'2018-04-11',748),
(2325,1,'2018-04-16',748),
(2326,1,'2018-04-18',748),
(2327,1,'2018-04-23',748),
(2328,1,'2018-04-25',748),
(2329,1,'2018-05-02',748),

(2330,1,'2018-03-24',762),
(2331,1,'2018-04-02',762),
(2332,1,'2018-04-04',762),
(2333,1,'2018-04-09',762),
(2334,0,'2018-04-11',762),
(2335,1,'2018-04-16',762),
(2336,1,'2018-04-18',762),
(2337,1,'2018-04-23',762),
(2338,1,'2018-04-25',762),
(2339,1,'2018-05-02',762),

(2340,1,'2018-03-24',776),
(2341,1,'2018-04-02',776),
(2342,1,'2018-04-04',776),
(2343,1,'2018-04-09',776),
(2344,0,'2018-04-11',776),
(2345,1,'2018-04-16',776),
(2346,1,'2018-04-18',776),
(2347,1,'2018-04-23',776),
(2348,1,'2018-04-25',776),
(2349,1,'2018-05-02',776);

-- 31032
INSERT INTO `attendance` (`id`,`isPresent`,`dayAttended`,`enrollment_id`) VALUES
(2350,1,'2018-03-24',788),
(2351,1,'2018-04-02',788),
(2352,1,'2018-04-04',788),
(2353,1,'2018-04-09',788),
(2354,0,'2018-04-11',788),
(2355,1,'2018-04-16',788),
(2356,1,'2018-04-18',788),
(2357,1,'2018-04-23',788),
(2358,1,'2018-04-25',788),
(2359,1,'2018-05-02',788),

(2360,1,'2018-03-24',800),
(2361,1,'2018-04-02',800),
(2362,1,'2018-04-04',800),
(2363,1,'2018-04-09',800),
(2364,0,'2018-04-11',800),
(2365,1,'2018-04-16',800),
(2366,1,'2018-04-18',800),
(2367,1,'2018-04-23',800),
(2368,1,'2018-04-25',800),
(2369,1,'2018-05-02',800),

(2370,1,'2018-03-24',812),
(2371,1,'2018-04-02',812),
(2372,1,'2018-04-04',812),
(2373,1,'2018-04-09',812),
(2374,0,'2018-04-11',812),
(2375,1,'2018-04-16',812),
(2376,1,'2018-04-18',812),
(2377,1,'2018-04-23',812),
(2378,1,'2018-04-25',812),
(2379,1,'2018-05-02',812),

(2380,1,'2018-03-24',824),
(2381,1,'2018-04-02',824),
(2382,1,'2018-04-04',824),
(2383,1,'2018-04-09',824),
(2384,0,'2018-04-11',824),
(2385,1,'2018-04-16',824),
(2386,1,'2018-04-18',824),
(2387,1,'2018-04-23',824),
(2388,1,'2018-04-25',824),
(2389,1,'2018-05-02',824),

(2390,1,'2018-03-24',836),
(2391,1,'2018-04-02',836),
(2392,1,'2018-04-04',836),
(2393,1,'2018-04-09',836),
(2394,0,'2018-04-11',836),
(2395,1,'2018-04-16',836),
(2396,1,'2018-04-18',836),
(2397,1,'2018-04-23',836),
(2398,1,'2018-04-25',836),
(2399,1,'2018-05-02',836),

(2400,1,'2018-03-24',848),
(2401,1,'2018-04-02',848),
(2402,1,'2018-04-04',848),
(2403,1,'2018-04-09',848),
(2404,0,'2018-04-11',848),
(2405,1,'2018-04-16',848),
(2406,1,'2018-04-18',848),
(2407,1,'2018-04-23',848),
(2408,1,'2018-04-25',848),
(2409,1,'2018-05-02',848),

(2410,1,'2018-03-24',860),
(2411,1,'2018-04-02',860),
(2412,1,'2018-04-04',860),
(2413,1,'2018-04-09',860),
(2414,0,'2018-04-11',860),
(2415,1,'2018-04-16',860),
(2416,1,'2018-04-18',860),
(2417,1,'2018-04-23',860),
(2418,1,'2018-04-25',860),
(2419,1,'2018-05-02',860),

(2420,1,'2018-03-24',872),
(2421,1,'2018-04-02',872),
(2422,1,'2018-04-04',872),
(2423,1,'2018-04-09',872),
(2424,0,'2018-04-11',872),
(2425,1,'2018-04-16',872),
(2426,1,'2018-04-18',872),
(2427,1,'2018-04-23',872),
(2428,1,'2018-04-25',872),
(2429,1,'2018-05-02',872),

(2430,1,'2018-03-24',884),
(2431,1,'2018-04-02',884),
(2432,1,'2018-04-04',884),
(2433,1,'2018-04-09',884),
(2434,0,'2018-04-11',884),
(2435,1,'2018-04-16',884),
(2436,1,'2018-04-18',884),
(2437,1,'2018-04-23',884),
(2438,1,'2018-04-25',884),
(2439,1,'2018-05-02',884),

(2440,1,'2018-03-24',896),
(2441,1,'2018-04-02',896),
(2442,1,'2018-04-04',896),
(2443,1,'2018-04-09',896),
(2444,0,'2018-04-11',896),
(2445,1,'2018-04-16',896),
(2446,1,'2018-04-18',896),
(2447,1,'2018-04-23',896),
(2448,1,'2018-04-25',896),
(2449,1,'2018-05-02',896),

(2450,1,'2018-03-24',908),
(2451,1,'2018-04-02',908),
(2452,1,'2018-04-04',908),
(2453,1,'2018-04-09',908),
(2454,0,'2018-04-11',908),
(2455,1,'2018-04-16',908),
(2456,1,'2018-04-18',908),
(2457,1,'2018-04-23',908),
(2458,1,'2018-04-25',908),
(2459,1,'2018-05-02',908),

(2460,1,'2018-03-24',920),
(2461,1,'2018-04-02',920),
(2462,1,'2018-04-04',920),
(2463,1,'2018-04-09',920),
(2464,0,'2018-04-11',920),
(2465,1,'2018-04-16',920),
(2466,1,'2018-04-18',920),
(2467,1,'2018-04-23',920),
(2468,1,'2018-04-25',920),
(2469,1,'2018-05-02',920),

(2470,1,'2018-03-24',932),
(2471,1,'2018-04-02',932),
(2472,1,'2018-04-04',932),
(2473,1,'2018-04-09',932),
(2474,0,'2018-04-11',932),
(2475,1,'2018-04-16',932),
(2476,1,'2018-04-18',932),
(2477,1,'2018-04-23',932),
(2478,1,'2018-04-25',932),
(2479,1,'2018-05-02',932),

(2480,1,'2018-03-24',944),
(2481,1,'2018-04-02',944),
(2482,1,'2018-04-04',944),
(2483,1,'2018-04-09',944),
(2484,0,'2018-04-11',944),
(2485,1,'2018-04-16',944),
(2486,1,'2018-04-18',944),
(2487,1,'2018-04-23',944),
(2488,1,'2018-04-25',944),
(2489,1,'2018-05-02',944),

(2490,1,'2018-03-24',956),
(2491,1,'2018-04-02',956),
(2492,1,'2018-04-04',956),
(2493,1,'2018-04-09',956),
(2494,0,'2018-04-11',956),
(2495,1,'2018-04-16',956),
(2496,1,'2018-04-18',956),
(2497,1,'2018-04-23',956),
(2498,1,'2018-04-25',956),
(2499,1,'2018-05-02',956),

(2500,1,'2018-03-24',968),
(2501,1,'2018-04-02',968),
(2502,1,'2018-04-04',968),
(2503,1,'2018-04-09',968),
(2504,0,'2018-04-11',968),
(2505,1,'2018-04-16',968),
(2506,1,'2018-04-18',968),
(2507,1,'2018-04-23',968),
(2508,1,'2018-04-25',968),
(2509,1,'2018-05-02',968),

(2510,1,'2018-03-24',980),
(2511,1,'2018-04-02',980),
(2512,1,'2018-04-04',980),
(2513,1,'2018-04-09',980),
(2514,0,'2018-04-11',980),
(2515,1,'2018-04-16',980),
(2516,1,'2018-04-18',980),
(2517,1,'2018-04-23',980),
(2518,1,'2018-04-25',980),
(2519,1,'2018-05-02',980),

(2520,1,'2018-03-24',992),
(2521,1,'2018-04-02',992),
(2522,1,'2018-04-04',992),
(2523,1,'2018-04-09',992),
(2524,0,'2018-04-11',992),
(2525,1,'2018-04-16',992),
(2526,1,'2018-04-18',992),
(2527,1,'2018-04-23',992),
(2528,1,'2018-04-25',992),
(2529,1,'2018-05-02',992),

(2530,1,'2018-03-24',1004),
(2531,1,'2018-04-02',1004),
(2532,1,'2018-04-04',1004),
(2533,1,'2018-04-09',1004),
(2534,0,'2018-04-11',1004),
(2535,1,'2018-04-16',1004),
(2536,1,'2018-04-18',1004),
(2537,1,'2018-04-23',1004),
(2538,1,'2018-04-25',1004),
(2539,1,'2018-05-02',1004),

(2540,1,'2018-03-24',1016),
(2541,1,'2018-04-02',1016),
(2542,1,'2018-04-04',1016),
(2543,1,'2018-04-09',1016),
(2544,0,'2018-04-11',1016),
(2545,1,'2018-04-16',1016),
(2546,1,'2018-04-18',1016),
(2547,1,'2018-04-23',1016),
(2548,1,'2018-04-25',1016),
(2549,1,'2018-05-02',1016);

-- end of spr2018


-- lastly fall 2018

-- 40027
INSERT INTO `attendance` (`id`,`isPresent`,`dayAttended`,`enrollment_id`) VALUES
(2550,1,'2018-10-06',316),
(2551,1,'2018-10-08',316),
(2552,1,'2018-10-10',316),
(2553,1,'2018-10-15',316),
(2554,0,'2018-10-17',316),
(2555,1,'2018-10-22',316),
(2556,1,'2018-10-24',316),
(2557,1,'2018-11-01',316),
(2558,1,'2018-11-08',316),
(2559,1,'2018-11-22',316),

(2560,1,'2018-10-06',506),
(2561,1,'2018-10-08',506),
(2562,1,'2018-10-10',506),
(2563,1,'2018-10-15',506),
(2564,0,'2018-10-17',506),
(2565,1,'2018-10-22',506),
(2566,1,'2018-10-24',506),
(2567,1,'2018-11-01',506),
(2568,1,'2018-11-08',506),
(2569,1,'2018-11-22',506),

(2570,1,'2018-10-06',519),
(2571,1,'2018-10-08',519),
(2572,1,'2018-10-10',519),
(2573,1,'2018-10-15',519),
(2574,0,'2018-10-17',519),
(2575,1,'2018-10-22',519),
(2576,1,'2018-10-24',519),
(2577,1,'2018-11-01',519),
(2578,1,'2018-11-08',519),
(2579,1,'2018-11-22',519),

(2580,1,'2018-10-06',533),
(2581,1,'2018-10-08',533),
(2582,1,'2018-10-10',533),
(2583,1,'2018-10-15',533),
(2584,0,'2018-10-17',533),
(2585,1,'2018-10-22',533),
(2586,1,'2018-10-24',533),
(2587,1,'2018-11-01',533),
(2588,1,'2018-11-08',533),
(2589,1,'2018-11-22',533),

(2590,1,'2018-10-06',547),
(2591,1,'2018-10-08',547),
(2592,1,'2018-10-10',547),
(2593,1,'2018-10-15',547),
(2594,0,'2018-10-17',547),
(2595,1,'2018-10-22',547),
(2596,1,'2018-10-24',547),
(2597,1,'2018-11-01',547),
(2598,1,'2018-11-08',547),
(2599,1,'2018-11-22',547),

(2600,1,'2018-10-06',561),
(2601,1,'2018-10-08',561),
(2602,1,'2018-10-10',561),
(2603,1,'2018-10-15',561),
(2604,0,'2018-10-17',561),
(2605,1,'2018-10-22',561),
(2606,1,'2018-10-24',561),
(2607,1,'2018-11-01',561),
(2608,1,'2018-11-08',561),
(2609,1,'2018-11-22',561),

(2610,1,'2018-10-06',575),
(2611,1,'2018-10-08',575),
(2612,1,'2018-10-10',575),
(2613,1,'2018-10-15',575),
(2614,0,'2018-10-17',575),
(2615,1,'2018-10-22',575),
(2616,1,'2018-10-24',575),
(2617,1,'2018-11-01',575),
(2618,1,'2018-11-08',575),
(2619,1,'2018-11-22',575),

(2620,1,'2018-10-06',589),
(2621,1,'2018-10-08',589),
(2622,1,'2018-10-10',589),
(2623,1,'2018-10-15',589),
(2624,0,'2018-10-17',589),
(2625,1,'2018-10-22',589),
(2626,1,'2018-10-24',589),
(2627,1,'2018-11-01',589),
(2628,1,'2018-11-08',589),
(2629,1,'2018-11-22',589),

(2630,1,'2018-10-06',603),
(2631,1,'2018-10-08',603),
(2632,1,'2018-10-10',603),
(2633,1,'2018-10-15',603),
(2634,0,'2018-10-17',603),
(2635,1,'2018-10-22',603),
(2636,1,'2018-10-24',603),
(2637,1,'2018-11-01',603),
(2638,1,'2018-11-08',603),
(2639,1,'2018-11-22',603),

(2640,1,'2018-10-06',617),
(2641,1,'2018-10-08',617),
(2642,1,'2018-10-10',617),
(2643,1,'2018-10-15',617),
(2644,0,'2018-10-17',617),
(2645,1,'2018-10-22',617),
(2646,1,'2018-10-24',617),
(2647,1,'2018-11-01',617),
(2648,1,'2018-11-08',617),
(2649,1,'2018-11-22',617),

(2650,1,'2018-10-06',631),
(2651,1,'2018-10-08',631),
(2652,1,'2018-10-10',631),
(2653,1,'2018-10-15',631),
(2654,0,'2018-10-17',631),
(2655,1,'2018-10-22',631),
(2656,1,'2018-10-24',631),
(2657,1,'2018-11-01',631),
(2658,1,'2018-11-08',631),
(2659,1,'2018-11-22',631),

(2660,1,'2018-10-06',645),
(2661,1,'2018-10-08',645),
(2662,1,'2018-10-10',645),
(2663,1,'2018-10-15',645),
(2664,0,'2018-10-17',645),
(2665,1,'2018-10-22',645),
(2666,1,'2018-10-24',645),
(2667,1,'2018-11-01',645),
(2668,1,'2018-11-08',645),
(2669,1,'2018-11-22',645),

(2670,1,'2018-10-06',659),
(2671,1,'2018-10-08',659),
(2672,1,'2018-10-10',659),
(2673,1,'2018-10-15',659),
(2674,0,'2018-10-17',659),
(2675,1,'2018-10-22',659),
(2676,1,'2018-10-24',659),
(2677,1,'2018-11-01',659),
(2678,1,'2018-11-08',659),
(2679,1,'2018-11-22',659),

(2680,1,'2018-10-06',673),
(2681,1,'2018-10-08',673),
(2682,1,'2018-10-10',673),
(2683,1,'2018-10-15',673),
(2684,0,'2018-10-17',673),
(2685,1,'2018-10-22',673),
(2686,1,'2018-10-24',673),
(2687,1,'2018-11-01',673),
(2688,1,'2018-11-08',673),
(2689,1,'2018-11-22',673),

(2690,1,'2018-10-06',687),
(2691,1,'2018-10-08',687),
(2692,1,'2018-10-10',687),
(2693,1,'2018-10-15',687),
(2694,0,'2018-10-17',687),
(2695,1,'2018-10-22',687),
(2696,1,'2018-10-24',687),
(2697,1,'2018-11-01',687),
(2698,1,'2018-11-08',687),
(2699,1,'2018-11-22',687),

(2700,1,'2018-10-06',701),
(2701,1,'2018-10-08',701),
(2702,1,'2018-10-10',701),
(2703,1,'2018-10-15',701),
(2704,0,'2018-10-17',701),
(2705,1,'2018-10-22',701),
(2706,1,'2018-10-24',701),
(2707,1,'2018-11-01',701),
(2708,1,'2018-11-08',701),
(2709,1,'2018-11-22',701),

(2710,1,'2018-10-06',715),
(2711,1,'2018-10-08',715),
(2712,1,'2018-10-10',715),
(2713,1,'2018-10-15',715),
(2714,0,'2018-10-17',715),
(2715,1,'2018-10-22',715),
(2716,1,'2018-10-24',715),
(2717,1,'2018-11-01',715),
(2718,1,'2018-11-08',715),
(2719,1,'2018-11-22',715),

(2720,1,'2018-10-06',738),
(2721,1,'2018-10-08',738),
(2722,1,'2018-10-10',738),
(2723,1,'2018-10-15',738),
(2724,0,'2018-10-17',738),
(2725,1,'2018-10-22',738),
(2726,1,'2018-10-24',738),
(2727,1,'2018-11-01',738),
(2728,1,'2018-11-08',738),
(2729,1,'2018-11-22',738),

(2730,1,'2018-10-06',752),
(2731,1,'2018-10-08',752),
(2732,1,'2018-10-10',752),
(2733,1,'2018-10-15',752),
(2734,0,'2018-10-17',752),
(2735,1,'2018-10-22',752),
(2736,1,'2018-10-24',752),
(2737,1,'2018-11-01',752),
(2738,1,'2018-11-08',752),
(2739,1,'2018-11-22',752),

(2740,1,'2018-10-06',766),
(2741,1,'2018-10-08',766),
(2742,1,'2018-10-10',766),
(2743,1,'2018-10-15',766),
(2744,0,'2018-10-17',766),
(2745,1,'2018-10-22',766),
(2746,1,'2018-10-24',766),
(2747,1,'2018-11-01',766),
(2748,1,'2018-11-08',766),
(2749,1,'2018-11-22',766);

-- 40028
-- 40028
INSERT INTO `attendance` (`id`,`isPresent`,`dayAttended`,`enrollment_id`) VALUES
(2750,1,'2018-10-06',792),
(2751,1,'2018-10-08',792),
(2752,1,'2018-10-10',792),
(2753,1,'2018-10-15',792),
(2754,0,'2018-10-17',792),
(2755,1,'2018-10-22',792),
(2756,1,'2018-10-24',792),
(2757,1,'2018-11-01',792),
(2758,1,'2018-11-08',792),
(2759,1,'2018-11-22',792),

(2760,1,'2018-10-06',804),
(2761,1,'2018-10-08',804),
(2762,1,'2018-10-10',804),
(2763,1,'2018-10-15',804),
(2764,0,'2018-10-17',804),
(2765,1,'2018-10-22',804),
(2766,1,'2018-10-24',804),
(2767,1,'2018-11-01',804),
(2768,1,'2018-11-08',804),
(2769,1,'2018-11-22',804),

(2770,1,'2018-10-06',816),
(2771,1,'2018-10-08',816),
(2772,1,'2018-10-10',816),
(2773,1,'2018-10-15',816),
(2774,0,'2018-10-17',816),
(2775,1,'2018-10-22',816),
(2776,1,'2018-10-24',816),
(2777,1,'2018-11-01',816),
(2778,1,'2018-11-08',816),
(2779,1,'2018-11-22',816),

(2780,1,'2018-10-06',828),
(2781,1,'2018-10-08',828),
(2782,1,'2018-10-10',828),
(2783,1,'2018-10-15',828),
(2784,0,'2018-10-17',828),
(2785,1,'2018-10-22',828),
(2786,1,'2018-10-24',828),
(2787,1,'2018-11-01',828),
(2788,1,'2018-11-08',828),
(2789,1,'2018-11-22',828),

(2790,1,'2018-10-06',840),
(2791,1,'2018-10-08',840),
(2792,1,'2018-10-10',840),
(2793,1,'2018-10-15',840),
(2794,0,'2018-10-17',840),
(2795,1,'2018-10-22',840),
(2796,1,'2018-10-24',840),
(2797,1,'2018-11-01',840),
(2798,1,'2018-11-08',840),
(2799,1,'2018-11-22',840),

(2800,1,'2018-10-06',852),
(2801,1,'2018-10-08',852),
(2802,1,'2018-10-10',852),
(2803,1,'2018-10-15',852),
(2804,0,'2018-10-17',852),
(2805,1,'2018-10-22',852),
(2806,1,'2018-10-24',852),
(2807,1,'2018-11-01',852),
(2808,1,'2018-11-08',852),
(2809,1,'2018-11-22',852),

(2810,1,'2018-10-06',864),
(2811,1,'2018-10-08',864),
(2812,1,'2018-10-10',864),
(2813,1,'2018-10-15',864),
(2814,0,'2018-10-17',864),
(2815,1,'2018-10-22',864),
(2816,1,'2018-10-24',864),
(2817,1,'2018-11-01',864),
(2818,1,'2018-11-08',864),
(2819,1,'2018-11-22',864),

(2820,1,'2018-10-06',876),
(2821,1,'2018-10-08',876),
(2822,1,'2018-10-10',876),
(2823,1,'2018-10-15',876),
(2824,0,'2018-10-17',876),
(2825,1,'2018-10-22',876),
(2826,1,'2018-10-24',876),
(2827,1,'2018-11-01',876),
(2828,1,'2018-11-08',876),
(2829,1,'2018-11-22',876),

(2830,1,'2018-10-06',888),
(2831,1,'2018-10-08',888),
(2832,1,'2018-10-10',888),
(2833,1,'2018-10-15',888),
(2834,0,'2018-10-17',888),
(2835,1,'2018-10-22',888),
(2836,1,'2018-10-24',888),
(2837,1,'2018-11-01',888),
(2838,1,'2018-11-08',888),
(2839,1,'2018-11-22',888),

(2840,1,'2018-10-06',900),
(2841,1,'2018-10-08',900),
(2842,1,'2018-10-10',900),
(2843,1,'2018-10-15',900),
(2844,0,'2018-10-17',900),
(2845,1,'2018-10-22',900),
(2846,1,'2018-10-24',900),
(2847,1,'2018-11-01',900),
(2848,1,'2018-11-08',900),
(2849,1,'2018-11-22',900),

(2850,1,'2018-10-06',912),
(2851,1,'2018-10-08',912),
(2852,1,'2018-10-10',912),
(2853,1,'2018-10-15',912),
(2854,0,'2018-10-17',912),
(2855,1,'2018-10-22',912),
(2856,1,'2018-10-24',912),
(2857,1,'2018-11-01',912),
(2858,1,'2018-11-08',912),
(2859,1,'2018-11-22',912),

(2860,1,'2018-10-06',924),
(2861,1,'2018-10-08',924),
(2862,1,'2018-10-10',924),
(2863,1,'2018-10-15',924),
(2864,0,'2018-10-17',924),
(2865,1,'2018-10-22',924),
(2866,1,'2018-10-24',924),
(2867,1,'2018-11-01',924),
(2868,1,'2018-11-08',924),
(2869,1,'2018-11-22',924),

(2870,1,'2018-10-06',936),
(2871,1,'2018-10-08',936),
(2872,1,'2018-10-10',936),
(2873,1,'2018-10-15',936),
(2874,0,'2018-10-17',936),
(2875,1,'2018-10-22',936),
(2876,1,'2018-10-24',936),
(2877,1,'2018-11-01',936),
(2878,1,'2018-11-08',936),
(2879,1,'2018-11-22',936),

(2880,1,'2018-10-06',948),
(2881,1,'2018-10-08',948),
(2882,1,'2018-10-10',948),
(2883,1,'2018-10-15',948),
(2884,0,'2018-10-17',948),
(2885,1,'2018-10-22',948),
(2886,1,'2018-10-24',948),
(2887,1,'2018-11-01',948),
(2888,1,'2018-11-08',948),
(2889,1,'2018-11-22',948),

(2890,1,'2018-10-06',960),
(2891,1,'2018-10-08',960),
(2892,1,'2018-10-10',960),
(2893,1,'2018-10-15',960),
(2894,0,'2018-10-17',960),
(2895,1,'2018-10-22',960),
(2896,1,'2018-10-24',960),
(2897,1,'2018-11-01',960),
(2898,1,'2018-11-08',960),
(2899,1,'2018-11-22',960),

(2900,1,'2018-10-06',972),
(2901,1,'2018-10-08',972),
(2902,1,'2018-10-10',972),
(2903,1,'2018-10-15',972),
(2904,0,'2018-10-17',972),
(2905,1,'2018-10-22',972),
(2906,1,'2018-10-24',972),
(2907,1,'2018-11-01',972),
(2908,1,'2018-11-08',972),
(2909,1,'2018-11-22',972),

(2910,1,'2018-10-06',984),
(2911,1,'2018-10-08',984),
(2912,1,'2018-10-10',984),
(2913,1,'2018-10-15',984),
(2914,0,'2018-10-17',984),
(2915,1,'2018-10-22',984),
(2916,1,'2018-10-24',984),
(2917,1,'2018-11-01',984),
(2918,1,'2018-11-08',984),
(2919,1,'2018-11-22',984),

(2920,1,'2018-10-06',996),
(2921,1,'2018-10-08',996),
(2922,1,'2018-10-10',996),
(2923,1,'2018-10-15',996),
(2924,0,'2018-10-17',996),
(2925,1,'2018-10-22',996),
(2926,1,'2018-10-24',996),
(2927,1,'2018-11-01',996),
(2928,1,'2018-11-08',996),
(2929,1,'2018-11-22',996),

(2930,1,'2018-10-06',1008),
(2931,1,'2018-10-08',1008),
(2932,1,'2018-10-10',1008),
(2933,1,'2018-10-15',1008),
(2934,0,'2018-10-17',1008),
(2935,1,'2018-10-22',1008),
(2936,1,'2018-10-24',1008),
(2937,1,'2018-11-01',1008),
(2938,1,'2018-11-08',1008),
(2939,1,'2018-11-22',1008),

(2940,1,'2018-10-06',1020),
(2941,1,'2018-10-08',1020),
(2942,1,'2018-10-10',1020),
(2943,1,'2018-10-15',1020),
(2944,0,'2018-10-17',1020),
(2945,1,'2018-10-22',1020),
(2946,1,'2018-10-24',1020),
(2947,1,'2018-11-01',1020),
(2948,1,'2018-11-08',1020),
(2949,1,'2018-11-22',1020);

-- 40029
INSERT INTO `attendance` (`id`,`isPresent`,`dayAttended`,`enrollment_id`) VALUES
(2950,1,'2018-10-06',3),
(2951,1,'2018-10-08',3),
(2952,1,'2018-10-10',3),
(2953,1,'2018-10-15',3),
(2954,0,'2018-10-17',3),
(2955,1,'2018-10-22',3),
(2956,1,'2018-10-24',3),
(2957,1,'2018-11-01',3),
(2958,1,'2018-11-08',3),
(2959,1,'2018-11-22',3),

(2960,1,'2018-10-06',317),
(2961,1,'2018-10-08',317),
(2962,1,'2018-10-10',317),
(2963,1,'2018-10-15',317),
(2964,0,'2018-10-17',317),
(2965,1,'2018-10-22',317),
(2966,1,'2018-10-24',317),
(2967,1,'2018-11-01',317),
(2968,1,'2018-11-08',317),
(2969,1,'2018-11-22',317),

(2970,1,'2018-10-06',507),
(2971,1,'2018-10-08',507),
(2972,1,'2018-10-10',507),
(2973,1,'2018-10-15',507),
(2974,0,'2018-10-17',507),
(2975,1,'2018-10-22',507),
(2976,1,'2018-10-24',507),
(2977,1,'2018-11-01',507),
(2978,1,'2018-11-08',507),
(2979,1,'2018-11-22',507),

(2980,1,'2018-10-06',520),
(2981,1,'2018-10-08',520),
(2982,1,'2018-10-10',520),
(2983,1,'2018-10-15',520),
(2984,0,'2018-10-17',520),
(2985,1,'2018-10-22',520),
(2986,1,'2018-10-24',520),
(2987,1,'2018-11-01',520),
(2988,1,'2018-11-08',520),
(2989,1,'2018-11-22',520),

(2990,1,'2018-10-06',534),
(2991,1,'2018-10-08',534),
(2992,1,'2018-10-10',534),
(2993,1,'2018-10-15',534),
(2994,0,'2018-10-17',534),
(2995,1,'2018-10-22',534),
(2996,1,'2018-10-24',534),
(2997,1,'2018-11-01',534),
(2998,1,'2018-11-08',534),
(2999,1,'2018-11-22',534),

(3000,1,'2018-10-06',548),
(3001,1,'2018-10-08',548),
(3002,1,'2018-10-10',548),
(3003,1,'2018-10-15',548),
(3004,0,'2018-10-17',548),
(3005,1,'2018-10-22',548),
(3006,1,'2018-10-24',548),
(3007,1,'2018-11-01',548),
(3008,1,'2018-11-08',548),
(3009,1,'2018-11-22',548),

(3010,1,'2018-10-06',562),
(3011,1,'2018-10-08',562),
(3012,1,'2018-10-10',562),
(3013,1,'2018-10-15',562),
(3014,0,'2018-10-17',562),
(3015,1,'2018-10-22',562),
(3016,1,'2018-10-24',562),
(3017,1,'2018-11-01',562),
(3018,1,'2018-11-08',562),
(3019,1,'2018-11-22',562),

(3020,1,'2018-10-06',576),
(3021,1,'2018-10-08',576),
(3022,1,'2018-10-10',576),
(3023,1,'2018-10-15',576),
(3024,0,'2018-10-17',576),
(3025,1,'2018-10-22',576),
(3026,1,'2018-10-24',576),
(3027,1,'2018-11-01',576),
(3028,1,'2018-11-08',576),
(3029,1,'2018-11-22',576),

(3030,1,'2018-10-06',590),
(3031,1,'2018-10-08',590),
(3032,1,'2018-10-10',590),
(3033,1,'2018-10-15',590),
(3034,0,'2018-10-17',590),
(3035,1,'2018-10-22',590),
(3036,1,'2018-10-24',590),
(3037,1,'2018-11-01',590),
(3038,1,'2018-11-08',590),
(3039,1,'2018-11-22',590),

(3040,1,'2018-10-06',604),
(3041,1,'2018-10-08',604),
(3042,1,'2018-10-10',604),
(3043,1,'2018-10-15',604),
(3044,0,'2018-10-17',604),
(3045,1,'2018-10-22',604),
(3046,1,'2018-10-24',604),
(3047,1,'2018-11-01',604),
(3048,1,'2018-11-08',604),
(3049,1,'2018-11-22',604),

(3050,1,'2018-10-06',618),
(3051,1,'2018-10-08',618),
(3052,1,'2018-10-10',618),
(3053,1,'2018-10-15',618),
(3054,0,'2018-10-17',618),
(3055,1,'2018-10-22',618),
(3056,1,'2018-10-24',618),
(3057,1,'2018-11-01',618),
(3058,1,'2018-11-08',618),
(3059,1,'2018-11-22',618),

(3060,1,'2018-10-06',632),
(3061,1,'2018-10-08',632),
(3062,1,'2018-10-10',632),
(3063,1,'2018-10-15',632),
(3064,0,'2018-10-17',632),
(3065,1,'2018-10-22',632),
(3066,1,'2018-10-24',632),
(3067,1,'2018-11-01',632),
(3068,1,'2018-11-08',632),
(3069,1,'2018-11-22',632),

(3070,1,'2018-10-06',646),
(3071,1,'2018-10-08',646),
(3072,1,'2018-10-10',646),
(3073,1,'2018-10-15',646),
(3074,0,'2018-10-17',646),
(3075,1,'2018-10-22',646),
(3076,1,'2018-10-24',646),
(3077,1,'2018-11-01',646),
(3078,1,'2018-11-08',646),
(3079,1,'2018-11-22',646),

(3080,1,'2018-10-06',660),
(3081,1,'2018-10-08',660),
(3082,1,'2018-10-10',660),
(3083,1,'2018-10-15',660),
(3084,0,'2018-10-17',660),
(3085,1,'2018-10-22',660),
(3086,1,'2018-10-24',660),
(3087,1,'2018-11-01',660),
(3088,1,'2018-11-08',660),
(3089,1,'2018-11-22',660),

(3090,1,'2018-10-06',674),
(3091,1,'2018-10-08',674),
(3092,1,'2018-10-10',674),
(3093,1,'2018-10-15',674),
(3094,0,'2018-10-17',674),
(3095,1,'2018-10-22',674),
(3096,1,'2018-10-24',674),
(3097,1,'2018-11-01',674),
(3098,1,'2018-11-08',674),
(3099,1,'2018-11-22',674),

(3100,1,'2018-10-06',688),
(3101,1,'2018-10-08',688),
(3102,1,'2018-10-10',688),
(3103,1,'2018-10-15',688),
(3104,0,'2018-10-17',688),
(3105,1,'2018-10-22',688),
(3106,1,'2018-10-24',688),
(3107,1,'2018-11-01',688),
(3108,1,'2018-11-08',688),
(3109,1,'2018-11-22',688),

(3110,1,'2018-10-06',702),
(3111,1,'2018-10-08',702),
(3112,1,'2018-10-10',702),
(3113,1,'2018-10-15',702),
(3114,0,'2018-10-17',702),
(3115,1,'2018-10-22',702),
(3116,1,'2018-10-24',702),
(3117,1,'2018-11-01',702),
(3118,1,'2018-11-08',702),
(3119,1,'2018-11-22',702),

(3120,1,'2018-10-06',716),
(3121,1,'2018-10-08',716),
(3122,1,'2018-10-10',716),
(3123,1,'2018-10-15',716),
(3124,0,'2018-10-17',716),
(3125,1,'2018-10-22',716),
(3126,1,'2018-10-24',716),
(3127,1,'2018-11-01',716),
(3128,1,'2018-11-08',716),
(3129,1,'2018-11-22',716),

(3130,1,'2018-10-06',739),
(3131,1,'2018-10-08',739),
(3132,1,'2018-10-10',739),
(3133,1,'2018-10-15',739),
(3134,0,'2018-10-17',739),
(3135,1,'2018-10-22',739),
(3136,1,'2018-10-24',739),
(3137,1,'2018-11-01',739),
(3138,1,'2018-11-08',739),
(3139,1,'2018-11-22',739),

(3140,1,'2018-10-06',753),
(3141,1,'2018-10-08',753),
(3142,1,'2018-10-10',753),
(3143,1,'2018-10-15',753),
(3144,0,'2018-10-17',753),
(3145,1,'2018-10-22',753),
(3146,1,'2018-10-24',753),
(3147,1,'2018-11-01',753),
(3148,1,'2018-11-08',753),
(3149,1,'2018-11-22',753),

(3150,1,'2018-10-06',767),
(3151,1,'2018-10-08',767),
(3152,1,'2018-10-10',767),
(3153,1,'2018-10-15',767),
(3154,0,'2018-10-17',767),
(3155,1,'2018-10-22',767),
(3156,1,'2018-10-24',767),
(3157,1,'2018-11-01',767),
(3158,1,'2018-11-08',767),
(3159,1,'2018-11-22',767);

-- 40030
INSERT INTO `attendance` (`id`,`isPresent`,`dayAttended`,`enrollment_id`) VALUES
(3160,1,'2018-10-06',793),
(3161,1,'2018-10-08',793),
(3162,1,'2018-10-10',793),
(3163,1,'2018-10-15',793),
(3164,0,'2018-10-17',793),
(3165,1,'2018-10-22',793),
(3166,1,'2018-10-24',793),
(3167,1,'2018-11-01',793),
(3168,1,'2018-11-08',793),
(3169,1,'2018-11-22',793),

(3170,1,'2018-10-06',805),
(3171,1,'2018-10-08',805),
(3172,1,'2018-10-10',805),
(3173,1,'2018-10-15',805),
(3174,0,'2018-10-17',805),
(3175,1,'2018-10-22',805),
(3176,1,'2018-10-24',805),
(3177,1,'2018-11-01',805),
(3178,1,'2018-11-08',805),
(3179,1,'2018-11-22',805),

(3180,1,'2018-10-06',817),
(3181,1,'2018-10-08',817),
(3182,1,'2018-10-10',817),
(3183,1,'2018-10-15',817),
(3184,0,'2018-10-17',817),
(3185,1,'2018-10-22',817),
(3186,1,'2018-10-24',817),
(3187,1,'2018-11-01',817),
(3188,1,'2018-11-08',817),
(3189,1,'2018-11-22',817),

(3190,1,'2018-10-06',829),
(3191,1,'2018-10-08',829),
(3192,1,'2018-10-10',829),
(3193,1,'2018-10-15',829),
(3194,0,'2018-10-17',829),
(3195,1,'2018-10-22',829),
(3196,1,'2018-10-24',829),
(3197,1,'2018-11-01',829),
(3198,1,'2018-11-08',829),
(3199,1,'2018-11-22',829),

(3200,1,'2018-10-06',841),
(3201,1,'2018-10-08',841),
(3202,1,'2018-10-10',841),
(3203,1,'2018-10-15',841),
(3204,0,'2018-10-17',841),
(3205,1,'2018-10-22',841),
(3206,1,'2018-10-24',841),
(3207,1,'2018-11-01',841),
(3208,1,'2018-11-08',841),
(3209,1,'2018-11-22',841),

(3210,1,'2018-10-06',853),
(3211,1,'2018-10-08',853),
(3212,1,'2018-10-10',853),
(3213,1,'2018-10-15',853),
(3214,0,'2018-10-17',853),
(3215,1,'2018-10-22',853),
(3216,1,'2018-10-24',853),
(3217,1,'2018-11-01',853),
(3218,1,'2018-11-08',853),
(3219,1,'2018-11-22',853),

(3220,1,'2018-10-06',865),
(3221,1,'2018-10-08',865),
(3222,1,'2018-10-10',865),
(3223,1,'2018-10-15',865),
(3224,0,'2018-10-17',865),
(3225,1,'2018-10-22',865),
(3226,1,'2018-10-24',865),
(3227,1,'2018-11-01',865),
(3228,1,'2018-11-08',865),
(3229,1,'2018-11-22',865),

(3230,1,'2018-10-06',877),
(3231,1,'2018-10-08',877),
(3232,1,'2018-10-10',877),
(3233,1,'2018-10-15',877),
(3234,0,'2018-10-17',877),
(3235,1,'2018-10-22',877),
(3236,1,'2018-10-24',877),
(3237,1,'2018-11-01',877),
(3238,1,'2018-11-08',877),
(3239,1,'2018-11-22',877),

(3240,1,'2018-10-06',889),
(3241,1,'2018-10-08',889),
(3242,1,'2018-10-10',889),
(3243,1,'2018-10-15',889),
(3244,0,'2018-10-17',889),
(3245,1,'2018-10-22',889),
(3246,1,'2018-10-24',889),
(3247,1,'2018-11-01',889),
(3248,1,'2018-11-08',889),
(3249,1,'2018-11-22',889),

(3250,1,'2018-10-06',901),
(3251,1,'2018-10-08',901),
(3252,1,'2018-10-10',901),
(3253,1,'2018-10-15',901),
(3254,0,'2018-10-17',901),
(3255,1,'2018-10-22',901),
(3256,1,'2018-10-24',901),
(3257,1,'2018-11-01',901),
(3258,1,'2018-11-08',901),
(3259,1,'2018-11-22',901),

(3260,1,'2018-10-06',913),
(3261,1,'2018-10-08',913),
(3262,1,'2018-10-10',913),
(3263,1,'2018-10-15',913),
(3264,0,'2018-10-17',913),
(3265,1,'2018-10-22',913),
(3266,1,'2018-10-24',913),
(3267,1,'2018-11-01',913),
(3268,1,'2018-11-08',913),
(3269,1,'2018-11-22',913),

(3270,1,'2018-10-06',925),
(3271,1,'2018-10-08',925),
(3272,1,'2018-10-10',925),
(3273,1,'2018-10-15',925),
(3274,0,'2018-10-17',925),
(3275,1,'2018-10-22',925),
(3276,1,'2018-10-24',925),
(3277,1,'2018-11-01',925),
(3278,1,'2018-11-08',925),
(3279,1,'2018-11-22',925),

(3280,1,'2018-10-06',937),
(3281,1,'2018-10-08',937),
(3282,1,'2018-10-10',937),
(3283,1,'2018-10-15',937),
(3284,0,'2018-10-17',937),
(3285,1,'2018-10-22',937),
(3286,1,'2018-10-24',937),
(3287,1,'2018-11-01',937),
(3288,1,'2018-11-08',937),
(3289,1,'2018-11-22',937),

(3290,1,'2018-10-06',949),
(3291,1,'2018-10-08',949),
(3292,1,'2018-10-10',949),
(3293,1,'2018-10-15',949),
(3294,0,'2018-10-17',949),
(3295,1,'2018-10-22',949),
(3296,1,'2018-10-24',949),
(3297,1,'2018-11-01',949),
(3298,1,'2018-11-08',949),
(3299,1,'2018-11-22',949),

(3300,1,'2018-10-06',961),
(3301,1,'2018-10-08',961),
(3302,1,'2018-10-10',961),
(3303,1,'2018-10-15',961),
(3304,0,'2018-10-17',961),
(3305,1,'2018-10-22',961),
(3306,1,'2018-10-24',961),
(3307,1,'2018-11-01',961),
(3308,1,'2018-11-08',961),
(3309,1,'2018-11-22',961),

(3310,1,'2018-10-06',973),
(3311,1,'2018-10-08',973),
(3312,1,'2018-10-10',973),
(3313,1,'2018-10-15',973),
(3314,0,'2018-10-17',973),
(3315,1,'2018-10-22',973),
(3316,1,'2018-10-24',973),
(3317,1,'2018-11-01',973),
(3318,1,'2018-11-08',973),
(3319,1,'2018-11-22',973),

(3320,1,'2018-10-06',985),
(3321,1,'2018-10-08',985),
(3322,1,'2018-10-10',985),
(3323,1,'2018-10-15',985),
(3324,0,'2018-10-17',985),
(3325,1,'2018-10-22',985),
(3326,1,'2018-10-24',985),
(3327,1,'2018-11-01',985),
(3328,1,'2018-11-08',985),
(3329,1,'2018-11-22',985),

(3330,1,'2018-10-06',997),
(3331,1,'2018-10-08',997),
(3332,1,'2018-10-10',997),
(3333,1,'2018-10-15',997),
(3334,0,'2018-10-17',997),
(3335,1,'2018-10-22',997),
(3336,1,'2018-10-24',997),
(3337,1,'2018-11-01',997),
(3338,1,'2018-11-08',997),
(3339,1,'2018-11-22',997),

(3340,1,'2018-10-06',1009),
(3341,1,'2018-10-08',1009),
(3342,1,'2018-10-10',1009),
(3343,1,'2018-10-15',1009),
(3344,0,'2018-10-17',1009),
(3345,1,'2018-10-22',1009),
(3346,1,'2018-10-24',1009),
(3347,1,'2018-11-01',1009),
(3348,1,'2018-11-08',1009),
(3349,1,'2018-11-22',1009),

(3350,1,'2018-10-06',1021),
(3351,1,'2018-10-08',1021),
(3352,1,'2018-10-10',1021),
(3353,1,'2018-10-15',1021),
(3354,0,'2018-10-17',1021),
(3355,1,'2018-10-22',1021),
(3356,1,'2018-10-24',1021),
(3357,1,'2018-11-01',1021),
(3358,1,'2018-11-08',1021),
(3359,1,'2018-11-22',1021);

-- 40031
INSERT INTO `attendance` (`id`,`isPresent`,`dayAttended`,`enrollment_id`) VALUES
(3360,1,'2018-10-06',4),
(3361,1,'2018-10-08',4),
(3362,1,'2018-10-10',4),
(3363,1,'2018-10-15',4),
(3364,0,'2018-10-17',4),
(3365,1,'2018-10-22',4),
(3366,1,'2018-10-24',4),
(3367,1,'2018-11-01',4),
(3368,1,'2018-11-08',4),
(3369,1,'2018-11-22',4),

(3370,1,'2018-10-06',318),
(3371,1,'2018-10-08',318),
(3372,1,'2018-10-10',318),
(3373,1,'2018-10-15',318),
(3374,0,'2018-10-17',318),
(3375,1,'2018-10-22',318),
(3376,1,'2018-10-24',318),
(3377,1,'2018-11-01',318),
(3378,1,'2018-11-08',318),
(3379,1,'2018-11-22',318),

(3380,1,'2018-10-06',508),
(3381,1,'2018-10-08',508),
(3382,1,'2018-10-10',508),
(3383,1,'2018-10-15',508),
(3384,0,'2018-10-17',508),
(3385,1,'2018-10-22',508),
(3386,1,'2018-10-24',508),
(3387,1,'2018-11-01',508),
(3388,1,'2018-11-08',508),
(3389,1,'2018-11-22',508),

(3390,1,'2018-10-06',521),
(3391,1,'2018-10-08',521),
(3392,1,'2018-10-10',521),
(3393,1,'2018-10-15',521),
(3394,0,'2018-10-17',521),
(3395,1,'2018-10-22',521),
(3396,1,'2018-10-24',521),
(3397,1,'2018-11-01',521),
(3398,1,'2018-11-08',521),
(3399,1,'2018-11-22',521),

(3400,1,'2018-10-06',535),
(3401,1,'2018-10-08',535),
(3402,1,'2018-10-10',535),
(3403,1,'2018-10-15',535),
(3404,0,'2018-10-17',535),
(3405,1,'2018-10-22',535),
(3406,1,'2018-10-24',535),
(3407,1,'2018-11-01',535),
(3408,1,'2018-11-08',535),
(3409,1,'2018-11-22',535),

(3410,1,'2018-10-06',549),
(3411,1,'2018-10-08',549),
(3412,1,'2018-10-10',549),
(3413,1,'2018-10-15',549),
(3414,0,'2018-10-17',549),
(3415,1,'2018-10-22',549),
(3416,1,'2018-10-24',549),
(3417,1,'2018-11-01',549),
(3418,1,'2018-11-08',549),
(3419,1,'2018-11-22',549),

(3420,1,'2018-10-06',563),
(3421,1,'2018-10-08',563),
(3422,1,'2018-10-10',563),
(3423,1,'2018-10-15',563),
(3424,0,'2018-10-17',563),
(3425,1,'2018-10-22',563),
(3426,1,'2018-10-24',563),
(3427,1,'2018-11-01',563),
(3428,1,'2018-11-08',563),
(3429,1,'2018-11-22',563),

(3430,1,'2018-10-06',577),
(3431,1,'2018-10-08',577),
(3432,1,'2018-10-10',577),
(3433,1,'2018-10-15',577),
(3434,0,'2018-10-17',577),
(3435,1,'2018-10-22',577),
(3436,1,'2018-10-24',577),
(3437,1,'2018-11-01',577),
(3438,1,'2018-11-08',577),
(3439,1,'2018-11-22',577),

(3440,1,'2018-10-06',591),
(3441,1,'2018-10-08',591),
(3442,1,'2018-10-10',591),
(3443,1,'2018-10-15',591),
(3444,0,'2018-10-17',591),
(3445,1,'2018-10-22',591),
(3446,1,'2018-10-24',591),
(3447,1,'2018-11-01',591),
(3448,1,'2018-11-08',591),
(3449,1,'2018-11-22',591),

(3450,1,'2018-10-06',605),
(3451,1,'2018-10-08',605),
(3452,1,'2018-10-10',605),
(3453,1,'2018-10-15',605),
(3454,0,'2018-10-17',605),
(3455,1,'2018-10-22',605),
(3456,1,'2018-10-24',605),
(3457,1,'2018-11-01',605),
(3458,1,'2018-11-08',605),
(3459,1,'2018-11-22',605),

(3460,1,'2018-10-06',619),
(3461,1,'2018-10-08',619),
(3462,1,'2018-10-10',619),
(3463,1,'2018-10-15',619),
(3464,0,'2018-10-17',619),
(3465,1,'2018-10-22',619),
(3466,1,'2018-10-24',619),
(3467,1,'2018-11-01',619),
(3468,1,'2018-11-08',619),
(3469,1,'2018-11-22',619),

(3470,1,'2018-10-06',633),
(3471,1,'2018-10-08',633),
(3472,1,'2018-10-10',633),
(3473,1,'2018-10-15',633),
(3474,0,'2018-10-17',633),
(3475,1,'2018-10-22',633),
(3476,1,'2018-10-24',633),
(3477,1,'2018-11-01',633),
(3478,1,'2018-11-08',633),
(3479,1,'2018-11-22',633),

(3480,1,'2018-10-06',647),
(3481,1,'2018-10-08',647),
(3482,1,'2018-10-10',647),
(3483,1,'2018-10-15',647),
(3484,0,'2018-10-17',647),
(3485,1,'2018-10-22',647),
(3486,1,'2018-10-24',647),
(3487,1,'2018-11-01',647),
(3488,1,'2018-11-08',647),
(3489,1,'2018-11-22',647),

(3490,1,'2018-10-06',661),
(3491,1,'2018-10-08',661),
(3492,1,'2018-10-10',661),
(3493,1,'2018-10-15',661),
(3494,0,'2018-10-17',661),
(3495,1,'2018-10-22',661),
(3496,1,'2018-10-24',661),
(3497,1,'2018-11-01',661),
(3498,1,'2018-11-08',661),
(3499,1,'2018-11-22',661),

(3500,1,'2018-10-06',675),
(3501,1,'2018-10-08',675),
(3502,1,'2018-10-10',675),
(3503,1,'2018-10-15',675),
(3504,0,'2018-10-17',675),
(3505,1,'2018-10-22',675),
(3506,1,'2018-10-24',675),
(3507,1,'2018-11-01',675),
(3508,1,'2018-11-08',675),
(3509,1,'2018-11-22',675),

(3510,1,'2018-10-06',689),
(3511,1,'2018-10-08',689),
(3512,1,'2018-10-10',689),
(3513,1,'2018-10-15',689),
(3514,0,'2018-10-17',689),
(3515,1,'2018-10-22',689),
(3516,1,'2018-10-24',689),
(3517,1,'2018-11-01',689),
(3518,1,'2018-11-08',689),
(3519,1,'2018-11-22',689),

(3520,1,'2018-10-06',703),
(3521,1,'2018-10-08',703),
(3522,1,'2018-10-10',703),
(3523,1,'2018-10-15',703),
(3524,0,'2018-10-17',703),
(3525,1,'2018-10-22',703),
(3526,1,'2018-10-24',703),
(3527,1,'2018-11-01',703),
(3528,1,'2018-11-08',703),
(3529,1,'2018-11-22',703),

(3530,1,'2018-10-06',717),
(3531,1,'2018-10-08',717),
(3532,1,'2018-10-10',717),
(3533,1,'2018-10-15',717),
(3534,0,'2018-10-17',717),
(3535,1,'2018-10-22',717),
(3536,1,'2018-10-24',717),
(3537,1,'2018-11-01',717),
(3538,1,'2018-11-08',717),
(3539,1,'2018-11-22',717),

(3540,1,'2018-10-06',740),
(3541,1,'2018-10-08',740),
(3542,1,'2018-10-10',740),
(3543,1,'2018-10-15',740),
(3544,0,'2018-10-17',740),
(3545,1,'2018-10-22',740),
(3546,1,'2018-10-24',740),
(3547,1,'2018-11-01',740),
(3548,1,'2018-11-08',740),
(3549,1,'2018-11-22',740),

(3550,1,'2018-10-06',754),
(3551,1,'2018-10-08',754),
(3552,1,'2018-10-10',754),
(3553,1,'2018-10-15',754),
(3554,0,'2018-10-17',754),
(3555,1,'2018-10-22',754),
(3556,1,'2018-10-24',754),
(3557,1,'2018-11-01',754),
(3558,1,'2018-11-08',754),
(3559,1,'2018-11-22',754),

(3560,1,'2018-10-06',768),
(3561,1,'2018-10-08',768),
(3562,1,'2018-10-10',768),
(3563,1,'2018-10-15',768),
(3564,0,'2018-10-17',768),
(3565,1,'2018-10-22',768),
(3566,1,'2018-10-24',768),
(3567,1,'2018-11-01',768),
(3568,1,'2018-11-08',768),
(3569,1,'2018-11-22',768);




-- 40032

-- 40032
INSERT INTO `attendance` (`id`,`isPresent`,`dayAttended`,`enrollment_id`) VALUES
(3570,1,'2018-10-06',794),
(3571,1,'2018-10-08',794),
(3572,1,'2018-10-10',794),
(3573,1,'2018-10-15',794),
(3574,0,'2018-10-17',794),
(3575,1,'2018-10-22',794),
(3576,1,'2018-10-24',794),
(3577,1,'2018-11-01',794),
(3578,1,'2018-11-08',794),
(3579,1,'2018-11-22',794),

(3580,1,'2018-10-06',806),
(3581,1,'2018-10-08',806),
(3582,1,'2018-10-10',806),
(3583,1,'2018-10-15',806),
(3584,0,'2018-10-17',806),
(3585,1,'2018-10-22',806),
(3586,1,'2018-10-24',806),
(3587,1,'2018-11-01',806),
(3588,1,'2018-11-08',806),
(3589,1,'2018-11-22',806),

(3590,1,'2018-10-06',818),
(3591,1,'2018-10-08',818),
(3592,1,'2018-10-10',818),
(3593,1,'2018-10-15',818),
(3594,0,'2018-10-17',818),
(3595,1,'2018-10-22',818),
(3596,1,'2018-10-24',818),
(3597,1,'2018-11-01',818),
(3598,1,'2018-11-08',818),
(3599,1,'2018-11-22',818),

(3600,1,'2018-10-06',830),
(3601,1,'2018-10-08',830),
(3602,1,'2018-10-10',830),
(3603,1,'2018-10-15',830),
(3604,0,'2018-10-17',830),
(3605,1,'2018-10-22',830),
(3606,1,'2018-10-24',830),
(3607,1,'2018-11-01',830),
(3608,1,'2018-11-08',830),
(3609,1,'2018-11-22',830),

(3610,1,'2018-10-06',842),
(3611,1,'2018-10-08',842),
(3612,1,'2018-10-10',842),
(3613,1,'2018-10-15',842),
(3614,0,'2018-10-17',842),
(3615,1,'2018-10-22',842),
(3616,1,'2018-10-24',842),
(3617,1,'2018-11-01',842),
(3618,1,'2018-11-08',842),
(3619,1,'2018-11-22',842),

(3620,1,'2018-10-06',854),
(3621,1,'2018-10-08',854),
(3622,1,'2018-10-10',854),
(3623,1,'2018-10-15',854),
(3624,0,'2018-10-17',854),
(3625,1,'2018-10-22',854),
(3626,1,'2018-10-24',854),
(3627,1,'2018-11-01',854),
(3628,1,'2018-11-08',854),
(3629,1,'2018-11-22',854),

(3630,1,'2018-10-06',866),
(3631,1,'2018-10-08',866),
(3632,1,'2018-10-10',866),
(3633,1,'2018-10-15',866),
(3634,0,'2018-10-17',866),
(3635,1,'2018-10-22',866),
(3636,1,'2018-10-24',866),
(3637,1,'2018-11-01',866),
(3638,1,'2018-11-08',866),
(3639,1,'2018-11-22',866),

(3640,1,'2018-10-06',878),
(3641,1,'2018-10-08',878),
(3642,1,'2018-10-10',878),
(3643,1,'2018-10-15',878),
(3644,0,'2018-10-17',878),
(3645,1,'2018-10-22',878),
(3646,1,'2018-10-24',878),
(3647,1,'2018-11-01',878),
(3648,1,'2018-11-08',878),
(3649,1,'2018-11-22',878),

(3650,1,'2018-10-06',890),
(3651,1,'2018-10-08',890),
(3652,1,'2018-10-10',890),
(3653,1,'2018-10-15',890),
(3654,0,'2018-10-17',890),
(3655,1,'2018-10-22',890),
(3656,1,'2018-10-24',890),
(3657,1,'2018-11-01',890),
(3658,1,'2018-11-08',890),
(3659,1,'2018-11-22',890),

(3660,1,'2018-10-06',902),
(3661,1,'2018-10-08',902),
(3662,1,'2018-10-10',902),
(3663,1,'2018-10-15',902),
(3664,0,'2018-10-17',902),
(3665,1,'2018-10-22',902),
(3666,1,'2018-10-24',902),
(3667,1,'2018-11-01',902),
(3668,1,'2018-11-08',902),
(3669,1,'2018-11-22',902),

(3670,1,'2018-10-06',914),
(3671,1,'2018-10-08',914),
(3672,1,'2018-10-10',914),
(3673,1,'2018-10-15',914),
(3674,0,'2018-10-17',914),
(3675,1,'2018-10-22',914),
(3676,1,'2018-10-24',914),
(3677,1,'2018-11-01',914),
(3678,1,'2018-11-08',914),
(3679,1,'2018-11-22',914),

(3680,1,'2018-10-06',926),
(3681,1,'2018-10-08',926),
(3682,1,'2018-10-10',926),
(3683,1,'2018-10-15',926),
(3684,0,'2018-10-17',926),
(3685,1,'2018-10-22',926),
(3686,1,'2018-10-24',926),
(3687,1,'2018-11-01',926),
(3688,1,'2018-11-08',926),
(3689,1,'2018-11-22',926),

(3690,1,'2018-10-06',938),
(3691,1,'2018-10-08',938),
(3692,1,'2018-10-10',938),
(3693,1,'2018-10-15',938),
(3694,0,'2018-10-17',938),
(3695,1,'2018-10-22',938),
(3696,1,'2018-10-24',938),
(3697,1,'2018-11-01',938),
(3698,1,'2018-11-08',938),
(3699,1,'2018-11-22',938),

(3700,1,'2018-10-06',950),
(3701,1,'2018-10-08',950),
(3702,1,'2018-10-10',950),
(3703,1,'2018-10-15',950),
(3704,0,'2018-10-17',950),
(3705,1,'2018-10-22',950),
(3706,1,'2018-10-24',950),
(3707,1,'2018-11-01',950),
(3708,1,'2018-11-08',950),
(3709,1,'2018-11-22',950),

(3710,1,'2018-10-06',962),
(3711,1,'2018-10-08',962),
(3712,1,'2018-10-10',962),
(3713,1,'2018-10-15',962),
(3714,0,'2018-10-17',962),
(3715,1,'2018-10-22',962),
(3716,1,'2018-10-24',962),
(3717,1,'2018-11-01',962),
(3718,1,'2018-11-08',962),
(3719,1,'2018-11-22',962),

(3720,1,'2018-10-06',974),
(3721,1,'2018-10-08',974),
(3722,1,'2018-10-10',974),
(3723,1,'2018-10-15',974),
(3724,0,'2018-10-17',974),
(3725,1,'2018-10-22',974),
(3726,1,'2018-10-24',974),
(3727,1,'2018-11-01',974),
(3728,1,'2018-11-08',974),
(3729,1,'2018-11-22',974),

(3730,1,'2018-10-06',986),
(3731,1,'2018-10-08',986),
(3732,1,'2018-10-10',986),
(3733,1,'2018-10-15',986),
(3734,0,'2018-10-17',986),
(3735,1,'2018-10-22',986),
(3736,1,'2018-10-24',986),
(3737,1,'2018-11-01',986),
(3738,1,'2018-11-08',986),
(3739,1,'2018-11-22',986),

(3740,1,'2018-10-06',998),
(3741,1,'2018-10-08',998),
(3742,1,'2018-10-10',998),
(3743,1,'2018-10-15',998),
(3744,0,'2018-10-17',998),
(3745,1,'2018-10-22',998),
(3746,1,'2018-10-24',998),
(3747,1,'2018-11-01',998),
(3748,1,'2018-11-08',998),
(3749,1,'2018-11-22',998),

(3750,1,'2018-10-06',1010),
(3751,1,'2018-10-08',1010),
(3752,1,'2018-10-10',1010),
(3753,1,'2018-10-15',1010),
(3754,0,'2018-10-17',1010),
(3755,1,'2018-10-22',1010),
(3756,1,'2018-10-24',1010),
(3757,1,'2018-11-01',1010),
(3758,1,'2018-11-08',1010),
(3759,1,'2018-11-22',1010),

(3760,1,'2018-10-06',1022),
(3761,1,'2018-10-08',1022),
(3762,1,'2018-10-10',1022),
(3763,1,'2018-10-15',1022),
(3764,0,'2018-10-17',1022),
(3765,1,'2018-10-22',1022),
(3766,1,'2018-10-24',1022),
(3767,1,'2018-11-01',1022),
(3768,1,'2018-11-08',1022),
(3769,1,'2018-11-22',1022);

UPDATE term
SET YEAR = 2018
WHERE ID =5;

UPDATE course_section_slot
SET slot_id=40
WHERE id=465;

delete from course_section where id =500013;
SET SQL_SAFE_UPDATES = 0;

UPDATE course_section
SET numOfSeats = 30
where numOfSeats=0;

SET SQL_SAFE_UPDATES = 1;

-- SQL 12
-- missing transcript data
UPDATE transcript 

SET `year` = 2016

where id=106;

UPDATE transcript 

SET `season` = 'F'

where id=106;

INSERT INTO `transcript` (`id`,`gradeReceived`,`year`,`season`, `course_id`, `student_id`) VALUES

(500, 'B', 2018, 'F', 'MA223', 40001);

-- slot updates
UPDATE course_section_slot

SET slot_id = 30

WHERE id=468;

UPDATE course_section_slot
SET slot_id=36

where id = 291;

UPDATE course_section_slot

SET slot_id=35

where id = 9420;

-- tooth grades
INSERT INTO `grade` (`id`,`type`,`letterGrade`,`course_section_id`,`student_id`) VALUES
(950, 'F', 'B', 41014, 40001),
(951, 'M', 'A', 40014, 40001),
(952, 'F', 'A', 40014, 40001),
(953, 'M', 'B', 40018, 40001),
(954, 'F', 'B', 40018, 40001),
(955, 'M', 'A', 31014, 40001),
(956, 'F', 'A', 31014, 40001),
(957, 'M', 'A', 31026, 40001),
(958, 'F', 'A', 31026, 40001),
(959, 'M', 'C', 30014, 40001),
(960, 'F', 'B', 30014, 40001),
(961, 'M', 'B', 30016, 40001),
(962, 'F', 'A', 30016, 40001),
(963, 'M', 'D', 30023, 40001),
(964, 'F', 'C', 30023, 40001),
(965, 'M', 'B', 30026, 40001),
(966, 'F', 'A', 30026, 40001),
(967, 'M', 'B', 21019, 40001),
(968, 'F', 'A', 21019, 40001),
(969, 'M', 'C', 21023, 40001),
(970, 'F', 'B', 21023, 40001),
(971, 'M', 'A', 20021, 40001),
(972, 'F', 'A', 20021, 40001),
(973, 'M', 'A', 20042, 40001),
(974, 'F', 'A', 20042, 40001),
(975, 'M', 'B', 20044, 40001),
(976, 'F', 'B', 20044, 40001),
(977, 'M', 'B', 20045, 40001),
(978, 'F', 'A', 20045, 40001),
(979, 'M', 'A', 20052, 40001),
(980, 'F', 'A', 20052, 40001),
(981, 'M', 'C', 21047, 40001),
(982, 'F', 'C', 21047, 40001);

-- rest of cancino classes
INSERT INTO `course_section` (`id`,`number`,`numOfSeats`,`numOfTaken`,`course_id`,`room_id`,`term_id`,`faculty_id`) VALUES
(75000, 1, 30, 10, 'EE101','ET11', 1,10001),
(75001, 1, 30, 10, 'EE150','ET12', 1,10001),
(75002, 1, 30, 10, 'EE160','ET13', 1,10001),
(75003, 1, 30, 10, 'EE101','ET11', 2,10001),
(75004, 1, 30, 10, 'EE150','ET12', 2,10001),
(75005, 1, 30, 10, 'EE160','ET13', 2,10001),
(75006, 1, 30, 10, 'EE101','ET11', 3,10001),
(75007, 1, 30, 10, 'EE150','ET12', 3,10001),
(75008, 1, 30, 10, 'EE160','ET13', 3,10001),
(75009, 1, 30, 10, 'EE101','ET11', 4,10001),
(75010, 1, 30, 10, 'EE150','ET12', 4,10001),
(75011, 1, 30, 10, 'EE160','ET13', 4,10001);


-- slots 
INSERT INTO `course_section_slot`(`id`,`coursesection_id`,`slot_id`) VALUES
(1000, 75000, 33),
(1001, 75000, 34),
(1002, 75001, 35),
(1003, 75001, 36),
(1004, 75002, 37),
(1005, 75002, 38),
(1006, 75003, 33),
(1007, 75003, 34),
(1008, 75004, 35),
(1009, 75004, 36),
(1010, 75005, 37),
(1011, 75005, 38),
(1012, 75006, 33),
(1013, 75006, 34),
(1014, 75007, 35),
(1015, 75007, 36),
(1016, 75008, 37),
(1017, 75008, 38),
(1018, 75009, 33),
(1019, 75009, 34),
(1020, 75010, 35),
(1021, 75010, 36),
(1022, 75011, 37),
(1023, 75011, 38);

INSERT INTO `enrollment`(`id`,`dateEnrolled`,`course_section_id`,`student_id`) VALUES
(1100, 20160320, 75000, 40410),
(1101, 20160320, 75000, 40411),
(1102, 20160320, 75000, 40412),
(1103, 20160320, 75000, 40413),
(1104, 20160320, 75000, 40414),
(1105, 20160320, 75000, 40415),
(1106, 20160320, 75000, 40416),
(1107, 20160320, 75000, 40417),
(1108, 20160320, 75000, 40418),
(1109, 20160320, 75000, 40419),
(1110, 20160320, 75001, 40410),
(1111, 20160320, 75001, 40411),
(1112, 20160320, 75001, 40412),
(1113, 20160320, 75001, 40413),
(1114, 20160320, 75001, 40414),
(1115, 20160320, 75001, 40415),
(1116, 20160320, 75001, 40416),
(1117, 20160320, 75001, 40417),
(1118, 20160320, 75001, 40418),
(1119, 20160320, 75001, 40419),
(1120, 20160320, 75002, 40410),
(1121, 20160320, 75002, 40411),
(1122, 20160320, 75002, 40412),
(1123, 20160320, 75002, 40413),
(1124, 20160320, 75002, 40414),
(1125, 20160320, 75002, 40415),
(1126, 20160320, 75002, 40416),
(1127, 20160320, 75002, 40417),
(1128, 20160320, 75002, 40418),
(1129, 20160320, 75002, 40419),
(1130, 20161120, 75003, 40420),
(1131, 20161120, 75003, 40401),
(1132, 20161120, 75003, 40402),
(1133, 20161120, 75003, 40403),
(1134, 20161120, 75003, 40404),
(1135, 20161120, 75003, 40405),
(1136, 20161120, 75003, 40406),
(1137, 20161120, 75003, 40407),
(1138, 20161120, 75003, 40408),
(1139, 20161120, 75003, 40409),
(1140, 20161120, 75004, 40420),
(1141, 20161120, 75004, 40401),
(1142, 20161120, 75004, 40402),
(1143, 20161120, 75004, 40403),
(1144, 20161120, 75004, 40404),
(1145, 20161120, 75004, 40405),
(1146, 20161120, 75004, 40406),
(1147, 20161120, 75004, 40407),
(1148, 20161120, 75004, 40408),
(1149, 20161120, 75004, 40409),
(1150, 20161120, 75005, 40420),
(1151, 20161120, 75005, 40401),
(1152, 20161120, 75005, 40402),
(1153, 20161120, 75005, 40403),
(1154, 20161120, 75005, 40404),
(1155, 20161120, 75005, 40405),
(1156, 20161120, 75005, 40406),
(1157, 20161120, 75005, 40407),
(1158, 20161120, 75005, 40408),
(1159, 20161120, 75005, 40409),
(1160, 20170320, 75006, 40301),
(1161, 20170320, 75006, 40302),
(1162, 20170320, 75006, 40303),
(1163, 20170320, 75006, 40304),
(1164, 20170320, 75006, 40305),
(1165, 20170320, 75006, 40306),
(1166, 20170320, 75006, 40307),
(1167, 20170320, 75006, 40308),
(1168, 20170320, 75006, 40309),
(1169, 20170320, 75006, 40320),
(1170, 20170320, 75007, 40301),
(1171, 20170320, 75007, 40302),
(1172, 20170320, 75007, 40303),
(1173, 20170320, 75007, 40304),
(1174, 20170320, 75007, 40305),
(1175, 20170320, 75007, 40306),
(1176, 20170320, 75007, 40307),
(1177, 20170320, 75007, 40308),
(1178, 20170320, 75007, 40309),
(1179, 20170320, 75007, 40320),
(1180, 20170320, 75008, 40301),
(1181, 20170320, 75008, 40302),
(1182, 20170320, 75008, 40303),
(1183, 20170320, 75008, 40304),
(1184, 20170320, 75008, 40305),
(1185, 20170320, 75008, 40306),
(1186, 20170320, 75008, 40307),
(1187, 20170320, 75008, 40308),
(1188, 20170320, 75008, 40309),
(1189, 20170320, 75008, 40320),
(1190, 20171120, 75009, 40310),
(1191, 20171120, 75009, 40311),
(1192, 20171120, 75009, 40312),
(1193, 20171120, 75009, 40313),
(1194, 20171120, 75009, 40314),
(1195, 20171120, 75009, 40315),
(1196, 20171120, 75009, 40316),
(1197, 20171120, 75009, 40317),
(1198, 20171120, 75009, 40318),
(1199, 20171120, 75009, 40319),
(1200, 20171120, 75010, 40310),
(1201, 20171120, 75010, 40311),
(1202, 20171120, 75010, 40312),
(1203, 20171120, 75010, 40313),
(1204, 20171120, 75010, 40314),
(1205, 20171120, 75010, 40315),
(1206, 20171120, 75010, 40316),
(1207, 20171120, 75010, 40317),
(1208, 20171120, 75010, 40318),
(1209, 20171120, 75010, 40319),
(1210, 20171120, 75011, 40310),
(1211, 20171120, 75011, 40311),
(1212, 20171120, 75011, 40312),
(1213, 20171120, 75011, 40313),
(1214, 20171120, 75011, 40314),
(1215, 20171120, 75011, 40315),
(1216, 20171120, 75011, 40316),
(1217, 20171120, 75011, 40317),
(1218, 20171120, 75011, 40318),
(1219, 20171120, 75011, 40319);

-- grades
INSERT INTO `grade` (`id`,`type`,`letterGrade`,`course_section_id`,`student_id`) VALUES
(1000,'M','B',75000,40410), 
(1001,'F','B',75000,40410),
(1002,'M','B',75000,40411),
(1003,'F','C',75000,40411),
(1004,'M','B',75000,40412),
(1005,'F','B',75000,40412),
(1006,'M','C',75000,40413),
(1007,'F','C',75000,40413),
(1008,'M','C',75000,40414),
(1009,'F','C',75000,40414),
(1010,'M','B',75000,40415),
(1011,'F','A',75000,40415),
(1012,'M','C',75000,40416),
(1013,'F','B',75000,40416),
(1014,'M','A',75000,40417),
(1015,'F','A',75000,40417),
(1016,'M','A',75000,40418),
(1017,'F','A',75000,40418),
(1018,'M','A',75000,40419),
(1019,'F','A',75000,40419);

INSERT INTO `grade` (`id`,`type`,`letterGrade`,`course_section_id`,`student_id`) VALUES
(1020,'M','B',75001,40410), 
(1021,'F','B',75001,40410),
(1022,'M','B',75001,40411),
(1023,'F','C',75001,40411),
(1024,'M','B',75001,40412),
(1025,'F','B',75001,40412),
(1026,'M','C',75001,40413),
(1027,'F','C',75001,40413),
(1028,'M','C',75001,40414),
(1029,'F','C',75001,40414),
(1030,'M','B',75001,40415),
(1031,'F','A',75001,40415),
(1032,'M','C',75001,40416),
(1033,'F','B',75001,40416),
(1034,'M','A',75001,40417),
(1035,'F','A',75001,40417),
(1036,'M','A',75001,40418),
(1037,'F','A',75001,40418),
(1038,'M','A',75001,40419),
(1039,'F','A',75001,40419);

INSERT INTO `grade` (`id`,`type`,`letterGrade`,`course_section_id`,`student_id`) VALUES
(1040,'M','B',75002,40410), 
(1041,'F','B',75002,40410),
(1042,'M','B',75002,40411),
(1043,'F','C',75002,40411),
(1044,'M','B',75002,40412),
(1045,'F','B',75002,40412),
(1046,'M','C',75002,40413),
(1047,'F','C',75002,40413),
(1048,'M','C',75002,40414),
(1049,'F','C',75002,40414),
(1050,'M','B',75002,40415),
(1051,'F','A',75002,40415),
(1052,'M','C',75002,40416),
(1053,'F','B',75002,40416),
(1054,'M','A',75002,40417),
(1055,'F','A',75002,40417),
(1056,'M','A',75002,40418),
(1057,'F','A',75002,40418),
(1058,'M','A',75002,40419),
(1059,'F','A',75002,40419);

INSERT INTO `grade` (`id`,`type`,`letterGrade`,`course_section_id`,`student_id`) VALUES
(1060,'M','B',75003,40420), 
(1061,'F','B',75003,40420),
(1062,'M','B',75003,40401),
(1063,'F','C',75003,40401),
(1064,'M','B',75003,40402),
(1065,'F','B',75003,40402),
(1066,'M','C',75003,40403),
(1067,'F','C',75003,40403),
(1068,'M','C',75003,40404),
(1069,'F','C',75003,40404),
(1070,'M','B',75003,40405),
(1071,'F','A',75003,40405),
(1072,'M','C',75003,40406),
(1073,'F','B',75003,40406),
(1074,'M','A',75003,40407),
(1075,'F','A',75003,40407),
(1076,'M','A',75003,40408),
(1077,'F','A',75003,40408),
(1078,'M','A',75003,40409),
(1079,'F','A',75003,40409);

INSERT INTO `grade` (`id`,`type`,`letterGrade`,`course_section_id`,`student_id`) VALUES
(1080,'M','B',75004,40420), 
(1081,'F','B',75004,40420),
(1082,'M','B',75004,40401),
(1083,'F','C',75004,40401),
(1084,'M','B',75004,40402),
(1085,'F','B',75004,40402),
(1086,'M','C',75004,40403),
(1087,'F','C',75004,40403),
(1088,'M','C',75004,40404),
(1089,'F','C',75004,40404),
(1090,'M','B',75004,40405),
(1091,'F','A',75004,40405),
(1092,'M','C',75004,40406),
(1093,'F','B',75004,40406),
(1094,'M','A',75004,40407),
(1095,'F','A',75004,40407),
(1096,'M','A',75004,40408),
(1097,'F','A',75004,40408),
(1098,'M','A',75004,40409),
(1099,'F','A',75004,40409);

INSERT INTO `grade` (`id`,`type`,`letterGrade`,`course_section_id`,`student_id`) VALUES
(1100,'M','B',75005,40420), 
(1101,'F','B',75005,40420),
(1102,'M','B',75005,40401),
(1103,'F','C',75005,40401),
(1104,'M','B',75005,40402),
(1105,'F','B',75005,40402),
(1106,'M','C',75005,40403),
(1107,'F','C',75005,40403),
(1108,'M','C',75005,40404),
(1109,'F','C',75005,40404),
(1110,'M','B',75005,40405),
(1111,'F','A',75005,40405),
(1112,'M','C',75005,40406),
(1113,'F','B',75005,40406),
(1114,'M','A',75005,40407),
(1115,'F','A',75005,40407),
(1116,'M','A',75005,40408),
(1117,'F','A',75005,40408),
(1118,'M','A',75005,40409),
(1119,'F','A',75005,40409);

INSERT INTO `grade` (`id`,`type`,`letterGrade`,`course_section_id`,`student_id`) VALUES
(1120,'M','B',75006,40320), 
(1121,'F','B',75006,40320),
(1122,'M','B',75006,40301),
(1123,'F','C',75006,40301),
(1124,'M','B',75006,40302),
(1125,'F','B',75006,40302),
(1126,'M','C',75006,40303),
(1127,'F','C',75006,40303),
(1128,'M','C',75006,40304),
(1129,'F','C',75006,40304),
(1130,'M','B',75006,40305),
(1131,'F','A',75006,40305),
(1132,'M','C',75006,40306),
(1133,'F','B',75006,40306),
(1134,'M','A',75006,40307),
(1135,'F','A',75006,40307),
(1136,'M','A',75006,40308),
(1137,'F','A',75006,40308),
(1138,'M','A',75006,40309),
(1139,'F','A',75006,40309);

INSERT INTO `grade` (`id`,`type`,`letterGrade`,`course_section_id`,`student_id`) VALUES
(1140,'M','B',75007,40320), 
(1141,'F','B',75007,40320),
(1142,'M','B',75007,40301),
(1143,'F','C',75007,40301),
(1144,'M','B',75007,40302),
(1145,'F','B',75007,40302),
(1146,'M','C',75007,40303),
(1147,'F','C',75007,40303),
(1148,'M','C',75007,40304),
(1149,'F','C',75007,40304),
(1150,'M','B',75007,40305),
(1151,'F','A',75007,40305),
(1152,'M','C',75007,40306),
(1153,'F','B',75007,40306),
(1154,'M','A',75007,40307),
(1155,'F','A',75007,40307),
(1156,'M','A',75007,40308),
(1157,'F','A',75007,40308),
(1158,'M','A',75007,40309),
(1159,'F','A',75007,40309);

INSERT INTO `grade` (`id`,`type`,`letterGrade`,`course_section_id`,`student_id`) VALUES
(1160,'M','B',75008,40320), 
(1161,'F','B',75008,40320),
(1162,'M','B',75008,40301),
(1163,'F','C',75008,40301),
(1164,'M','B',75008,40302),
(1165,'F','B',75008,40302),
(1166,'M','C',75008,40303),
(1167,'F','C',75008,40303),
(1168,'M','C',75008,40304),
(1169,'F','C',75008,40304),
(1170,'M','B',75008,40305),
(1171,'F','A',75008,40305),
(1172,'M','C',75008,40306),
(1173,'F','B',75008,40306),
(1174,'M','A',75008,40307),
(1175,'F','A',75008,40307),
(1176,'M','A',75008,40308),
(1177,'F','A',75008,40308),
(1178,'M','A',75008,40309),
(1179,'F','A',75008,40309);


INSERT INTO `grade` (`id`,`type`,`letterGrade`,`course_section_id`,`student_id`) VALUES
(1180,'M','B',75009,40310), 
(1181,'F','B',75009,40310),
(1182,'M','B',75009,40311),
(1183,'F','C',75009,40311),
(1184,'M','B',75009,40312),
(1185,'F','B',75009,40312),
(1186,'M','C',75009,40313),
(1187,'F','C',75009,40313),
(1188,'M','C',75009,40314),
(1189,'F','C',75009,40314),
(1190,'M','B',75009,40315),
(1191,'F','A',75009,40315),
(1192,'M','C',75009,40316),
(1193,'F','B',75009,40316),
(1194,'M','A',75009,40317),
(1195,'F','A',75009,40317),
(1196,'M','A',75009,40318),
(1197,'F','A',75009,40318),
(1198,'M','A',75009,40319),
(1199,'F','A',75009,40319);

INSERT INTO `grade` (`id`,`type`,`letterGrade`,`course_section_id`,`student_id`) VALUES
(1200,'M','B',75010,40310), 
(1201,'F','B',75010,40310),
(1202,'M','B',75010,40311),
(1203,'F','C',75010,40311),
(1204,'M','B',75010,40312),
(1205,'F','B',75010,40312),
(1206,'M','C',75010,40313),
(1207,'F','C',75010,40313),
(1208,'M','C',75010,40314),
(1209,'F','C',75010,40314),
(1210,'M','B',75010,40315),
(1211,'F','A',75010,40315),
(1212,'M','C',75010,40316),
(1213,'F','B',75010,40316),
(1214,'M','A',75010,40317),
(1215,'F','A',75010,40317),
(1216,'M','A',75010,40318),
(1217,'F','A',75010,40318),
(1218,'M','A',75010,40319),
(1219,'F','A',75010,40319);

INSERT INTO `grade` (`id`,`type`,`letterGrade`,`course_section_id`,`student_id`) VALUES
(1220,'M','B',75011,40310), 
(1221,'F','B',75011,40310),
(1222,'M','B',75011,40311),
(1223,'F','C',75011,40311),
(1224,'M','B',75011,40312),
(1225,'F','B',75011,40312),
(1226,'M','C',75011,40313),
(1227,'F','C',75011,40313),
(1228,'M','C',75011,40314),
(1229,'F','C',75011,40314),
(1230,'M','B',75011,40315),
(1231,'F','A',75011,40315),
(1232,'M','C',75011,40316),
(1233,'F','B',75011,40316),
(1234,'M','A',75011,40317),
(1235,'F','A',75011,40317),
(1236,'M','A',75011,40318),
(1237,'F','A',75011,40318),
(1238,'M','A',75011,40319),
(1239,'F','A',75011,40319);

-- transcript for updating grades
INSERT INTO `transcript` (`id`,`gradeReceived`,`year`,`season`, `course_id`, `student_id`) VALUES
(501, 'B', 2016, 'SP', 'EE101', 40410), -- 30042
(502, 'B', 2016, 'SP', 'EE150', 40410),
(503, 'B', 2016, 'SP', 'EE160', 40410),
(504, 'C', 2016, 'SP', 'EE101', 40411),
(505, 'C', 2016, 'SP', 'EE150', 40411),
(506, 'C', 2016, 'SP', 'EE160', 40411),
(507, 'B', 2016, 'SP', 'EE101', 40412),
(508, 'B', 2016, 'SP', 'EE150', 40412),
(509, 'B', 2016, 'SP', 'EE160', 40412),
(510, 'C', 2016, 'SP', 'EE101', 40413),
(511, 'C', 2016, 'SP', 'EE150', 40413),
(512, 'C', 2016, 'SP', 'EE160', 40413),
(513, 'C', 2016, 'SP', 'EE101', 40414),
(514, 'C', 2016, 'SP', 'EE150', 40414),
(515, 'C', 2016, 'SP', 'EE160', 40414),
(516, 'A', 2016, 'SP', 'EE101', 40415),
(517, 'A', 2016, 'SP', 'EE150', 40415),
(518, 'A', 2016, 'SP', 'EE160', 40415),
(519, 'B', 2016, 'SP', 'EE101', 40416),
(520, 'B', 2016, 'SP', 'EE150', 40416),
(521, 'B', 2016, 'SP', 'EE160', 40416),
(522, 'A', 2016, 'SP', 'EE101', 40417),
(523, 'A', 2016, 'SP', 'EE150', 40417),
(524, 'A', 2016, 'SP', 'EE160', 40417),
(525, 'A', 2016, 'SP', 'EE101', 40418),
(526, 'A', 2016, 'SP', 'EE150', 40418),
(527, 'A', 2016, 'SP', 'EE160', 40418),
(528, 'A', 2016, 'SP', 'EE101', 40419),
(529, 'A', 2016, 'SP', 'EE150', 40419),
(530, 'A', 2016, 'SP', 'EE160', 40419),

(531, 'B', 2016, 'F', 'EE101', 40420),
(532, 'B', 2016, 'F', 'EE150', 40420),
(533, 'B', 2016, 'F', 'EE160', 40420),
(534, 'C', 2016, 'F', 'EE101', 40401),
(535, 'C', 2016, 'F', 'EE150', 40401),
(536, 'C', 2016, 'F', 'EE160', 40401),
(537, 'B', 2016, 'F', 'EE101', 40402),
(538, 'B', 2016, 'F', 'EE150', 40402),
(539, 'B', 2016, 'F', 'EE160', 40402),
(540, 'C', 2016, 'F', 'EE101', 40403),
(541, 'C', 2016, 'F', 'EE150', 40403),
(542, 'C', 2016, 'F', 'EE160', 40403),
(543, 'C', 2016, 'F', 'EE101', 40404),
(544, 'C', 2016, 'F', 'EE150', 40404),
(545, 'C', 2016, 'F', 'EE160', 40404),
(546, 'A', 2016, 'F', 'EE101', 40405),
(547, 'A', 2016, 'F', 'EE150', 40405),
(548, 'A', 2016, 'F', 'EE160', 40405),
(549, 'B', 2016, 'F', 'EE101', 40406),
(550, 'B', 2016, 'F', 'EE150', 40406),
(551, 'B', 2016, 'F', 'EE160', 40406),
(552, 'A', 2016, 'F', 'EE101', 40407),
(553, 'A', 2016, 'F', 'EE150', 40407),
(554, 'A', 2016, 'F', 'EE160', 40407),
(555, 'A', 2016, 'F', 'EE101', 40408),
(556, 'A', 2016, 'F', 'EE150', 40408),
(557, 'A', 2016, 'F', 'EE160', 40408),
(558, 'A', 2016, 'F', 'EE101', 40409),
(559, 'A', 2016, 'F', 'EE150', 40409),
(560, 'A', 2016, 'F', 'EE160', 40409),

(561, 'B', 2017, 'SP', 'EE101', 40320),
(562, 'B', 2017, 'SP', 'EE150', 40320),
(563, 'B', 2017, 'SP', 'EE160', 40320),
(564, 'C', 2017, 'SP', 'EE101', 40301),
(565, 'C', 2017, 'SP', 'EE150', 40301),
(566, 'C', 2017, 'SP', 'EE160', 40301),
(567, 'B', 2017, 'SP', 'EE101', 40302),
(568, 'B', 2017, 'SP', 'EE150', 40302),
(569, 'B', 2017, 'SP', 'EE160', 40302),
(570, 'C', 2017, 'SP', 'EE101', 40303),
(571, 'C', 2017, 'SP', 'EE150', 40303),
(572, 'C', 2017, 'SP', 'EE160', 40303),
(573, 'C', 2017, 'SP', 'EE101', 40304),
(574, 'C', 2017, 'SP', 'EE150', 40304),
(575, 'C', 2017, 'SP', 'EE160', 40304),
(576, 'A', 2017, 'SP', 'EE101', 40305),
(577, 'A', 2017, 'SP', 'EE150', 40305),
(578, 'A', 2017, 'SP', 'EE160', 40305),
(579, 'B', 2017, 'SP', 'EE101', 40306),
(580, 'B', 2017, 'SP', 'EE150', 40306),
(581, 'B', 2017, 'SP', 'EE160', 40306),
(582, 'A', 2017, 'SP', 'EE101', 40307),
(583, 'A', 2017, 'SP', 'EE150', 40307),
(584, 'A', 2017, 'SP', 'EE160', 40307),
(585, 'A', 2017, 'SP', 'EE101', 40308),
(586, 'A', 2017, 'SP', 'EE150', 40308),
(587, 'A', 2017, 'SP', 'EE160', 40308),
(588, 'A', 2017, 'SP', 'EE101', 40309),
(589, 'A', 2017, 'SP', 'EE150', 40309),
(590, 'A', 2017, 'SP', 'EE160', 40309),

(591, 'B', 2017, 'F', 'EE101', 40310),
(592, 'B', 2017, 'F', 'EE150', 40310),
(593, 'B', 2017, 'F', 'EE160', 40310),
(594, 'C', 2017, 'F', 'EE101', 40311),
(595, 'C', 2017, 'F', 'EE150', 40311),
(596, 'C', 2017, 'F', 'EE160', 40311),
(597, 'B', 2017, 'F', 'EE101', 40312),
(598, 'B', 2017, 'F', 'EE150', 40312),
(599, 'B', 2017, 'F', 'EE160', 40312),
(600, 'C', 2017, 'F', 'EE101', 40313),
(601, 'C', 2017, 'F', 'EE150', 40313),
(602, 'C', 2017, 'F', 'EE160', 40313),
(603, 'C', 2017, 'F', 'EE101', 40314),
(604, 'C', 2017, 'F', 'EE150', 40314),
(605, 'C', 2017, 'F', 'EE160', 40314),
(606, 'A', 2017, 'F', 'EE101', 40315),
(607, 'A', 2017, 'F', 'EE150', 40315),
(608, 'A', 2017, 'F', 'EE160', 40315),
(609, 'B', 2017, 'F', 'EE101', 40316),
(610, 'B', 2017, 'F', 'EE150', 40316),
(611, 'B', 2017, 'F', 'EE160', 40316),
(612, 'A', 2017, 'F', 'EE101', 40317),
(613, 'A', 2017, 'F', 'EE150', 40317),
(614, 'A', 2017, 'F', 'EE160', 40317),
(615, 'A', 2017, 'F', 'EE101', 40318),
(616, 'A', 2017, 'F', 'EE150', 40318),
(617, 'A', 2017, 'F', 'EE160', 40318),
(618, 'A', 2017, 'F', 'EE101', 40319),
(619, 'A', 2017, 'F', 'EE150', 40319),
(620, 'A', 2017, 'F', 'EE160', 40319);

INSERT INTO `attendance` (`id`,`isPresent`,`dayAttended`,`enrollment_id`) VALUES
(4000,1,'2016-04-06',1100),
(4001,1,'2016-04-08',1100),
(4002,1,'2016-04-10',1100),
(4003,1,'2016-04-15',1100),
(4004,0,'2016-04-17',1100),
(4005,1,'2016-04-22',1100),
(4006,1,'2016-04-24',1100),
(4007,1,'2016-05-01',1100),
(4008,1,'2016-05-08',1100),
(4009,1,'2016-05-22',1100),

(4010,1,'2016-04-06',1101),
(4011,1,'2016-04-08',1101),
(4012,1,'2016-04-10',1101),
(4013,1,'2016-04-15',1101),
(4014,0,'2016-04-17',1101),
(4015,1,'2016-04-22',1101),
(4016,1,'2016-04-24',1101),
(4017,1,'2016-05-01',1101),
(4018,1,'2016-05-08',1101),
(4019,1,'2016-05-22',1101),

(4020,1,'2016-04-06',1102),
(4021,1,'2016-04-08',1102),
(4022,1,'2016-04-10',1102),
(4023,1,'2016-04-15',1102),
(4024,0,'2016-04-17',1102),
(4025,1,'2016-04-22',1102),
(4026,1,'2016-04-24',1102),
(4027,1,'2016-05-01',1102),
(4028,1,'2016-05-08',1102),
(4029,1,'2016-05-22',1102),

(4040,1,'2016-04-06',1103),
(4041,1,'2016-04-08',1103),
(4042,1,'2016-04-10',1103),
(4043,1,'2016-04-15',1103),
(4044,0,'2016-04-17',1103),
(4045,1,'2016-04-22',1103),
(4046,1,'2016-04-24',1103),
(4047,1,'2016-05-01',1103),
(4048,1,'2016-05-08',1103),
(4049,1,'2016-05-22',1103),

(4050,1,'2016-04-06',1104),
(4051,1,'2016-04-08',1104),
(4052,1,'2016-04-10',1104),
(4053,1,'2016-04-15',1104),
(4054,0,'2016-04-17',1104),
(4055,1,'2016-04-22',1104),
(4056,1,'2016-04-24',1104),
(4057,1,'2016-05-01',1104),
(4058,1,'2016-05-08',1104),
(4059,1,'2016-05-22',1104),

(4060,1,'2016-04-06',1105),
(4061,1,'2016-04-08',1105),
(4062,1,'2016-04-10',1105),
(4063,1,'2016-04-15',1105),
(4064,0,'2016-04-17',1105),
(4065,1,'2016-04-22',1105),
(4066,1,'2016-04-24',1105),
(4067,1,'2016-05-01',1105),
(4068,1,'2016-05-08',1105),
(4069,1,'2016-05-22',1105),

(4070,1,'2016-04-06',1106),
(4071,1,'2016-04-08',1106),
(4072,1,'2016-04-10',1106),
(4073,1,'2016-04-15',1106),
(4074,0,'2016-04-17',1106),
(4075,1,'2016-04-22',1106),
(4076,1,'2016-04-24',1106),
(4077,1,'2016-05-01',1106),
(4078,1,'2016-05-08',1106),
(4079,1,'2016-05-22',1106),

(4080,1,'2016-04-06',1107),
(4081,1,'2016-04-08',1107),
(4082,1,'2016-04-10',1107),
(4083,1,'2016-04-15',1107),
(4084,0,'2016-04-17',1107),
(4085,1,'2016-04-22',1107),
(4086,1,'2016-04-24',1107),
(4087,1,'2016-05-01',1107),
(4088,1,'2016-05-08',1107),
(4089,1,'2016-05-22',1107),

(4090,1,'2016-04-06',1108),
(4091,1,'2016-04-08',1108),
(4092,1,'2016-04-10',1108),
(4093,1,'2016-04-15',1108),
(4094,0,'2016-04-17',1108),
(4095,1,'2016-04-22',1108),
(4096,1,'2016-04-24',1108),
(4097,1,'2016-05-01',1108),
(4098,1,'2016-05-08',1108),
(4099,1,'2016-05-22',1108),

(4100,1,'2016-04-06',1109),
(4101,1,'2016-04-08',1109),
(4102,1,'2016-04-10',1109),
(4103,1,'2016-04-15',1109),
(4104,0,'2016-04-17',1109),
(4105,1,'2016-04-22',1109),
(4106,1,'2016-04-24',1109),
(4107,1,'2016-05-01',1109),
(4108,1,'2016-05-08',1109),
(4109,1,'2016-05-22',1109),

(4110,1,'2016-04-06',1110),
(4111,1,'2016-04-08',1110),
(4112,1,'2016-04-10',1110),
(4113,1,'2016-04-15',1110),
(4114,0,'2016-04-17',1110),
(4115,1,'2016-04-22',1110),
(4116,1,'2016-04-24',1110),
(4117,1,'2016-05-01',1110),
(4118,1,'2016-05-08',1110),
(4119,1,'2016-05-22',1110),

(4120,1,'2016-04-06',1111),
(4121,1,'2016-04-08',1111),
(4122,1,'2016-04-10',1111),
(4123,1,'2016-04-15',1111),
(4124,0,'2016-04-17',1111),
(4125,1,'2016-04-22',1111),
(4126,1,'2016-04-24',1111),
(4127,1,'2016-05-01',1111),
(4128,1,'2016-05-08',1111),
(4129,1,'2016-05-22',1111),

(4130,1,'2016-04-06',1112),
(4131,1,'2016-04-08',1112),
(4132,1,'2016-04-10',1112),
(4133,1,'2016-04-15',1112),
(4134,0,'2016-04-17',1112),
(4135,1,'2016-04-22',1112),
(4136,1,'2016-04-24',1112),
(4137,1,'2016-05-01',1112),
(4138,1,'2016-05-08',1112),
(4139,1,'2016-05-22',1112),

(4140,1,'2016-04-06',1120),
(4141,1,'2016-04-08',1120),
(4142,1,'2016-04-10',1120),
(4143,1,'2016-04-15',1120),
(4144,0,'2016-04-17',1120),
(4145,1,'2016-04-22',1120),
(4146,1,'2016-04-24',1120),
(4147,1,'2016-05-01',1120),
(4148,1,'2016-05-08',1120),
(4149,1,'2016-05-22',1120),

(4150,1,'2016-04-06',1113),
(4151,1,'2016-04-08',1113),
(4152,1,'2016-04-10',1113),
(4153,1,'2016-04-15',1113),
(4154,0,'2016-04-17',1113),
(4155,1,'2016-04-22',1113),
(4156,1,'2016-04-24',1113),
(4157,1,'2016-05-01',1113),
(4158,1,'2016-05-08',1113),
(4159,1,'2016-05-22',1113),

(4160,1,'2016-04-06',1114),
(4161,1,'2016-04-08',1114),
(4162,1,'2016-04-10',1114),
(4163,1,'2016-04-15',1114),
(4164,0,'2016-04-17',1114),
(4165,1,'2016-04-22',1114),
(4166,1,'2016-04-24',1114),
(4167,1,'2016-05-01',1114),
(4168,1,'2016-05-08',1114),
(4169,1,'2016-05-22',1114),

(4170,1,'2016-04-06',1115),
(4171,1,'2016-04-08',1115),
(4172,1,'2016-04-10',1115),
(4173,1,'2016-04-15',1115),
(4174,0,'2016-04-17',1115),
(4175,1,'2016-04-22',1115),
(4176,1,'2016-04-24',1115),
(4177,1,'2016-05-01',1115),
(4178,1,'2016-05-08',1115),
(4179,1,'2016-05-22',1115),

(4180,1,'2016-04-06',1116),
(4181,1,'2016-04-08',1116),
(4182,1,'2016-04-10',1116),
(4183,1,'2016-04-15',1116),
(4184,0,'2016-04-17',1116),
(4185,1,'2016-04-22',1116),
(4186,1,'2016-04-24',1116),
(4187,1,'2016-05-01',1116),
(4188,1,'2016-05-08',1116),
(4189,1,'2016-05-22',1116),

(4190,1,'2016-04-06',1117),
(4191,1,'2016-04-08',1117),
(4192,1,'2016-04-10',1117),
(4193,1,'2016-04-15',1117),
(4194,0,'2016-04-17',1117),
(4195,1,'2016-04-22',1117),
(4196,1,'2016-04-24',1117),
(4197,1,'2016-05-01',1117),
(4198,1,'2016-05-08',1117),
(4199,1,'2016-05-22',1117),

(4200,1,'2016-04-06',1118),
(4201,1,'2016-04-08',1118),
(4202,1,'2016-04-10',1118),
(4203,1,'2016-04-15',1118),
(4204,0,'2016-04-17',1118),
(4205,1,'2016-04-22',1118),
(4206,1,'2016-04-24',1118),
(4207,1,'2016-05-01',1118),
(4208,1,'2016-05-08',1118),
(4209,1,'2016-05-22',1118),

(4210,1,'2016-04-06',1119),
(4211,1,'2016-04-08',1119),
(4212,1,'2016-04-10',1119),
(4213,1,'2016-04-15',1119),
(4214,0,'2016-04-17',1119),
(4215,1,'2016-04-22',1119),
(4216,1,'2016-04-24',1119),
(4217,1,'2016-05-01',1119),
(4218,1,'2016-05-08',1119),
(4219,1,'2016-05-22',1119),

(4220,1,'2016-04-06',1121),
(4221,1,'2016-04-08',1121),
(4222,1,'2016-04-10',1121),
(4223,1,'2016-04-15',1121),
(4224,0,'2016-04-17',1121),
(4225,1,'2016-04-22',1121),
(4226,1,'2016-04-24',1121),
(4227,1,'2016-05-01',1121),
(4228,1,'2016-05-08',1121),
(4229,1,'2016-05-22',1121),

(4230,1,'2016-04-06',1122),
(4231,1,'2016-04-08',1122),
(4232,1,'2016-04-10',1122),
(4233,1,'2016-04-15',1122),
(4234,0,'2016-04-17',1122),
(4235,1,'2016-04-22',1122),
(4236,1,'2016-04-24',1122),
(4237,1,'2016-05-01',1122),
(4238,1,'2016-05-08',1122),
(4239,1,'2016-05-22',1122),

(4240,1,'2016-04-06',1123),
(4241,1,'2016-04-08',1123),
(4242,1,'2016-04-10',1123),
(4243,1,'2016-04-15',1123),
(4244,0,'2016-04-17',1123),
(4245,1,'2016-04-22',1123),
(4246,1,'2016-04-24',1123),
(4247,1,'2016-05-01',1123),
(4248,1,'2016-05-08',1123),
(4249,1,'2016-05-22',1123),

(4250,1,'2016-04-06',1124),
(4251,1,'2016-04-08',1124),
(4252,1,'2016-04-10',1124),
(4253,1,'2016-04-15',1124),
(4254,0,'2016-04-17',1124),
(4255,1,'2016-04-22',1124),
(4256,1,'2016-04-24',1124),
(4257,1,'2016-05-01',1124),
(4258,1,'2016-05-08',1124),
(4259,1,'2016-05-22',1124),

(4260,1,'2016-04-06',1125),
(4261,1,'2016-04-08',1125),
(4262,1,'2016-04-10',1125),
(4263,1,'2016-04-15',1125),
(4264,0,'2016-04-17',1125),
(4265,1,'2016-04-22',1125),
(4266,1,'2016-04-24',1125),
(4267,1,'2016-05-01',1125),
(4268,1,'2016-05-08',1125),
(4269,1,'2016-05-22',1125),

(4270,1,'2016-04-06',1126),
(4271,1,'2016-04-08',1126),
(4272,1,'2016-04-10',1126),
(4273,1,'2016-04-15',1126),
(4274,0,'2016-04-17',1126),
(4275,1,'2016-04-22',1126),
(4276,1,'2016-04-24',1126),
(4277,1,'2016-05-01',1126),
(4278,1,'2016-05-08',1126),
(4279,1,'2016-05-22',1126),

(4280,1,'2016-04-06',1127),
(4281,1,'2016-04-08',1127),
(4282,1,'2016-04-10',1127),
(4283,1,'2016-04-15',1127),
(4284,0,'2016-04-17',1127),
(4285,1,'2016-04-22',1127),
(4286,1,'2016-04-24',1127),
(4287,1,'2016-05-01',1127),
(4288,1,'2016-05-08',1127),
(4289,1,'2016-05-22',1127),

(4290,1,'2016-04-06',1128),
(4291,1,'2016-04-08',1128),
(4292,1,'2016-04-10',1128),
(4293,1,'2016-04-15',1128),
(4294,0,'2016-04-17',1128),
(4295,1,'2016-04-22',1128),
(4296,1,'2016-04-24',1128),
(4297,1,'2016-05-01',1128),
(4298,1,'2016-05-08',1128),
(4299,1,'2016-05-22',1128),

(4300,1,'2016-04-06',1129),
(4301,1,'2016-04-08',1129),
(4302,1,'2016-04-10',1129),
(4303,1,'2016-04-15',1129),
(4304,0,'2016-04-17',1129),
(4305,1,'2016-04-22',1129),
(4306,1,'2016-04-24',1129),
(4307,1,'2016-05-01',1129),
(4308,1,'2016-05-08',1129),
(4309,1,'2016-05-22',1129);


INSERT INTO `attendance` (`id`,`isPresent`,`dayAttended`,`enrollment_id`) VALUES
(9000,1,'2017-04-06',1160),
(9001,1,'2017-04-08',1160),
(9002,1,'2017-04-10',1160),
(9003,1,'2017-04-15',1160),
(9004,0,'2017-04-17',1160),
(9005,1,'2017-04-22',1160),
(9006,1,'2017-04-24',1160),
(9007,1,'2017-05-01',1160),
(9008,1,'2017-05-08',1160),
(9009,1,'2017-05-22',1160),

(9100,1,'2017-04-06',1161),
(9101,1,'2017-04-08',1161),
(9102,1,'2017-04-10',1161),
(9103,1,'2017-04-15',1161),
(9104,0,'2017-04-17',1161),
(9105,1,'2017-04-22',1161),
(9106,1,'2017-04-24',1161),
(9107,1,'2017-05-01',1161),
(9108,1,'2017-05-08',1161),
(9109,1,'2017-05-22',1161),

(4420,1,'2017-04-06',1162),
(4421,1,'2017-04-08',1162),
(4422,1,'2017-04-10',1162),
(4423,1,'2017-04-15',1162),
(4424,0,'2017-04-17',1162),
(4425,1,'2017-04-22',1162),
(4426,1,'2017-04-24',1162),
(4427,1,'2017-05-01',1162),
(4428,1,'2017-05-08',1162),
(4429,1,'2017-05-22',1162),

(4444,1,'2017-04-06',1163),
(4445,1,'2017-04-08',1163),
(4446,1,'2017-04-10',1163),
(4447,1,'2017-04-15',1163),

(4450,1,'2017-04-06',1164),
(4451,1,'2017-04-08',1164),
(4452,1,'2017-04-10',1164),
(4453,1,'2017-04-15',1164),
(4454,0,'2017-04-17',1164),
(4455,1,'2017-04-22',1164),
(4456,1,'2017-04-24',1164),
(4457,1,'2017-05-01',1164),
(4458,1,'2017-05-08',1164),
(4459,1,'2017-05-22',1164),

(4460,1,'2017-04-06',1165),
(4461,1,'2017-04-08',1165),
(4462,1,'2017-04-10',1165),
(4463,1,'2017-04-15',1165),
(4464,0,'2017-04-17',1165),
(4465,1,'2017-04-22',1165),
(4466,1,'2017-04-24',1165),
(4467,1,'2017-05-01',1165),
(4468,1,'2017-05-08',1165),
(4469,1,'2017-05-22',1165),

(4470,1,'2017-04-06',1166),
(4471,1,'2017-04-08',1166),
(4472,1,'2017-04-10',1166),
(4473,1,'2017-04-15',1166),
(4474,0,'2017-04-17',1166),
(4475,1,'2017-04-22',1166),
(4476,1,'2017-04-24',1166),
(4477,1,'2017-05-01',1166),
(4478,1,'2017-05-08',1166),
(4479,1,'2017-05-22',1166),

(4480,1,'2017-04-06',1167),
(4481,1,'2017-04-08',1167),
(4482,1,'2017-04-10',1167),
(4483,1,'2017-04-15',1167),
(4484,0,'2017-04-17',1167),
(4485,1,'2017-04-22',1167),
(4486,1,'2017-04-24',1167),
(4487,1,'2017-05-01',1167),
(4488,1,'2017-05-08',1167),
(4489,1,'2017-05-22',1167),

(4490,1,'2017-04-06',1168),
(4491,1,'2017-04-08',1168),
(4492,1,'2017-04-10',1168),
(4493,1,'2017-04-15',1168),
(4494,0,'2017-04-17',1168),
(4495,1,'2017-04-22',1168),
(4496,1,'2017-04-24',1168),
(4497,1,'2017-05-01',1168),
(4498,1,'2017-05-08',1168),
(4499,1,'2017-05-22',1168),

(4500,1,'2017-04-06',1169),
(4501,1,'2017-04-08',1169),
(4502,1,'2017-04-10',1169),
(4503,1,'2017-04-15',1169),
(4504,0,'2017-04-17',1169),
(4505,1,'2017-04-22',1169),
(4506,1,'2017-04-24',1169),
(4507,1,'2017-05-01',1169),
(4508,1,'2017-05-08',1169),
(4509,1,'2017-05-22',1169),

(4510,1,'2017-04-06',1170),
(4511,1,'2017-04-08',1170),
(4512,1,'2017-04-10',1170),
(4513,1,'2017-04-15',1170),
(4514,0,'2017-04-17',1170),
(4515,1,'2017-04-22',1170),
(4516,1,'2017-04-24',1170),
(4517,1,'2017-05-01',1170),
(4518,1,'2017-05-08',1170),
(4519,1,'2017-05-22',1170),

(4520,1,'2017-04-06',1171),
(4521,1,'2017-04-08',1171),
(4522,1,'2017-04-10',1171),
(4523,1,'2017-04-15',1171),
(4524,0,'2017-04-17',1171),
(4525,1,'2017-04-22',1171),
(4526,1,'2017-04-24',1171),
(4527,1,'2017-05-01',1171),
(4528,1,'2017-05-08',1171),
(4529,1,'2017-05-22',1171),

(4530,1,'2017-04-06',1172),
(4531,1,'2017-04-08',1172),
(4532,1,'2017-04-10',1172),
(4533,1,'2017-04-15',1172),
(4534,0,'2017-04-17',1172),
(4535,1,'2017-04-22',1172),
(4536,1,'2017-04-24',1172),
(4537,1,'2017-05-01',1172),
(4538,1,'2017-05-08',1172),
(4539,1,'2017-05-22',1172),

(4544,1,'2017-04-06',1180),
(4545,1,'2017-04-08',1180),
(4546,1,'2017-04-10',1180),
(4547,1,'2017-04-15',1180),


(4550,1,'2017-04-06',1173),
(4551,1,'2017-04-08',1173),
(4552,1,'2017-04-10',1173),
(4553,1,'2017-04-15',1173),
(4554,0,'2017-04-17',1173),
(4555,1,'2017-04-22',1173),
(4556,1,'2017-04-24',1173),
(4557,1,'2017-05-01',1173),
(4558,1,'2017-05-08',1173),
(4559,1,'2017-05-22',1173),

(4560,1,'2017-04-06',1174),
(4561,1,'2017-04-08',1174),
(4562,1,'2017-04-10',1174),
(4563,1,'2017-04-15',1174),
(4564,0,'2017-04-17',1174),
(4565,1,'2017-04-22',1174),
(4566,1,'2017-04-24',1174),
(4567,1,'2017-05-01',1174),
(4568,1,'2017-05-08',1174),
(4569,1,'2017-05-22',1174),

(4570,1,'2017-04-06',1175),
(4571,1,'2017-04-08',1175),
(4572,1,'2017-04-10',1175),
(4573,1,'2017-04-15',1175),
(4574,0,'2017-04-17',1175),
(4575,1,'2017-04-22',1175),
(4576,1,'2017-04-24',1175),
(4577,1,'2017-05-01',1175),
(4578,1,'2017-05-08',1175),
(4579,1,'2017-05-22',1175),

(4580,1,'2017-04-06',1176),
(4581,1,'2017-04-08',1176),
(4582,1,'2017-04-10',1176),
(4583,1,'2017-04-15',1176),
(4584,0,'2017-04-17',1176),
(4585,1,'2017-04-22',1176),
(4586,1,'2017-04-24',1176),
(4587,1,'2017-05-01',1176),
(4588,1,'2017-05-08',1176),
(4589,1,'2017-05-22',1176),

(4590,1,'2017-04-06',1177),
(4591,1,'2017-04-08',1177),
(4592,1,'2017-04-10',1177),
(4593,1,'2017-04-15',1177),
(4594,0,'2017-04-17',1177),
(4595,1,'2017-04-22',1177),
(4596,1,'2017-04-24',1177),
(4597,1,'2017-05-01',1177),
(4598,1,'2017-05-08',1177),
(4599,1,'2017-05-22',1177),

(4600,1,'2017-04-06',1178),
(4601,1,'2017-04-08',1178),
(4602,1,'2017-04-10',1178),
(4603,1,'2017-04-15',1178),
(4604,0,'2017-04-17',1178),
(4605,1,'2017-04-22',1178),
(4606,1,'2017-04-24',1178),
(4607,1,'2017-05-01',1178),
(4608,1,'2017-05-08',1178),
(4609,1,'2017-05-22',1178),

(4610,1,'2017-04-06',1179),
(4611,1,'2017-04-08',1179),
(4612,1,'2017-04-10',1179),
(4613,1,'2017-04-15',1179),
(4614,0,'2017-04-17',1179),
(4615,1,'2017-04-22',1179),
(4616,1,'2017-04-24',1179),
(4617,1,'2017-05-01',1179),
(4618,1,'2017-05-08',1179),
(4619,1,'2017-05-22',1179),

(4620,1,'2017-04-06',1181),
(4621,1,'2017-04-08',1181),
(4622,1,'2017-04-10',1181),
(4623,1,'2017-04-15',1181),
(4624,0,'2017-04-17',1181),
(4625,1,'2017-04-22',1181),
(4626,1,'2017-04-24',1181),
(4627,1,'2017-05-01',1181),
(4628,1,'2017-05-08',1181),
(4629,1,'2017-05-22',1181),

(4630,1,'2017-04-06',1182),
(4631,1,'2017-04-08',1182),
(4632,1,'2017-04-10',1182),
(4633,1,'2017-04-15',1182),
(4634,0,'2017-04-17',1182),
(4635,1,'2017-04-22',1182),
(4636,1,'2017-04-24',1182),
(4637,1,'2017-05-01',1182),
(4638,1,'2017-05-08',1182),
(4639,1,'2017-05-22',1182),

(4644,1,'2017-04-06',1183),
(4645,1,'2017-04-08',1183),
(4646,1,'2017-04-10',1183),
(4647,1,'2017-04-15',1183),

(4650,1,'2017-04-06',1184),
(4651,1,'2017-04-08',1184),
(4652,1,'2017-04-10',1184),
(4653,1,'2017-04-15',1184),
(4654,0,'2017-04-17',1184),
(4655,1,'2017-04-22',1184),
(4656,1,'2017-04-24',1184),
(4657,1,'2017-05-01',1184),
(4658,1,'2017-05-08',1184),
(4659,1,'2017-05-22',1184),

(4660,1,'2017-04-06',1185),
(4661,1,'2017-04-08',1185),
(4662,1,'2017-04-10',1185),
(4663,1,'2017-04-15',1185),
(4664,0,'2017-04-17',1185),
(4665,1,'2017-04-22',1185),
(4666,1,'2017-04-24',1185),
(4667,1,'2017-05-01',1185),
(4668,1,'2017-05-08',1185),
(4669,1,'2017-05-22',1185),

(4670,1,'2017-04-06',1186),
(4671,1,'2017-04-08',1186),
(4672,1,'2017-04-10',1186),
(4673,1,'2017-04-15',1186),
(4674,0,'2017-04-17',1186),
(4675,1,'2017-04-22',1186),
(4676,1,'2017-04-24',1186),
(4677,1,'2017-05-01',1186),
(4678,1,'2017-05-08',1186),
(4679,1,'2017-05-22',1186),

(4680,1,'2017-04-06',1187),
(4681,1,'2017-04-08',1187),
(4682,1,'2017-04-10',1187),
(4683,1,'2017-04-15',1187),
(4684,0,'2017-04-17',1187),
(4685,1,'2017-04-22',1187),
(4686,1,'2017-04-24',1187),
(4687,1,'2017-05-01',1187),
(4688,1,'2017-05-08',1187),
(4689,1,'2017-05-22',1187),

(4690,1,'2017-04-06',1188),
(4691,1,'2017-04-08',1188),
(4692,1,'2017-04-10',1188),
(4693,1,'2017-04-15',1188),
(4694,0,'2017-04-17',1188),
(4695,1,'2017-04-22',1188),
(4696,1,'2017-04-24',1188),
(4697,1,'2017-05-01',1188),
(4698,1,'2017-05-08',1188),
(4699,1,'2017-05-22',1188),

(4700,1,'2017-04-06',1189),
(4701,1,'2017-04-08',1189),
(4702,1,'2017-04-10',1189),
(4703,1,'2017-04-15',1189),
(4704,0,'2017-04-17',1189),
(4705,1,'2017-04-22',1189),
(4706,1,'2017-04-24',1189),
(4707,1,'2017-05-01',1189),
(4708,1,'2017-05-08',1189),
(4709,1,'2017-05-22',1189);

-- SQL 14 

INSERT INTO `attendance` (`id`,`isPresent`,`dayAttended`,`enrollment_id`) VALUES
(7000,1,'2016-11-06',1130),
(7001,1,'2016-11-08',1130),
(7002,1,'2016-11-10',1130),
(7003,1,'2016-11-15',1130),
(7004,0,'2016-11-17',1130),
(7005,1,'2016-11-22',1130),
(7006,1,'2016-11-24',1130),
(7007,1,'2016-12-01',1130),
(7008,1,'2016-12-08',1130),
(7009,1,'2016-12-22',1130),
(10100,1,'2016-11-06',1131),
(10101,1,'2016-11-08',1131),
(10102,1,'2016-11-10',1131),
(10103,1,'2016-11-15',1131),
(10104,0,'2016-11-17',1131),
(10105,1,'2016-11-22',1131),
(10106,1,'2016-11-24',1131),
(10107,1,'2016-12-01',1131),
(10108,1,'2016-12-08',1131),
(10109,1,'2016-12-22',1131),
(10420,1,'2016-11-06',1132),
(10421,1,'2016-11-08',1132),
(10422,1,'2016-11-10',1132),
(10423,1,'2016-11-15',1132),
(10424,0,'2016-11-17',1132),
(10425,1,'2016-11-22',1132),
(10426,1,'2016-11-24',1132),
(10427,1,'2016-12-01',1132),
(10428,1,'2016-12-08',1132),
(10429,1,'2016-12-22',1132),
(10444,1,'2016-11-06',1133),
(10445,1,'2016-11-08',1133),
(10446,1,'2016-11-10',1133),
(10447,1,'2016-11-15',1133),
(10450,1,'2016-11-06',1134),
(10451,1,'2016-11-08',1134),
(10452,1,'2016-11-10',1134),
(10453,1,'2016-11-15',1134),
(10454,0,'2016-11-17',1134),
(10455,1,'2016-11-22',1134),
(10456,1,'2016-11-24',1134),
(10457,1,'2016-12-01',1134),
(10458,1,'2016-12-08',1134),
(10459,1,'2016-12-22',1134),
(10460,1,'2016-11-06',1135),
(10461,1,'2016-11-08',1135),
(10462,1,'2016-11-10',1135),
(10463,1,'2016-11-15',1135),
(10464,0,'2016-11-17',1135),
(10465,1,'2016-11-22',1135),
(10466,1,'2016-11-24',1135),
(10467,1,'2016-12-01',1135),
(10468,1,'2016-12-08',1135),
(10469,1,'2016-12-22',1135),
(10470,1,'2016-11-06',1136),
(10471,1,'2016-11-08',1136),
(10472,1,'2016-11-10',1136),
(10473,1,'2016-11-15',1136),
(10474,0,'2016-11-17',1136),
(10475,1,'2016-11-22',1136),
(10476,1,'2016-11-24',1136),
(10477,1,'2016-12-01',1136),
(10478,1,'2016-12-08',1136),
(10479,1,'2016-12-22',1136),
(10480,1,'2016-11-06',1137),
(10481,1,'2016-11-08',1137),
(10482,1,'2016-11-10',1137),
(10483,1,'2016-11-15',1137),
(10484,0,'2016-11-17',1137),
(10485,1,'2016-11-22',1137),
(10486,1,'2016-11-24',1137),
(10487,1,'2016-12-01',1137),
(10488,1,'2016-12-08',1137),
(10489,1,'2016-12-22',1137),
(10490,1,'2016-11-06',1138),
(10491,1,'2016-11-08',1138),
(10492,1,'2016-11-10',1138),
(10493,1,'2016-11-15',1138),
(10494,0,'2016-11-17',1138),
(10495,1,'2016-11-22',1138),
(10496,1,'2016-11-24',1138),
(10497,1,'2016-12-01',1138),
(10498,1,'2016-12-08',1138),
(10499,1,'2016-12-22',1138),
(10500,1,'2016-11-06',1139),
(10501,1,'2016-11-08',1139),
(10502,1,'2016-11-10',1139),
(10503,1,'2016-11-15',1139),
(10504,0,'2016-11-17',1139),
(10505,1,'2016-11-22',1139),
(10506,1,'2016-11-24',1139),
(10507,1,'2016-12-01',1139),
(10508,1,'2016-12-08',1139),
(10509,1,'2016-12-22',1139),
(10510,1,'2016-11-06',1140),
(10511,1,'2016-11-08',1140),
(10512,1,'2016-11-10',1140),
(10513,1,'2016-11-15',1140),
(10514,0,'2016-11-17',1140),
(10515,1,'2016-11-22',1140),
(10516,1,'2016-11-24',1140),
(10517,1,'2016-12-01',1140),
(10518,1,'2016-12-08',1140),
(10519,1,'2016-12-22',1140),
(10520,1,'2016-11-06',1141),
(10521,1,'2016-11-08',1141),
(10522,1,'2016-11-10',1141),
(10523,1,'2016-11-15',1141),
(10524,0,'2016-11-17',1141),
(10525,1,'2016-11-22',1141),
(10526,1,'2016-11-24',1141),
(10527,1,'2016-12-01',1141),
(10528,1,'2016-12-08',1141),
(10529,1,'2016-12-22',1141),
(10530,1,'2016-11-06',1142),
(10531,1,'2016-11-08',1142),
(10532,1,'2016-11-10',1142),
(10533,1,'2016-11-15',1142),
(10534,0,'2016-11-17',1142),
(10535,1,'2016-11-22',1142),
(10536,1,'2016-11-24',1142),
(10537,1,'2016-12-01',1142),
(10538,1,'2016-12-08',1142),
(10539,1,'2016-12-22',1142),
(10544,1,'2016-11-06',1150),
(10545,1,'2016-11-08',1150),
(10546,1,'2016-11-10',1150),
(10547,1,'2016-11-15',1150),
(10550,1,'2016-11-06',1143),
(10551,1,'2016-11-08',1143),
(10552,1,'2016-11-10',1143),
(10553,1,'2016-11-15',1143),
(10554,0,'2016-11-17',1143),
(10555,1,'2016-11-22',1143),
(10556,1,'2016-11-24',1143),
(10557,1,'2016-12-01',1143),
(10558,1,'2016-12-08',1143),
(10559,1,'2016-12-22',1143),
(10560,1,'2016-11-06',1144),
(10561,1,'2016-11-08',1144),
(10562,1,'2016-11-10',1144),
(10563,1,'2016-11-15',1144),
(10564,0,'2016-11-17',1144),
(10565,1,'2016-11-22',1144),
(10566,1,'2016-11-24',1144),
(10567,1,'2016-12-01',1144),
(10568,1,'2016-12-08',1144),
(10569,1,'2016-12-22',1144),
(10570,1,'2016-11-06',1145),
(10571,1,'2016-11-08',1145),
(10572,1,'2016-11-10',1145),
(10573,1,'2016-11-15',1145),
(10574,0,'2016-11-17',1145),
(10575,1,'2016-11-22',1145),
(10576,1,'2016-11-24',1145),
(10577,1,'2016-12-01',1145),
(10578,1,'2016-12-08',1145),
(10579,1,'2016-12-22',1145),
(10580,1,'2016-11-06',1146),
(10581,1,'2016-11-08',1146),
(10582,1,'2016-11-10',1146),
(10583,1,'2016-11-15',1146),
(10584,0,'2016-11-17',1146),
(10585,1,'2016-11-22',1146),
(10586,1,'2016-11-24',1146),
(10587,1,'2016-12-01',1146),
(10588,1,'2016-12-08',1146),
(10589,1,'2016-12-22',1146),
(10590,1,'2016-11-06',1147),
(10591,1,'2016-11-08',1147),
(10592,1,'2016-11-10',1147),
(10593,1,'2016-11-15',1147),
(10594,0,'2016-11-17',1147),
(10595,1,'2016-11-22',1147),
(10596,1,'2016-11-24',1147),
(10597,1,'2016-12-01',1147),
(10598,1,'2016-12-08',1147),
(10599,1,'2016-12-22',1147),
(10600,1,'2016-11-06',1148),
(10601,1,'2016-11-08',1148),
(10602,1,'2016-11-10',1148),
(10603,1,'2016-11-15',1148),
(10604,0,'2016-11-17',1148),
(10605,1,'2016-11-22',1148),
(10606,1,'2016-11-24',1148),
(10607,1,'2016-12-01',1148),
(10608,1,'2016-12-08',1148),
(10609,1,'2016-12-22',1148),
(10610,1,'2016-11-06',1149),
(10611,1,'2016-11-08',1149),
(10612,1,'2016-11-10',1149),
(10613,1,'2016-11-15',1149),
(10614,0,'2016-11-17',1149),
(10615,1,'2016-11-22',1149),
(10616,1,'2016-11-24',1149),
(10617,1,'2016-12-01',1149),
(10618,1,'2016-12-08',1149),
(10619,1,'2016-12-22',1149),
(10620,1,'2016-11-06',1151),
(10621,1,'2016-11-08',1151),
(10622,1,'2016-11-10',1151),
(10623,1,'2016-11-15',1151),
(10624,0,'2016-11-17',1151),
(10625,1,'2016-11-22',1151),
(10626,1,'2016-11-24',1151),
(10627,1,'2016-12-01',1151),
(10628,1,'2016-12-08',1151),
(10629,1,'2016-12-22',1151),
(10630,1,'2016-11-06',1152),
(10631,1,'2016-11-08',1152),
(10632,1,'2016-11-10',1152),
(10633,1,'2016-11-15',1152),
(10634,0,'2016-11-17',1152),
(10635,1,'2016-11-22',1152),
(10636,1,'2016-11-24',1152),
(10637,1,'2016-12-01',1152),
(10638,1,'2016-12-08',1152),
(10639,1,'2016-12-22',1152),
(10644,1,'2016-11-06',1153),
(10645,1,'2016-11-08',1153),
(10646,1,'2016-11-10',1153),
(10647,1,'2016-11-15',1153),
(10650,1,'2016-11-06',1154),
(10651,1,'2016-11-08',1154),
(10652,1,'2016-11-10',1154),
(10653,1,'2016-11-15',1154),
(10654,0,'2016-11-17',1154),
(10655,1,'2016-11-22',1154),
(10656,1,'2016-11-24',1154),
(10657,1,'2016-12-01',1154),
(10658,1,'2016-12-08',1154),
(10659,1,'2016-12-22',1154),
(10660,1,'2016-11-06',1155),
(10661,1,'2016-11-08',1155),
(10662,1,'2016-11-10',1155),
(10663,1,'2016-11-15',1155),
(10664,0,'2016-11-17',1155),
(10665,1,'2016-11-22',1155),
(10666,1,'2016-11-24',1155),
(10667,1,'2016-12-01',1155),
(10668,1,'2016-12-08',1155),
(10669,1,'2016-12-22',1155),
(10670,1,'2016-11-06',1156),
(10671,1,'2016-11-08',1156),
(10672,1,'2016-11-10',1156),
(10673,1,'2016-11-15',1156),
(10674,0,'2016-11-17',1156),
(10675,1,'2016-11-22',1156),
(10676,1,'2016-11-24',1156),
(10677,1,'2016-12-01',1156),
(10678,1,'2016-12-08',1156),
(10679,1,'2016-12-22',1156),
(10680,1,'2016-11-06',1157),
(10681,1,'2016-11-08',1157),
(10682,1,'2016-11-10',1157),
(10683,1,'2016-11-15',1157),
(10684,0,'2016-11-17',1157),
(10685,1,'2016-11-22',1157),
(10686,1,'2016-11-24',1157),
(10687,1,'2016-12-01',1157),
(10688,1,'2016-12-08',1157),
(10689,1,'2016-12-22',1157),
(10690,1,'2016-11-06',1158),
(10691,1,'2016-11-08',1158),
(10692,1,'2016-11-10',1158),
(10693,1,'2016-11-15',1158),
(10694,0,'2016-11-17',1158),
(10695,1,'2016-11-22',1158),
(10696,1,'2016-11-24',1158),
(10697,1,'2016-12-01',1158),
(10698,1,'2016-12-08',1158),
(10699,1,'2016-12-22',1158),
(10700,1,'2016-11-06',1159),
(10701,1,'2016-11-08',1159),
(10702,1,'2016-11-10',1159),
(10703,1,'2016-11-15',1159),
(10704,0,'2016-11-17',1159),
(10705,1,'2016-11-22',1159),
(10706,1,'2016-11-24',1159),
(10707,1,'2016-12-01',1159),
(10708,1,'2016-12-08',1159),
(10709,1,'2016-12-22',1159);

INSERT INTO `attendance` (`id`,`isPresent`,`dayAttended`,`enrollment_id`) VALUES
(7900,1,'2017-11-06',1190),
(7901,1,'2017-11-08',1190),
(7902,1,'2017-11-10',1190),
(7903,1,'2017-11-15',1190),
(7904,0,'2017-11-17',1190),
(7905,1,'2017-11-22',1190),
(7906,1,'2017-11-24',1190),
(7907,1,'2017-12-01',1190),
(7908,1,'2017-12-08',1190),
(7909,1,'2017-12-22',1190),

(11100,1,'2017-11-06',1191),
(11101,1,'2017-11-08',1191),
(11102,1,'2017-11-10',1191),
(11103,1,'2017-11-15',1191),
(11104,0,'2017-11-17',1191),
(11105,1,'2017-11-22',1191),
(11106,1,'2017-11-24',1191),
(11107,1,'2017-12-01',1191),
(11108,1,'2017-12-08',1191),
(11109,1,'2017-12-22',1191),

(11420,1,'2017-11-06',1192),
(11421,1,'2017-11-08',1192),
(11422,1,'2017-11-10',1192),
(11423,1,'2017-11-15',1192),
(11424,0,'2017-11-17',1192),
(11425,1,'2017-11-22',1192),
(11426,1,'2017-11-24',1192),
(11427,1,'2017-12-01',1192),
(11428,1,'2017-12-08',1192),
(11429,1,'2017-12-22',1192),

(11444,1,'2017-11-06',1193),
(11445,1,'2017-11-08',1193),
(11446,1,'2017-11-10',1193),
(11447,1,'2017-11-15',1193),

(11450,1,'2017-11-06',1194),
(11451,1,'2017-11-08',1194),
(11452,1,'2017-11-10',1194),
(11453,1,'2017-11-15',1194),
(11454,0,'2017-11-17',1194),
(11455,1,'2017-11-22',1194),
(11456,1,'2017-11-24',1194),
(11457,1,'2017-12-01',1194),
(11458,1,'2017-12-08',1194),
(11459,1,'2017-12-22',1194),

(11460,1,'2017-11-06',1195),
(11461,1,'2017-11-08',1195),
(11462,1,'2017-11-10',1195),
(11463,1,'2017-11-15',1195),
(11464,0,'2017-11-17',1195),
(11465,1,'2017-11-22',1195),
(11466,1,'2017-11-24',1195),
(11467,1,'2017-12-01',1195),
(11468,1,'2017-12-08',1195),
(11469,1,'2017-12-22',1195),

(11470,1,'2017-11-06',1196),
(11471,1,'2017-11-08',1196),
(11472,1,'2017-11-10',1196),
(11473,1,'2017-11-15',1196),
(11474,0,'2017-11-17',1196),
(11475,1,'2017-11-22',1196),
(11476,1,'2017-11-24',1196),
(11477,1,'2017-12-01',1196),
(11478,1,'2017-12-08',1196),
(11479,1,'2017-12-22',1196),

(11480,1,'2017-11-06',1197),
(11481,1,'2017-11-08',1197),
(11482,1,'2017-11-10',1197),
(11483,1,'2017-11-15',1197),
(11484,0,'2017-11-17',1197),
(11485,1,'2017-11-22',1197),
(11486,1,'2017-11-24',1197),
(11487,1,'2017-12-01',1197),
(11488,1,'2017-12-08',1197),
(11489,1,'2017-12-22',1197),

(11490,1,'2017-11-06',1198),
(11491,1,'2017-11-08',1198),
(11492,1,'2017-11-10',1198),
(11493,1,'2017-11-15',1198),
(11494,0,'2017-11-17',1198),
(11495,1,'2017-11-22',1198),
(11496,1,'2017-11-24',1198),
(11497,1,'2017-12-01',1198),
(11498,1,'2017-12-08',1198),
(11499,1,'2017-12-22',1198),

(11500,1,'2017-11-06',1199),
(11501,1,'2017-11-08',1199),
(11502,1,'2017-11-10',1199),
(11503,1,'2017-11-15',1199),
(11504,0,'2017-11-17',1199),
(11505,1,'2017-11-22',1199),
(11506,1,'2017-11-24',1199),
(11507,1,'2017-12-01',1199),
(11508,1,'2017-12-08',1199),
(11509,1,'2017-12-22',1199),

(11510,1,'2017-11-06',1200),
(11511,1,'2017-11-08',1200),
(11512,1,'2017-11-10',1200),
(11513,1,'2017-11-15',1200),
(11514,0,'2017-11-17',1200),
(11515,1,'2017-11-22',1200),
(11516,1,'2017-11-24',1200),
(11517,1,'2017-12-01',1200),
(11518,1,'2017-12-08',1200),
(11519,1,'2017-12-22',1200),

(11520,1,'2017-11-06',1201),
(11521,1,'2017-11-08',1201),
(11522,1,'2017-11-10',1201),
(11523,1,'2017-11-15',1201),
(11524,0,'2017-11-17',1201),
(11525,1,'2017-11-22',1201),
(11526,1,'2017-11-24',1201),
(11527,1,'2017-12-01',1201),
(11528,1,'2017-12-08',1201),
(11529,1,'2017-12-22',1201),

(11530,1,'2017-11-06',1202),
(11531,1,'2017-11-08',1202),
(11532,1,'2017-11-10',1202),
(11533,1,'2017-11-15',1202),
(11534,0,'2017-11-17',1202),
(11535,1,'2017-11-22',1202),
(11536,1,'2017-11-24',1202),
(11537,1,'2017-12-01',1202),
(11538,1,'2017-12-08',1202),
(11539,1,'2017-12-22',1202),

(11544,1,'2017-11-06',1210),
(11545,1,'2017-11-08',1210),
(11546,1,'2017-11-10',1210),
(11547,1,'2017-11-15',1210),


(11550,1,'2017-11-06',1203),
(11551,1,'2017-11-08',1203),
(11552,1,'2017-11-10',1203),
(11553,1,'2017-11-15',1203),
(11554,0,'2017-11-17',1203),
(11555,1,'2017-11-22',1203),
(11556,1,'2017-11-24',1203),
(11557,1,'2017-12-01',1203),
(11558,1,'2017-12-08',1203),
(11559,1,'2017-12-22',1203),

(11560,1,'2017-11-06',1204),
(11561,1,'2017-11-08',1204),
(11562,1,'2017-11-10',1204),
(11563,1,'2017-11-15',1204),
(11564,0,'2017-11-17',1204),
(11565,1,'2017-11-22',1204),
(11566,1,'2017-11-24',1204),
(11567,1,'2017-12-01',1204),
(11568,1,'2017-12-08',1204),
(11569,1,'2017-12-22',1204),

(11570,1,'2017-11-06',1205),
(11571,1,'2017-11-08',1205),
(11572,1,'2017-11-10',1205),
(11573,1,'2017-11-15',1205),
(11574,0,'2017-11-17',1205),
(11575,1,'2017-11-22',1205),
(11576,1,'2017-11-24',1205),
(11577,1,'2017-12-01',1205),
(11578,1,'2017-12-08',1205),
(11579,1,'2017-12-22',1205),

(11580,1,'2017-11-06',1206),
(11581,1,'2017-11-08',1206),
(11582,1,'2017-11-10',1206),
(11583,1,'2017-11-15',1206),
(11584,0,'2017-11-17',1206),
(11585,1,'2017-11-22',1206),
(11586,1,'2017-11-24',1206),
(11587,1,'2017-12-01',1206),
(11588,1,'2017-12-08',1206),
(11589,1,'2017-12-22',1206),

(11590,1,'2017-11-06',1207),
(11591,1,'2017-11-08',1207),
(11592,1,'2017-11-10',1207),
(11593,1,'2017-11-15',1207),
(11594,0,'2017-11-17',1207),
(11595,1,'2017-11-22',1207),
(11596,1,'2017-11-24',1207),
(11597,1,'2017-12-01',1207),
(11598,1,'2017-12-08',1207),
(11599,1,'2017-12-22',1207),

(11600,1,'2017-11-06',1208),
(11601,1,'2017-11-08',1208),
(11602,1,'2017-11-10',1208),
(11603,1,'2017-11-15',1208),
(11604,0,'2017-11-17',1208),
(11605,1,'2017-11-22',1208),
(11606,1,'2017-11-24',1208),
(11607,1,'2017-12-01',1208),
(11608,1,'2017-12-08',1208),
(11609,1,'2017-12-22',1208),

(11610,1,'2017-11-06',1209),
(11611,1,'2017-11-08',1209),
(11612,1,'2017-11-10',1209),
(11613,1,'2017-11-15',1209),
(11614,0,'2017-11-17',1209),
(11615,1,'2017-11-22',1209),
(11616,1,'2017-11-24',1209),
(11617,1,'2017-12-01',1209),
(11618,1,'2017-12-08',1209),
(11619,1,'2017-12-22',1209),

(11620,1,'2017-11-06',1211),
(11621,1,'2017-11-08',1211),
(11622,1,'2017-11-10',1211),
(11623,1,'2017-11-15',1211),
(11624,0,'2017-11-17',1211),
(11625,1,'2017-11-22',1211),
(11626,1,'2017-11-24',1211),
(11627,1,'2017-12-01',1211),
(11628,1,'2017-12-08',1211),
(11629,1,'2017-12-22',1211),

(11630,1,'2017-11-06',1212),
(11631,1,'2017-11-08',1212),
(11632,1,'2017-11-10',1212),
(11633,1,'2017-11-15',1212),
(11634,0,'2017-11-17',1212),
(11635,1,'2017-11-22',1212),
(11636,1,'2017-11-24',1212),
(11637,1,'2017-12-01',1212),
(11638,1,'2017-12-08',1212),
(11639,1,'2017-12-22',1212),

(11644,1,'2017-11-06',1213),
(11645,1,'2017-11-08',1213),
(11646,1,'2017-11-10',1213),
(11647,1,'2017-11-15',1213),

(11650,1,'2017-11-06',1214),
(11651,1,'2017-11-08',1214),
(11652,1,'2017-11-10',1214),
(11653,1,'2017-11-15',1214),
(11654,0,'2017-11-17',1214),
(11655,1,'2017-11-22',1214),
(11656,1,'2017-11-24',1214),
(11657,1,'2017-12-01',1214),
(11658,1,'2017-12-08',1214),
(11659,1,'2017-12-22',1214),

(11660,1,'2017-11-06',1215),
(11661,1,'2017-11-08',1215),
(11662,1,'2017-11-10',1215),
(11663,1,'2017-11-15',1215),
(11664,0,'2017-11-17',1215),
(11665,1,'2017-11-22',1215),
(11666,1,'2017-11-24',1215),
(11667,1,'2017-12-01',1215),
(11668,1,'2017-12-08',1215),
(11669,1,'2017-12-22',1215),

(11670,1,'2017-11-06',1216),
(11671,1,'2017-11-08',1216),
(11672,1,'2017-11-10',1216),
(11673,1,'2017-11-15',1216),
(11674,0,'2017-11-17',1216),
(11675,1,'2017-11-22',1216),
(11676,1,'2017-11-24',1216),
(11677,1,'2017-12-01',1216),
(11678,1,'2017-12-08',1216),
(11679,1,'2017-12-22',1216),

(11680,1,'2017-11-06',1217),
(11681,1,'2017-11-08',1217),
(11682,1,'2017-11-10',1217),
(11683,1,'2017-11-15',1217),
(11684,0,'2017-11-17',1217),
(11685,1,'2017-11-22',1217),
(11686,1,'2017-11-24',1217),
(11687,1,'2017-12-01',1217),
(11688,1,'2017-12-08',1217),
(11689,1,'2017-12-22',1217),

(11690,1,'2017-11-06',1218),
(11691,1,'2017-11-08',1218),
(11692,1,'2017-11-10',1218),
(11693,1,'2017-11-15',1218),
(11694,0,'2017-11-17',1218),
(11695,1,'2017-11-22',1218),
(11696,1,'2017-11-24',1218),
(11697,1,'2017-12-01',1218),
(11698,1,'2017-12-08',1218),
(11699,1,'2017-12-22',1218),

(11700,1,'2017-11-06',1219),
(11701,1,'2017-11-08',1219),
(11702,1,'2017-11-10',1219),
(11703,1,'2017-11-15',1219),
(11704,0,'2017-11-17',1219),
(11705,1,'2017-11-22',1219),
(11706,1,'2017-11-24',1219),
(11707,1,'2017-12-01',1219),
(11708,1,'2017-12-08',1219),
(11709,1,'2017-12-22',1219);

INSERT INTO `attendance` (`id`,`isPresent`,`dayAttended`,`enrollment_id`) VALUES
(10441,1,'2016-11-22',1133),
(10442,1,'2016-11-24',1133),
(10443,1,'2016-12-01',1133),
(10448,1,'2016-12-08',1133),
(10449,1,'2016-12-22',1133),
(10541,1,'2016-11-22',1150),
(10542,1,'2016-11-24',1150),
(10543,1,'2016-12-01',1150),
(10548,1,'2016-12-08',1150),
(10549,1,'2016-12-22',1150),
(10641,1,'2016-11-22',1153),
(10642,1,'2016-11-24',1153),
(10643,1,'2016-12-01',1153),
(10648,1,'2016-12-08',1153),
(10649,1,'2016-12-22',1153),
(11441,1,'2017-11-22',1193),
(11442,1,'2017-11-24',1193),
(11443,1,'2017-12-01',1193),
(11448,1,'2017-12-08',1193),
(11449,1,'2017-12-22',1193),
(11541,1,'2017-11-22',1210),
(11542,1,'2017-11-24',1210),
(11543,1,'2017-12-01',1210),
(11548,1,'2017-12-08',1210),
(11549,1,'2017-12-22',1210),
(11641,1,'2017-11-22',1213),
(11642,1,'2017-11-24',1213),
(11643,1,'2017-12-01',1213),
(11648,1,'2017-12-08',1213),
(11649,1,'2017-12-22',1213);

-- SQL 15

-- SQL 15

INSERT INTO `user`
(`id`, `password`, `type`, `email`, `firstName`, `lastName`, `address`, `city`, `state`, `country`, `zipCode`, `phoneNumber`, `isLockout`, `second_email`) VALUES
(41001, 'pbkdf2_sha256$120000$eHLk2CDse3nZ$8whlC4N4DF3zo8PongGKK/+Wm23W9jPwWwwPd6P2TEI=', 'S', 'toothM', 'Mage', 'Tooth', '223 Grand Ave', 'Garden City', 'NY', 'USA', '11530', '5165601525', 0, 'geraancino@gmail.com'),
(41002, '1415', 'S','millHs','Harry','Mill','78 Bail Rd','White Plains','NY','USA','11710','9146321550', 0, 'randomemail122@gmail.com'), 
(41003, '1516', 'S','LynerCs','Carl','Lyner','890 Wake Rd', 'Garden City', 'NY', 'USA', '11530', '5169698500', 0, 'randomemail123@gmail.com'),
(41004,'2223','S','GuzmanGs', 'Garry', 'Guzman', '45 Lewis Rd', 'Riverdale', 'NY', 'USA', '11710', '9144507777', 0, 'randomemail124@gmail.com'),
(41005,'1920','S','KurstJs', 'John', 'Kurst', '8500 Jill Rd', 'Hicksville', 'NY', 'USA', '11598', '5168799999', 0, 'randomemail125@gmail.com'),
(41006,'1718','S','AlvaRs', 'Ron', 'Alva', '1212 North Ave', 'Baldwin', 'NY', 'USA', '11570', '5169600000', 0, 'randomemail126@gmail.com'),
(41007,'7878','S','LewisPs', 'Patrice', 'Lewis', '54 Locust Hill', 'Yonkers', 'NY', 'USA', '10710', '9144845554', 0, 'randomemail127@gmail.com'),
(41008,'4747','S','MoonLs', 'Larry', 'Moon', '4788 Liberty Ave', 'Seattle', 'WA', 'USA', '98101', '4258585566', 0, 'randomemail128@gmail.com'),
(41009,'3654','S','MilanOs', 'Opina', 'Milan', '458 Bismark Ct', 'Ocean ', 'CA', 'USA', '93304', '6618511525', 0, 'randomemail129@gmail.com'),
(41010,'3971','S','JuneKs', 'Kelly', 'June', '5468 Rock Pl', 'Yonkers', 'NY', 'USA', '10706', '91456560000', 0, 'randomemail130@gmail.com'),  -- ^ Minor Math ^
(41011,'5586','S','KapiloskiUs', 'Ubert', 'Kapilski', '300 Moon Lane', 'Brooklyn', 'NY', 'USA', '11209', '2129998787', 0, 'randomemail131@gmail.com'),
(41012,'7784','S','LordCs', 'Connie', 'Lord', '227 Place Terrace', 'Queens', 'NY', 'USA', '11405', '7188523636', 0, 'randomemail132@gmail.com'), 
(41013,'7870','S','PewissP', 'Patrice', 'Pewis', '54 Locust Hill', 'Yonkers', 'NY', 'USA', '10710', '9144845554', 0, 'randomemail133@gmail.com'),
(41014,'7411','S','HomerFs', 'Fatima', 'Homer', '65 Little Neck Rd', 'White Stone', 'NY', 'USA', '11406', '2122333636', 0, 'randomemail134@gmail.com'),
(41015,'2512','S','HoltzHs', 'Hazel', 'Holtz', '45688 Hillside', 'Long Beach', 'CA', 'USA', '27012', '9085839696', 0, 'randomemail135@gmail.com'),
(41016,'1136','S','GordonHs', 'Harriett', 'Gordon', '45 Pine St', 'Valley Stream', 'NY', 'USA', '11881', '5169898989', 0, 'randomemail136@gmail.com'), 
(41017,'2364','S','BursonFs', 'Fanny', 'Burson', '1075 Court Lane', 'Connecticut', 'NY', 'USA', '06002', '2037898888', 0, 'randomemail137@gmail.com'),
(41018,'9713','S','VasquezLs', 'Letty', 'Vasquez', '14 Caryl Rd', 'FishKill', 'NY', 'USA', '12524', '8459708711', 0, 'randomemail138@gmail.com'),
(41019,'3698','S','MayorIs', 'Irma', 'Mayor', '14 Capital Lane', 'Wishkill', 'WI', 'USA', '00081', '7060555600', 0, 'randomemail1139@gmail.com'),
(41020,'9636','S','CastroJs', 'Jeannie', 'Castro', '568 Pine Lane', 'Hartford', 'NY', 'USA', '06004', '2031414578', 0, 'randomemail140@gmail.com'),
(41101,'9640','S','brownJs','Joe', 'Brown', '223 Grand Ave', 'Garden City', 'NY', 'USA', '11530', '5165601525', 0, 'randomemail141@gmail.com'), -- Chemical Engineering Juniors
(41102,'1112','S','PolaskiDs', 'Nancy', 'Polaski', '5221 Newton Street', 'Farmingdale', 'NY', 'USA', '11472', '3491223132', 0, 'randomemail142@gmail.com'),
(41103,'5678','S','ChungMs', 'Mari', 'Chung', '101 Main St', 'Lynbrrok', 'NY', 'USA', '11563', '5167907070',  0, 'randomemail143@gmail.com'),
(41104,'1113','S','ChevyDs', 'Dan', 'Chevy', '530 Newton Street', 'St Cloud', 'MN', 'USA', '11148', '3202912312',0, 'randomemail144@gmail.com'),
(41105,'1114','S','HammerDs', 'Dave', 'Hammer', '554 Hill St', 'Garden City', 'NY', 'USA', '11560', '5164545123', 0, 'randomemai145@gmail.com'),
(41106,'1115','S','Patps', 'Patrick', 'Pat', '11th Ave', 'New York', 'NY', 'USA', '11022', '2475684723', 0, 'randomemail146@gmail.com'),
(41107,'1116','S','LewisQ', 'Corriene', 'Lewis', '87 Fair Mountain', 'Horton', 'NY', 'USA', '11212', '7188772431', 0, 'randomemail147@gmail.com'),
(41108,'1117','S','AdmasQ', 'Kiara', 'Admas', '4512 Mill Rd', 'Saw Mill', 'NY', 'USA', '11723', '9144506323', 0, 'randomemail148@gmail.com'),
(41109,'1118','S','RoseQ', 'Frank', 'Rose', '323 George Rd', 'Portchester', 'NY', 'USA', '11742', '9195857764',0, 'randomemail149@gmail.com'),
(41110,'1119','S','SamsQ', 'Adam', 'Sams', '600 Valentine Lane', 'Freeport', 'NY', 'USA', '11545', '5164141211', 0, 'randomemail150@gmail.com'),
(41111,'1211','S','CollonsE', 'Edwin', 'Collins', '134 Cherry Road', 'New Rochelle', 'NY', 'USA', '10802', '9146574432', 0, 'randomemail151@gmail.com'),
(41112,'1212','S','PetrovskyQ', 'Conrad', 'Petrovsky', '65 Harvest Lane', 'Yonkers', 'NY', 'USA', '10704', '9145646677', 0, 'randomemail152@gmail.com'),
(41113,'1213','S','WestEe', 'Emily', 'West', '44 Green Street', 'Garden City', 'NY', 'USA', '11530', '5162430910', 0, 'randomemail153@gmail.com'),
(41114,'1214','S','LeviBE', 'Beatrice', 'Levi', '11 Shell Avenue', 'Port Jefferson', 'NY', 'USA', '11777', '6312231974', 0, 'randomemail154@gmail.com'),
(41115,'1215','S','HansonSs', 'Sue', 'Hanson', '642 Rose Lane', 'Hempstead', 'NY', 'USA', '11530', '5169881012', 0, 'randomemail155@gmail.com'),
(41116,'1216','S','DowlingSs', 'Sandy', 'Dowling', '64 Washington Boulevard', 'Mineola', 'NY', 'USA', '11501', '5167554315', 0, 'randomemail156@gmail.com'),
(41117,'1217','S','DavisCQ', 'Cristopher', 'Davis', '2394 Frum Street', 'Dickson', 'TN', 'USA', '37055', '6153266921', 0, 'randomemail157@gmail.com'),
(41118,'1218','S','DesrosiersRB', 'Rebecca', 'Desrosiers', '3517 Centennial Farm Road', 'Wall Lake', 'IA', 'USA', '51466', '7126640082', 0, 'randomemail158@gmail.com'),
(41119,'1219','S','DicksonJO', 'Jeff', 'Dickson', '1410 Zappia Drive', 'Lexington', 'KY', 'USA', '40507', '8593681491', 0, 'randomemail159@gmail.com'),
(41120,'1220','S','TregreLO', 'Linh', 'Tregre', '2518 Cedarstone Drive', 'Defiance', 'OH', 'USA', '43512', '4194984411',0, 'randomemail160@gmail.com'),
(41201,'pbkdf2_sha256$150000$LZzTo2xc3Zwd$qM/uFkJ1qCJypiGFOR/3EDsJ1ZummPfZDbPrpGKurE8=','S','GertzQ', 'George', 'Gertz', '1092 Pooh Bear Lane', 'Greenville', 'SC', 'USA', '29607', '8647064684', 0, 'randomemail161@gmail.com'), -- Computer Engineering Freshmen
(41202,'1120','S','ChuckRA', 'Rose', 'Chuck', '232 Hammer St', 'Hicksville', 'NY', 'USA', '11801', '5168291212', 0, 'randomemail162@gmail.com'),
(41203,'1121','S','mathewKA', 'Kill', 'mathew', '334 Park Ave', 'Union', 'PA', 'USA', '20560', '7065669923', 0, 'randomemail163@gmail.com'),
(41204,'1122','S','CriagDA', 'Denna', 'Criag', '549 Moonside St', 'Valley Stream', 'NY', 'USA', '11580', '5166238080', 0, 'randomemail164@gmail.com'),
(41205,'1123','S','ParkJS', 'John', 'Park', '2128 Golf Rd', 'New Rochelle', 'NY', 'USA', '10530', '9145251092', 0, 'randomemail165@gmail.com'),
(41206,'1124','S','DanteRS', 'Rilley', 'Dante', '691 Hill Ave', 'Toronto', 'CA', 'Canada', '0015', '5165554212', 0, 'randomemail166@gmail.com'),
(41207,'1222','S','HillsCS', 'Caleb', 'Hills', '2610 Angie Drive', 'Huntington Beach', 'CA', 'USA', '92648', '7149608153', 0, 'randomemail167@gmail.com'),
(41208,'1223','S','McGeeBS', 'Betty', 'McGee', '1513 Bates Brothers Road', 'Columbus', 'OH', 'USA', '43204', '6143084533', 0, 'randomemail168@gmail.com'),
(41209,'1224','S','CardenasKS', 'Kecia', 'Cardenas', '484 Huntz Lane', 'Acton', 'MA', 'USA', '01720', '9786061225', 0, 'randomemail169@gmail.com'),
(41210,'1225','S','BermudezGS', 'George', 'Bermudez', '2224 Marietta Street', 'Oakland', 'CA', 'USA', '94612', '7075977671', 0, 'randomemail170@gmail.com'),
(41211,'1226','S','FarrellDS', 'Don', 'Farrell', '2884 Lakewood Drive', 'Fair Lawn', 'NJ', 'USA', '07410', '2017964116', 0, 'randomemail171@gmail.com'),
(41212,'1227','S','BurtonMS', 'Maria', 'Burton', '707 Anmoore Road', 'Staten Island', 'NY', 'USA', '10314', '7187616915',0, 'randomemail172@gmail.com'),
(41213,'1228','S','HoltonDS', 'Donald', 'Holton', '2291 Martha Ellen Drive', 'Elko', 'NV', 'USA', '89801', '7757388174', 0, 'randomemail173@gmail.com'),
(41214,'1229','S','WardSS', 'Sasha', 'Ward', '690 Golf Course Drive', 'Manassas', 'VA', 'USA', '22110', '7033358491', 0, 'randomemail174@gmail.com'),
(41215,'1230','S','ShintaniKSS', 'Kisa', 'Shintani', '42 Goosetown Drive', 'Taylorsville', 'NC', 'USA', '28681', '8286355900', 0, 'randomemail175@gmail.com'),
(41216,'1231','S','HamadaSA', 'Sahara', 'Hamada', '806 Stratford Park', 'Terre Haute', 'IN', 'USA', '47805', '8128724626', 0, 'randomemail176@gmail.com'),
(41217,'1232','S','TaketouIA', 'Isae', 'Taketou', '2125 Lake Road', 'Egg Harbor', 'NJ', 'USA', '08232', '6094120025', 0, 'randomemail177@gmail.com'),
(41218,'1233','S','MotsuzukiRA', 'Ryou', 'Motsuzuki', '679 Jadewood Drive', 'South Bend', 'IN', 'USA', '46601', '2199734248', 0, 'randomemail178@gmail.com'),
(41219,'1234','S','MunguiaOA', 'Ozias', 'Munguia', '720 Hawks Nest Lane', 'Saint Louis', 'MO', 'USA', '63101', '3146788245', 0, 'randomemail179@gmail.com'),
(41220,'1235','S','GranadosSA', 'Sibila', 'Granados', '2899 Apple Lane', 'San Jose', 'IL', 'USA', '62682', '3092477424', 0, 'randomemail180@gmail.com'),
(41301,'1236','S','HallGA', 'Sibila', 'Granados', '184 Heatherleigh', 'Cooksville', 'ON', 'Canada', 'L5A 1V9', '9058975797', 0, 'randomemail181@gmail.com'), -- Computer Engineering Juniors
(41302,'1130','S','MollyDA', 'Dolly', 'Molly', '549 Moonside St', 'Valley Stream', 'NY', 'USA', '11580', '5166238080', 0, 'randomemail182@gmail.com'),
(41303,'1131','S','MollyEA', 'Ellen', 'Molly', '5442 Moonside St', 'Valley Stream', 'NY', 'USA', '11580', '5166238080', 0, 'randomemail183@gmail.com'),
(41304,'1140','S','HarrisonPA', 'Patrick', 'Harrison', '542 Hill St', 'Garden City', 'NY', 'USA', '11560', '5164545211', 0, 'randomemail184@gmail.com'),
(41305,'1141','S','TylerWO', 'Walter', 'Tyler', '51th Ave', 'New York', 'NY', 'USA', '11020', '2475684723', 0, 'randomemail185@gmail.com'),
(41306,'1142','S','BourneJO', 'Jason', 'Bourne', '2123 Golf Rd', 'New Rochelle', 'NY', 'USA', '10530', '9145251231', 0, 'randomemail186@gmail.com'),
(41307,'1237','S','EberhardtJO', 'Juliane', 'Eberhardt', '388 Custer Street', 'Chicago', 'IL', 'USA', '60607', '8152155274', 0, 'randomemail187@gmail.com'),
(41308,'1238','S','SalibTA', 'Tareef', 'Salib', '4397 Pin Oak Drive', 'Pomona', 'CA', 'USA', '91766', '5629993704', 0, 'randomemail188@gmail.com'),
(41309,'1239','S','TumaAA', 'Ajib', 'Tuma', '3462 Huntz Lane', 'Cambridge', 'MA', 'USA', '02141', '9786073839', 0, 'randomemail189@gmail.com'),
(41310,'1240','S','BisharaWA', 'Waliy', 'Bishara', '104 Poplar Street', 'Burr Ridge', 'IL', 'USA', '61257', '7087277744',0, 'randomemail190@gmail.com'),
(41311,'1241','S','MarounAA', 'Ataa', 'Maroun', '1511 Hoffman Avenue', 'New York', 'NY', 'USA', '10003', '9179614688', 0, 'randomemail191@gmail.com'),
(41312,'1242','S','StankovicTA', 'Teo', 'Stankovic', '1481 Baker Avenue', 'Dallas', 'TX', 'USA', '75244', '8178937793', 0, 'randomemail192@gmail.com'),
(41313,'1243','S','JepsenRA', 'Rikke', 'Jepsen', '1093 Snowbird Lane', 'Hooper', 'NE', 'USA', '68031', '4026545363', 0, 'randomemail193@gmail.com'),
(41314,'1244','S','JoudaSA', 'Sai', 'Jouda', '4918 Oakmound Drive', 'Chicago', 'IL', 'USA', '60605', '7733517885', 0, 'randomemail194@gmail.com'),
(41315,'1245','S','EndoOA', 'Otohiko', 'Endo', '1613 Deans Lane', 'Fairview Park', 'NY', 'USA', '10603', '9147892888', 0, 'randomemail195@gmail.com'),
(41316,'1246','S','SandovalGA', 'George', 'Sandoval', '4889 Glen Street', 'Brandenburg', 'KY', 'USA', '40108', '2704227409', 0, 'randomemail196@gmail.com'),
(41317,'1247','S','CooleyAA', 'Alfred', 'Cooley', '4884 John Avenue', 'East Lansing', 'MI', 'USA', '48823', '5179250756', 0, 'randomemail197@gmail.com'), 
(41318,'1248','S','LockhartJA', 'James', 'Lockhart', '3603 Warner Street', 'Miami', 'FL', 'USA', '33169', '3059926675', 0, 'randomemail198@gmail.com'),
(41319,'1249','S','RiddleBA', 'Betty', 'Riddle', '607 August Lane', 'Shreveport', 'LA', 'USA', '71101', '318-461-3457', 0, 'randomemail199@gmail.com'),
(41320,'1250','S','ChenNB','Nick','Chen','222 store hill rd','old westbury','NY','USA','11568','9293008381', 0, 'randomemail1100gmail.com'),
(41401,'1150','S','BrownJeB', 'Jennifer', 'Brown', '4520 Mill Rd', 'Saw Mill', 'NY', 'USA', '11760', '9144506551', 0, 'randomemail1101@gmail.com'), -- Electrical Grad Fresh
(41402,'1151','S','WilliamsMA', 'Mary', 'Williams', '310 George Rd', 'Portchester', 'NY', 'USA', '11789', '9195857621', 0, 'randomemail1102@gmail.com'),
(41403,'1152','S','JonesMA', 'Mary', 'Jones', '102 Main St', 'Lynbrrok', 'NY', 'USA', '11563', '5167900623', 0, 'randomemail1103@gmail.com'),
(41404,'1153','S','BrownDA', 'Dave', 'Brown', '5421 Hill St', 'Garden City', 'NY', 'USA', '11560', '5164545521', 0, 'randomemail1104@gmail.com'),
(41405,'1154','S','MiaNA', 'Nazir', 'Mia', '100th Ave', 'New York', 'NY', 'USA', '11020', '2475682222', 0, 'randomemail1105@gmail.com'),
(41406,'1155','S','VasquezCA', 'Connia', 'Vasquez', '812 Fair View', 'Horton', 'NY', 'USA', '11400', '7188774121', 0, 'randomemail1106@gmail.com'),
(41407,'1251','S', 'NashSA', 'Sergia', 'Nash', '433 Golden Street', 'Miami', 'FL', 'USA', '33143', '3056616606', 0, 'randomemail1107@gmail.com'),
(41408,'1252','S','ThompsonMA', 'Marys', 'Thompson', '4589 Windy Ridge Road', 'Fort Wayne', 'IN', 'USA', '46805', '2604719988', 0, 'randomemail1108@gmail.com'),
(41409,'1253','S','FlemingKA', 'Kathryns', 'Fleming', '4478 Myra Street', 'Providence', 'RI', 'USA', '02906', '4015599812', 0, 'randomemail109@gmail.com'),
(41410,'1254','S','CatheyCA', 'Constances', 'Cathey', '190 Hiddenview Drive', 'Portland', 'PA', 'USA', '97205', '2159261768', 0, 'randomemail1110@gmail.com'),
(41411,'1160','S','ChaseLA', 'Loranes', 'Chase', '4500 Mill Rd', 'Saw Mill', 'FL', 'USA', '11760', '9144506511', 0, 'randomemail1111@gmail.com'), -- Electrical Grad Junior
(41412,'1161','S','QueensTA', 'Tellys', 'Queens', '321 George Rd', 'Portchester', 'NY', 'USA', '11789', '9195857212', 0, 'randomemail1112@gmail.com'),
(41413,'1162','S','JamesPA', 'Pollys', 'James', '67 Valentine Lane', 'Freeport', 'NY', 'USA', '11545', '5164141112', 0, 'randomemail1113@gmail.com'),
(41414,'1163','S','MarciaAP', 'Anthonyl', 'Marcia', '34 Valentine Lane', 'Freeport', 'NY', 'USA', '11545', '5164569912', 0, 'randomemail1114@gmail.com'),
(41415,'1164','S','ChenHAP', 'Hat', 'Chsen', '59 Moonside St', 'Valley Stream', 'NY', 'USA', '11580', '5166338021', 0, 'randomemail1115@gmail.com'),
(41416,'1165','S','RobertsJA', 'Janse', 'Roberts', '258 Golf Rd', 'New Rochelle', 'NY', 'USA', '10530', '9145257121', 0, 'randomemail1116@gmail.com'),
(41417,'1255','S','choiksA','Ken','Chsoi','221 hill rd','old westbury','NY','USA','11568','9293008388', 0, 'randomemail1117@gmail.com'), 
(41418,'1256','S','choinsA','Nick','Cshoi','225 hill rd','old westbury','NY','USA','11568','5165556666', 0, 'randomemail1118@gmail.com'),
(41419,'1257','S','zhenssA','steve','szhen','220 store rd','old westbury','NY','USA','11568','5166203320', 0, 'randomemail1119@gmail.com'),
(41420,'1258','S','tangjsA','jenny','stang','110 store rd','old westbury','NY','USA','11568','9298883868', 0, 'randomemail1120@gmail.com');

INSERT INTO `student` (`user_id`,`isUndergrad`) VALUES
(41002,1),
(41003,1),
(41004,1),
(41005,1),
(41006,1),
(41007,1),
(41008,1),
(41009,1),
(41010,1),
(41011,1),
(41012,1),
(41013,1),
(41014,1),
(41015,1),
(41016,1),
(41017,1),
(41018,1),
(41019,1),
(41020,1),
(41101,1),
(41102,1),
(41103,1),
(41104,1),
(41105,1),
(41106,1),
(41107,1),
(41108,1),
(41109,1),
(41110,1),
(41111,1),
(41112,1),
(41113,1),
(41114,1),
(41115,1),
(41116,1),
(41117,1),
(41118,1),
(41119,1),
(41120,1),
(41201,1),
(41202,1),
(41203,1),
(41204,1),
(41205,1),
(41206,1),
(41207,1),
(41208,1),
(41209,1),
(41210,1),
(41211,1),
(41212,1),
(41213,1),
(41214,1),
(41215,1),
(41216,1),
(41217,1),
(41218,1),
(41219,1),
(41220,1),
(41301,1),
(41302,1),
(41303,1),
(41304,1),
(41305,1),
(41306,1),
(41307,1),
(41308,1),
(41309,1),
(41310,1),
(41311,1),
(41312,1),
(41313,1),
(41314,1),
(41315,1),
(41316,1),
(41317,1),
(41318,1),
(41319,1),
(41320,1),
(41401,1),
(41402,1),
(41403,1),
(41404,1),
(41405,1),
(41406,1),
(41407,1),
(41408,1),
(41409,1),
(41410,1),
(41411,1),
(41412,1),
(41413,1),
(41414,1),
(41415,1),
(41416,1),
(41417,1),
(41418,1),
(41419,1),
(41420,1);

INSERT INTO `student` (`user_id`,`isUndergrad`) VALUES
(41001,1);

INSERT INTO `enrollment`(`id`,`dateEnrolled`,`course_section_id`,`student_id`) VALUES
(2100, 20160320, 20072, 41001),
(2101, 20160320, 20073, 41001),
(2102, 20160320, 20074, 41001),
(2103, 20160320, 20075, 41001),
(2104, 20161020, 20023, 41001),
(2105, 20161020, 20022, 41001),
(2106, 20161020, 20001, 41001),
(2107, 20170320, 20079, 41001),
(2108, 20170320, 20081, 41001),
(2109, 20170320, 21019, 41001),
(2110, 20170320, 21021, 41001),
(2111, 20171020, 30025, 41001),
(2112, 20171020, 30019, 41001),
(2113, 20180320, 20088, 41001),
(2114, 20180320, 20089, 41001),
(2115, 20180320, 20086, 41001),
(2116, 20181020, 20066, 41001),
(2117, 20181020, 20069, 41001),
(2118, 20181020, 20082, 41001),
(2119, 20190320, 20071, 41001),
(2120, 20190320, 41015, 41001),
(2121, 20190320, 41030, 41001),
(2122, 20190320, 41031, 41001);

INSERT INTO `grade` (`id`,`type`,`letterGrade`,`course_section_id`,`student_id`) VALUES
(8000,'M','B',20072,41001), 
(8001,'F','A',20072,41001),
(8002,'M','B',20073,41001),
(8003,'F','A',20073,41001),
(8004,'M','B',20074,41001),
(8005,'F','A',20074,41001),
(8006,'M','C',20075,41001),
(8007,'F','A',20075,41001),
(8008,'M','C',20023,41001),
(8009,'F','A',20023,41001),
(8010,'M','B',20022,41001),
(8011,'F','A',20022,41001),
(8012,'M','C',20001,41001),
(8013,'F','A',20001,41001),
(8014,'M','A',20079,41001),
(8015,'F','F',20079,41001),
(8016,'M','A',20081,41001),
(8017,'F','F',20081,41001),
(8018,'M','A',21019,41001),
(8019,'F','A',21019,41001),
(6000,'M','B',21021,41001), 
(6001,'F','A',21021,41001),
(6002,'M','B',30025,41001),
(6003,'F','A',30025,41001),
(6004,'M','B',30019,41001),
(6005,'F','A',30019,41001),
(6006,'M','C',20088,41001),
(6007,'F','A',20088,41001),
(6008,'M','C',20089,41001),
(6009,'F','F',20089,41001),
(6010,'M','B',20086,41001),
(6011,'F','A',20086,41001),
(6012,'M','C',20066,41001),
(6013,'F','A',20066,41001),
(6014,'M','A',20069,41001),
(6015,'F','A',20069,41001),
(6016,'M','A',20082,41001),
(6017,'F','A',20082,41001),
(6018,'M','A',20071,41001),
(6019,'F','A',20071,41001),
(6112,'M','C',41015,41001),
(6113,'F','A',41015,41001),
(6114,'M','A',41030,41001),
(6115,'F','A',41030,41001),
(6116,'M','A',41031,41001),
(6117,'F','A',41031,41001);

INSERT INTO `transcript` (`id`, `gradeReceived`, `year`, `season`, `course_id`, `student_id`) VALUES
(7001, 'A', 2016, 'SP', 'GE101', 41001),
(7002, 'A', 2016, 'SP', 'MA110', 41001),
(7003, 'A', 2016, 'SP', 'MA111', 41001),
(7004, 'A', 2016, 'SP', 'GE102', 41001),
(7005, 'A', 2016, 'F', 'HU103', 41001),
(7006, 'A', 2016, 'F', 'HU101', 41001),
(7007, 'A', 2016, 'F', 'CE110', 41001),
(7008, 'F', 2017, 'SP','GE104', 41001),
(7009, 'F', 2017, 'SP','GE105', 41001),
(7010, 'A', 2017, 'SP','HU102', 41001),
(7011, 'A', 2017, 'SP','HU104', 41001),
(7012, 'A', 2017, 'F', 'PH102', 41001),
(7013, 'A', 2017, 'F', 'MA224', 41001),
(7014, 'A', 2018, 'SP','GE108', 41001),
(7015, 'F', 2018, 'SP', 'GE109', 41001),
(7016, 'A', 2018, 'SP', 'MA303', 41001),
(7017, 'A', 2018, 'F', 'GE104', 41001),
(7018, 'A', 2018, 'F', 'GE105', 41001),
(7019, 'A', 2018, 'F', 'MA240', 41001),
(7020, 'A', 2019, 'SP', 'GE109', 41001),
(7021, 'A', 2019, 'SP', 'MA113', 41001),
(7022, 'A', 2019, 'SP', 'EE150', 41001),
(7023, 'A', 2019, 'SP', 'EE160', 41001);


INSERT INTO `major_requirement` (`id`,`major_id`,`course_id`) VALUES
(1, 4, 'PH101'),
(2, 4, 'PH102');
INSERT INTO `major_requirement` (`id`,`major_id`,`course_id`) VALUES
(500, 4, 'PH103');
-- spr 2016
INSERT INTO `enrollment`(`id`,`dateEnrolled`,`course_section_id`,`student_id`) VALUES
(2501,'2016-02-20',20072,41002),
(2502,'2016-02-20',20072,41003),
(2503,'2016-02-20',20072,41004),
(2504,'2016-02-20',20072,41005),
(2505,'2016-02-20',20072,41006),
(2506,'2016-02-20',20072,41007),
(2507,'2016-02-20',20072,41008),
(2508,'2016-02-20',20072,41009),
(2509,'2016-02-20',20072,41010),
(2510,'2016-02-20',20072,41011),
(2511,'2016-02-20',20072,41012),
(2512,'2016-02-20',20072,41013),
(2513,'2016-02-20',20072,41014),
(2514,'2016-02-20',20072,41015),
(2515,'2016-02-20',20072,41016),
(2516,'2016-02-20',20072,41017),
(2517,'2016-02-20',20072,41018),
(2518,'2016-02-20',20072,41019),
(2519,'2016-02-20',20072,41020);
INSERT INTO `enrollment`(`id`,`dateEnrolled`,`course_section_id`,`student_id`) VALUES
(2521,'2016-02-20',20073,41002),

(2522,'2016-02-20',20073,41003),

(2523,'2016-02-20',20073,41004),

(2524,'2016-02-20',20073,41005),

(2525,'2016-02-20',20073,41006),

(2526,'2016-02-20',20073,41007),

(2527,'2016-02-20',20073,41008),

(2528,'2016-02-20',20073,41009),

(2529,'2016-02-20',20073,41010),

(2530,'2016-02-20',20073,41011),

(2531,'2016-02-20',20073,41012),

(2532,'2016-02-20',20073,41013),

(2533,'2016-02-20',20073,41014),

(2534,'2016-02-20',20073,41015),

(2535,'2016-02-20',20073,41016),

(2536,'2016-02-20',20073,41017),

(2537,'2016-02-20',20073,41018),

(2538,'2016-02-20',20073,41019);
-- fall 2016
INSERT INTO `enrollment`(`id`,`dateEnrolled`,`course_section_id`,`student_id`) VALUES
(2540,'2016-02-20',20074,41002),

(2541,'2016-02-20',20074,41003),

(2542,'2016-02-20',20074,41004),

(2543,'2016-02-20',20074,41005),

(2544,'2016-02-20',20074,41006),

(2545,'2016-02-20',20074,41007),

(2546,'2016-02-20',20074,41008),

(2547,'2016-02-20',20074,41009),

(2548,'2016-02-20',20074,41010),

(2549,'2016-02-20',20074,41011),

(2550,'2016-02-20',20074,41012),

(2551,'2016-02-20',20074,41013),

(2552,'2016-02-20',20074,41014),

(2553,'2016-02-20',20074,41015),

(2554,'2016-02-20',20074,41016),

(2555,'2016-02-20',20074,41017),

(2556,'2016-02-20',20074,41018),

(2557,'2016-02-20',20074,41019);

INSERT INTO `enrollment`(`id`,`dateEnrolled`,`course_section_id`,`student_id`) VALUES
(2558,'2016-02-20',20075,41002),

(2559,'2016-02-20',20075,41003),

(2560,'2016-02-20',20075,41004),

(2561,'2016-02-20',20075,41005),

(2562,'2016-02-20',20075,41006),

(2563,'2016-02-20',20075,41007),

(2564,'2016-02-20',20075,41008),

(2565,'2016-02-20',20075,41009),

(2566,'2016-02-20',20075,41010),

(2567,'2016-02-20',20075,41011),

(2568,'2016-02-20',20075,41012),

(2569,'2016-02-20',20075,41013),

(2570,'2016-02-20',20075,41014),

(2571,'2016-02-20',20075,41015),

(2572,'2016-02-20',20075,41016),

(2573,'2016-02-20',20075,41017),

(2574,'2016-02-20',20075,40018),

(2575,'2016-02-20',20075,41019),

(2576,'2016-02-20',20075,41020);

INSERT INTO `enrollment`(`id`,`dateEnrolled`,`course_section_id`,`student_id`) VALUES
(3656,'2016-06-20',20001,41101),
(2577,'2016-06-20',20002,41101),
(2578,'2016-06-20',20003,41101),
(2579,'2016-06-20',20004,41101),
(2580,'2016-06-20',20005,41101),
(2581,'2016-06-20',20006,41101),
(2582,'2016-06-20',20007,41101),
(2583,'2016-06-20',20008,41101),
(2584,'2016-06-20',20009,41101),
(2585,'2016-06-20',20010,41101),
(2586,'2016-06-20',20011,41101),
(2587,'2016-06-20',20012,41101),
(2588,'2016-06-20',20013,41101),
(2589,'2016-06-20',20014,41101),
(2590,'2016-06-20',20015,41101),
(2591,'2016-06-20',20016,41101),
(2592,'2016-06-20',20017,41101),
(2593,'2016-06-20',20018,41101),
(2594,'2016-06-20',20019,41101),
(2595,'2016-06-20',20020,41101),
(2596,'2016-06-20',20021,41101),
(2597,'2016-06-20',20022,41101),
(2598,'2016-06-20',20023,41101),
(2599,'2016-06-20',20024,41101),
(2600,'2016-06-20',20025,41101),
(2601,'2016-06-20',20026,41101),
(2602,'2016-06-20',20027,41101),
(2603,'2016-06-20',20028,41101),
(2604,'2016-06-20',20029,41101),
(2605,'2016-06-20',20030,41101),
(2606,'2016-06-20',20031,41101),
(2607,'2016-06-20',20032,41101),
(2608,'2016-06-20',20033,41101),
(2609,'2016-06-20',20034,41101),
(2610,'2016-06-20',20035,41101),
(2611,'2016-06-20',20036,41101),
(2612,'2016-06-20',20037,41101),
(2613,'2016-06-20',20038,41101),
(2614,'2016-06-20',20039,41101),
(2615,'2016-06-20',20040,41101),
(2616,'2016-06-20',20041,41101),
(2617,'2016-06-20',20042,41101),
(2618,'2016-06-20',20043,41101),
(2619,'2016-06-20',20044,41101),
(2625,'2016-06-20',20050,41101),
(2626,'2016-06-20',20051,41101),
(2627,'2016-06-20',20052,41101),
(2628,'2016-06-20',20053,41101),
(2629,'2016-06-20',20054,41101),

(2630,'2016-06-20',20001,41102),
(2631,'2016-06-20',20002,41102),
(2632,'2016-06-20',20003,41102),
(2633,'2016-06-20',20004,41102),
(2634,'2016-06-20',20005,41102),
(2635,'2016-06-20',20006,41102),
(2636,'2016-06-20',20007,41102),
(2637,'2016-06-20',20008,41102),
(2638,'2016-06-20',20009,41102),
(2639,'2016-06-20',20010,41102),
(2640,'2016-06-20',20011,41102),
(2641,'2016-06-20',20012,41102),
(2642,'2016-06-20',20013,41102),
(2643,'2016-06-20',20014,41102),
(2644,'2016-06-20',20015,41102),
(2645,'2016-06-20',20016,41102),
(2646,'2016-06-20',20017,41102),
(2647,'2016-06-20',20018,41102),
(2648,'2016-06-20',20019,41102),
(2649,'2016-06-20',20020,41102),
(2650,'2016-06-20',20021,41102),
(2651,'2016-06-20',20022,41102),
(2652,'2016-06-20',20023,41102),
(2653,'2016-06-20',20024,41102),
(2654,'2016-06-20',20025,41102),
(2655,'2016-06-20',20026,41102),
(2656,'2016-06-20',20027,41102),
(2657,'2016-06-20',20028,41102),
(2658,'2016-06-20',20029,41102),
(2659,'2016-06-20',20030,41102),
(2660,'2016-06-20',20031,41102),
(2661,'2016-06-20',20032,41102),
(2662,'2016-06-20',20033,41102),
(2663,'2016-06-20',20034,41102),
(2664,'2016-06-20',20035,41102),
(2665,'2016-06-20',20036,41102),
(2666,'2016-06-20',20037,41102),
(2667,'2016-06-20',20038,41102),
(2668,'2016-06-20',20039,41102),
(2669,'2016-06-20',20040,41102),
(2670,'2016-06-20',20041,41102),
(2671,'2016-06-20',20042,41102),
(2672,'2016-06-20',20043,41102),
(2673,'2016-06-20',20044,41102),
(2674,'2016-06-20',20045,41102),
(2679,'2016-06-20',20050,41102),
(2680,'2016-06-20',20051,41102),
(2681,'2016-06-20',20052,41102),
(2682,'2016-06-20',20053,41102),
(2683,'2016-06-20',20054,41102),

(2684,'2016-06-20',20001,41103),
(2685,'2016-06-20',20002,41103),
(2686,'2016-06-20',20003,41103),
(2687,'2016-06-20',20004,41103),
(2688,'2016-06-20',20005,41103),
(2689,'2016-06-20',20006,41103),
(2690,'2016-06-20',20007,41103),
(2691,'2016-06-20',20008,41103),
(2692,'2016-06-20',20009,41103),
(2693,'2016-06-20',20010,41103),
(2694,'2016-06-20',20011,41103),
(2695,'2016-06-20',20012,41103),
(2696,'2016-06-20',20013,41103),
(2697,'2016-06-20',20014,41103),
(2698,'2016-06-20',20015,41103),
(2699,'2016-06-20',20016,41103),
(2700,'2016-06-20',20017,41103),
(2701,'2016-06-20',20018,41103),
(2702,'2016-06-20',20019,41103),
(2703,'2016-06-20',20020,41103),
(2704,'2016-06-20',20021,41103),
(2705,'2016-06-20',20022,41103),
(2706,'2016-06-20',20023,41103),
(2707,'2016-06-20',20024,41103),
(2708,'2016-06-20',20025,41103),
(2709,'2016-06-20',20026,41103),
(2710,'2016-06-20',20027,41103),
(2711,'2016-06-20',20028,41103),
(2712,'2016-06-20',20029,41103),
(2713,'2016-06-20',20030,41103),
(2714,'2016-06-20',20031,41103),
(2715,'2016-06-20',20032,41103),
(2716,'2016-06-20',20033,41103),
(2717,'2016-06-20',20034,41103),
(2718,'2016-06-20',20035,41103),
(2719,'2016-06-20',20036,41103),
(2720,'2016-06-20',20037,41103),
(2721,'2016-06-20',20038,41103),
(2722,'2016-06-20',20039,41103),
(2723,'2016-06-20',20040,41103),
(2724,'2016-06-20',20041,41103),
(2725,'2016-06-20',20042,41103),
(2726,'2016-06-20',20043,41103),
(2727,'2016-06-20',20044,41103),
(2728,'2016-06-20',20045,41103),
(2733,'2016-06-20',20050,41103),
(2734,'2016-06-20',20051,41103),
(2735,'2016-06-20',20052,41103),
(2736,'2016-06-20',20053,41103),
(2737,'2016-06-20',20054,41103),

(2738,'2016-06-20',20001,41104),
(2739,'2016-06-20',20002,41104),
(2740,'2016-06-20',20003,41104),
(2741,'2016-06-20',20004,41104),
(2742,'2016-06-20',20005,41104),
(2743,'2016-06-20',20006,41104),
(2744,'2016-06-20',20007,41104),
(2745,'2016-06-20',20008,41104),
(2746,'2016-06-20',20009,41104),
(2747,'2016-06-20',20010,41104),
(2748,'2016-06-20',20011,41104),
(2749,'2016-06-20',20012,41104),
(2750,'2016-06-20',20013,41104),
(2751,'2016-06-20',20014,41104),
(2752,'2016-06-20',20015,41104),
(2753,'2016-06-20',20016,41104),
(2754,'2016-06-20',20017,41104),
(2755,'2016-06-20',20018,41104),
(2756,'2016-06-20',20019,41104),
(2757,'2016-06-20',20020,41104),
(2758,'2016-06-20',20021,41104),
(2759,'2016-06-20',20022,41104),
(2760,'2016-06-20',20023,41104),
(2761,'2016-06-20',20024,41104),
(2762,'2016-06-20',20025,41104),
(2763,'2016-06-20',20026,41104),
(2764,'2016-06-20',20027,41104),
(2765,'2016-06-20',20028,41104),
(2766,'2016-06-20',20029,41104),
(2767,'2016-06-20',20030,41104),
(2768,'2016-06-20',20031,41104),
(2769,'2016-06-20',20032,41104),
(2770,'2016-06-20',20033,41104),
(2771,'2016-06-20',20034,41104),
(2772,'2016-06-20',20035,41104),
(2773,'2016-06-20',20036,41104),
(2774,'2016-06-20',20037,41104),
(2775,'2016-06-20',20038,41104),
(2776,'2016-06-20',20039,41104),
(2777,'2016-06-20',20040,41104),
(2778,'2016-06-20',20041,41104),
(2779,'2016-06-20',20042,41104),
(2780,'2016-06-20',20043,41104),
(2781,'2016-06-20',20044,41104),
(2782,'2016-06-20',20045,41104),
(2787,'2016-06-20',20050,41104),
(2788,'2016-06-20',20051,41104),
(2789,'2016-06-20',20052,41104),
(2790,'2016-06-20',20053,41104),
(2791,'2016-06-20',20054,41104),

(2792,'2016-06-20',20001,41105),
(2793,'2016-06-20',20002,41105),
(2794,'2016-06-20',20003,41105),
(2795,'2016-06-20',20004,41105),
(2796,'2016-06-20',20005,41105),
(2797,'2016-06-20',20006,41105),
(2798,'2016-06-20',20007,41105),
(2799,'2016-06-20',20008,41105),
(2800,'2016-06-20',20009,41105),
(2801,'2016-06-20',20010,41105),
(2802,'2016-06-20',20011,41105),
(2803,'2016-06-20',20012,41105),
(2804,'2016-06-20',20013,41105),
(2805,'2016-06-20',20014,41105),
(2806,'2016-06-20',20015,41105),
(2807,'2016-06-20',20016,41105),
(2808,'2016-06-20',20017,41105),
(2809,'2016-06-20',20018,41105),
(2810,'2016-06-20',20019,41105),
(2811,'2016-06-20',20020,41105),
(2812,'2016-06-20',20021,41105),
(2813,'2016-06-20',20022,41105),
(2814,'2016-06-20',20023,41105),
(2815,'2016-06-20',20024,41105),
(2816,'2016-06-20',20025,41105),
(2817,'2016-06-20',20026,41105),
(2818,'2016-06-20',20027,41105),
(2819,'2016-06-20',20028,41105),
(2820,'2016-06-20',20029,41105),
(2821,'2016-06-20',20030,41105),
(2822,'2016-06-20',20031,41105),
(2823,'2016-06-20',20032,41105),
(2824,'2016-06-20',20033,41105),
(2825,'2016-06-20',20034,41105),
(2826,'2016-06-20',20035,41105),
(2827,'2016-06-20',20036,41105),
(2828,'2016-06-20',20037,41105),
(2829,'2016-06-20',20038,41105),
(2830,'2016-06-20',20039,41105),
(2831,'2016-06-20',20040,41105),
(2832,'2016-06-20',20041,41105),
(2833,'2016-06-20',20042,41105),
(2834,'2016-06-20',20043,41105),
(2835,'2016-06-20',20044,41105),
(2836,'2016-06-20',20045,41105),
(2841,'2016-06-20',20050,41105),
(2842,'2016-06-20',20051,41105),
(2843,'2016-06-20',20052,41105),
(2844,'2016-06-20',20053,41105),
(2845,'2016-06-20',20054,41105),

(2846,'2016-06-20',20001,41106),
(2847,'2016-06-20',20002,41106),
(2848,'2016-06-20',20003,41106),
(2849,'2016-06-20',20004,41106),
(2850,'2016-06-20',20005,41106),
(2851,'2016-06-20',20006,41106),
(2852,'2016-06-20',20007,41106),
(2853,'2016-06-20',20008,41106),
(2854,'2016-06-20',20009,41106),
(2855,'2016-06-20',20010,41106),
(2856,'2016-06-20',20011,41106),
(2857,'2016-06-20',20012,41106),
(2858,'2016-06-20',20013,41106),
(2859,'2016-06-20',20014,41106),
(2860,'2016-06-20',20015,41106),
(2861,'2016-06-20',20016,41106),
(2862,'2016-06-20',20017,41106),
(2863,'2016-06-20',20018,41106),
(2864,'2016-06-20',20019,41106),
(2865,'2016-06-20',20020,41106),
(2866,'2016-06-20',20021,41106),
(2867,'2016-06-20',20022,41106),
(2868,'2016-06-20',20023,41106),
(2869,'2016-06-20',20024,41106),
(2870,'2016-06-20',20025,41106),
(2871,'2016-06-20',20026,41106),
(2872,'2016-06-20',20027,41106),
(2873,'2016-06-20',20028,41106),
(2874,'2016-06-20',20029,41106),
(2875,'2016-06-20',20030,41106),
(2876,'2016-06-20',20031,41106),
(2877,'2016-06-20',20032,41106),
(2878,'2016-06-20',20033,41106),
(2879,'2016-06-20',20034,41106),
(2880,'2016-06-20',20035,41106),
(2881,'2016-06-20',20036,41106),
(2882,'2016-06-20',20037,41106),
(2883,'2016-06-20',20038,41106),
(2884,'2016-06-20',20039,41106),
(2885,'2016-06-20',20040,41106),
(2886,'2016-06-20',20041,41106),
(2887,'2016-06-20',20042,41106),
(2888,'2016-06-20',20043,41106),
(2889,'2016-06-20',20044,41106),
(2890,'2016-06-20',20045,41106),
(2895,'2016-06-20',20050,41106),
(2896,'2016-06-20',20051,41106),
(2897,'2016-06-20',20052,41106),
(2898,'2016-06-20',20053,41106),
(2899,'2016-06-20',20054,41106),

(2900,'2016-06-20',20001,41107),
(2901,'2016-06-20',20002,41107),
(2902,'2016-06-20',20003,41107),
(2903,'2016-06-20',20004,41107),
(2904,'2016-06-20',20005,41107),
(2905,'2016-06-20',20006,41107),
(2906,'2016-06-20',20007,41107),
(2907,'2016-06-20',20008,41107),
(2908,'2016-06-20',20009,41107),
(2909,'2016-06-20',20010,41107),
(2910,'2016-06-20',20011,41107),
(2911,'2016-06-20',20012,41107),
(2912,'2016-06-20',20013,41107),
(2913,'2016-06-20',20014,41107),
(2914,'2016-06-20',20015,41107),
(2915,'2016-06-20',20016,41107),
(2916,'2016-06-20',20017,41107),
(2917,'2016-06-20',20018,41107),
(2918,'2016-06-20',20019,41107),
(2919,'2016-06-20',20020,41107),
(2920,'2016-06-20',20021,41107),
(2921,'2016-06-20',20022,41107),
(2922,'2016-06-20',20023,41107),
(2923,'2016-06-20',20024,41107),
(2924,'2016-06-20',20025,41107),
(2925,'2016-06-20',20026,41107),
(2926,'2016-06-20',20027,41107),
(2927,'2016-06-20',20028,41107),
(2928,'2016-06-20',20029,41107),
(2929,'2016-06-20',20030,41107),
(2930,'2016-06-20',20031,41107),
(2931,'2016-06-20',20032,41107),
(2932,'2016-06-20',20033,41107),
(2933,'2016-06-20',20034,41107),
(2934,'2016-06-20',20035,41107),
(2935,'2016-06-20',20036,41107),
(2936,'2016-06-20',20037,41107),
(2937,'2016-06-20',20038,41107),
(2938,'2016-06-20',20039,41107),
(2939,'2016-06-20',20040,41107),
(2940,'2016-06-20',20041,41107),
(2941,'2016-06-20',20042,41107),
(2942,'2016-06-20',20043,41107),
(2943,'2016-06-20',20044,41107),
(2944,'2016-06-20',20045,41107),
(2949,'2016-06-20',20050,41107),
(2950,'2016-06-20',20051,41107),
(2951,'2016-06-20',20052,41107),
(2952,'2016-06-20',20053,41107),
(2953,'2016-06-20',20054,41107),

(2954,'2016-06-20',20001,41108),
(2955,'2016-06-20',20002,41108),
(2956,'2016-06-20',20003,41108),
(2957,'2016-06-20',20004,41108),
(2958,'2016-06-20',20005,41108),
(2959,'2016-06-20',20006,41108),
(2960,'2016-06-20',20007,41108),
(2961,'2016-06-20',20008,41108),
(2962,'2016-06-20',20009,41108),
(2963,'2016-06-20',20010,41108),
(2964,'2016-06-20',20011,41108),
(2965,'2016-06-20',20012,41108),
(2966,'2016-06-20',20013,41108),
(2967,'2016-06-20',20014,41108),
(2968,'2016-06-20',20015,41108),
(2969,'2016-06-20',20016,41108),
(2970,'2016-06-20',20017,41108),
(2971,'2016-06-20',20018,41108),
(2972,'2016-06-20',20019,41108),
(2973,'2016-06-20',20020,41108),
(2974,'2016-06-20',20021,41108),
(2975,'2016-06-20',20022,41108),
(2976,'2016-06-20',20023,41108),
(2977,'2016-06-20',20024,41108),
(2978,'2016-06-20',20025,41108),
(2979,'2016-06-20',20026,41108),
(2980,'2016-06-20',20027,41108),
(2981,'2016-06-20',20028,41108),
(2982,'2016-06-20',20029,41108),
(2983,'2016-06-20',20030,41108),
(2984,'2016-06-20',20031,41108),
(2985,'2016-06-20',20032,41108),
(2986,'2016-06-20',20033,41108),
(2987,'2016-06-20',20034,41108),
(2988,'2016-06-20',20035,41108),
(2989,'2016-06-20',20036,41108),
(2990,'2016-06-20',20037,41108),
(2991,'2016-06-20',20038,41108),
(2992,'2016-06-20',20039,41108),
(2993,'2016-06-20',20040,41108),
(2994,'2016-06-20',20041,41108),
(2995,'2016-06-20',20042,41108),
(2996,'2016-06-20',20043,41108),
(2997,'2016-06-20',20044,41108),
(2998,'2016-06-20',20045,41108),
(3003,'2016-06-20',20050,41108),
(3004,'2016-06-20',20051,41108),
(3005,'2016-06-20',20052,41108),
(3006,'2016-06-20',20053,41108),
(3007,'2016-06-20',20054,41108),

(3008,'2016-06-20',20001,41109),
(3009,'2016-06-20',20002,41109),
(3010,'2016-06-20',20003,41109),
(3011,'2016-06-20',20004,41109),
(3012,'2016-06-20',20005,41109),
(3013,'2016-06-20',20006,41109),
(3014,'2016-06-20',20007,41109),
(3015,'2016-06-20',20008,41109),
(3016,'2016-06-20',20009,41109),
(3017,'2016-06-20',20010,41109),
(3018,'2016-06-20',20011,41109),
(3019,'2016-06-20',20012,41109),
(3020,'2016-06-20',20013,41109),
(3021,'2016-06-20',20014,41109),
(3022,'2016-06-20',20015,41109),
(3023,'2016-06-20',20016,41109),
(3024,'2016-06-20',20017,41109),
(3025,'2016-06-20',20018,41109),
(3026,'2016-06-20',20019,41109),
(3027,'2016-06-20',20020,41109),
(3028,'2016-06-20',20021,41109),
(3029,'2016-06-20',20022,41109),
(3030,'2016-06-20',20023,41109),
(3031,'2016-06-20',20024,41109),
(3032,'2016-06-20',20025,41109),
(3033,'2016-06-20',20026,41109),
(3034,'2016-06-20',20027,41109),
(3035,'2016-06-20',20028,41109),
(3036,'2016-06-20',20029,41109),
(3037,'2016-06-20',20030,41109),
(3038,'2016-06-20',20031,41109),
(3039,'2016-06-20',20032,41109),
(3040,'2016-06-20',20033,41109),
(3041,'2016-06-20',20034,41109),
(3042,'2016-06-20',20035,41109),
(3043,'2016-06-20',20036,41109),
(3044,'2016-06-20',20037,41109),
(3045,'2016-06-20',20038,41109),
(3046,'2016-06-20',20039,41109),
(3047,'2016-06-20',20040,41109),
(3048,'2016-06-20',20041,41109),
(3049,'2016-06-20',20042,41109),
(3050,'2016-06-20',20043,41109),
(3051,'2016-06-20',20044,41109),
(3052,'2016-06-20',20045,41109),
(3057,'2016-06-20',20050,41109),
(3058,'2016-06-20',20051,41109),
(3059,'2016-06-20',20052,41109),
(3060,'2016-06-20',20053,41109),
(3061,'2016-06-20',20054,41109),

(3062,'2016-06-20',20001,41110),
(3063,'2016-06-20',20002,41110),
(3064,'2016-06-20',20003,41110),
(3065,'2016-06-20',20004,41110),
(3066,'2016-06-20',20005,41110),
(3067,'2016-06-20',20006,41110),
(3068,'2016-06-20',20007,41110),
(3069,'2016-06-20',20008,41110),
(3070,'2016-06-20',20009,41110),
(3071,'2016-06-20',20010,41110),
(3072,'2016-06-20',20011,41110),
(3073,'2016-06-20',20012,41110),
(3074,'2016-06-20',20013,41110),
(3075,'2016-06-20',20014,41110),
(3076,'2016-06-20',20015,41110),
(3077,'2016-06-20',20016,41110),
(3078,'2016-06-20',20017,41110),
(3079,'2016-06-20',20018,41110),
(3080,'2016-06-20',20019,41110),
(3081,'2016-06-20',20020,41110),
(3082,'2016-06-20',20021,41110),
(3083,'2016-06-20',20022,41110),
(3084,'2016-06-20',20023,41110),
(3085,'2016-06-20',20024,41110),
(3086,'2016-06-20',20025,41110),
(3087,'2016-06-20',20026,41110),
(3088,'2016-06-20',20027,41110),
(3089,'2016-06-20',20028,41110),
(3090,'2016-06-20',20029,41110),
(3091,'2016-06-20',20030,41110),
(3092,'2016-06-20',20031,41110),
(3093,'2016-06-20',20032,41110),
(3094,'2016-06-20',20033,41110),
(3095,'2016-06-20',20034,41110),
(3096,'2016-06-20',20035,41110),
(3097,'2016-06-20',20036,41110),
(3098,'2016-06-20',20037,41110),
(3099,'2016-06-20',20038,41110),
(3100,'2016-06-20',20039,41110),
(3101,'2016-06-20',20040,41110),
(3102,'2016-06-20',20041,41110),
(3103,'2016-06-20',20042,41110),
(3104,'2016-06-20',20043,41110),
(3105,'2016-06-20',20044,41110),
(3106,'2016-06-20',20045,41110),
(3111,'2016-06-20',20050,41110),
(3112,'2016-06-20',20051,41110),
(3113,'2016-06-20',20052,41110),
(3114,'2016-06-20',20053,41110),
(3115,'2016-06-20',20054,41110),

(3116,'2016-06-20',20001,41111),
(3117,'2016-06-20',20002,41111),
(3118,'2016-06-20',20003,41111),
(3119,'2016-06-20',20004,41111),
(3120,'2016-06-20',20005,41111),
(3121,'2016-06-20',20006,41111),
(3122,'2016-06-20',20007,41111),
(3123,'2016-06-20',20008,41111),
(3124,'2016-06-20',20009,41111),
(3125,'2016-06-20',20010,41111),
(3126,'2016-06-20',20011,41111),
(3127,'2016-06-20',20012,41111),
(3128,'2016-06-20',20013,41111),
(3129,'2016-06-20',20014,41111),
(3130,'2016-06-20',20015,41111),
(3131,'2016-06-20',20016,41111),
(3132,'2016-06-20',20017,41111),
(3133,'2016-06-20',20018,41111),
(3134,'2016-06-20',20019,41111),
(3135,'2016-06-20',20020,41111),
(3136,'2016-06-20',20021,41111),
(3137,'2016-06-20',20022,41111),
(3138,'2016-06-20',20023,41111),
(3139,'2016-06-20',20024,41111),
(3140,'2016-06-20',20025,41111),
(3141,'2016-06-20',20026,41111),
(3142,'2016-06-20',20027,41111),
(3143,'2016-06-20',20028,41111),
(3144,'2016-06-20',20029,41111),
(3145,'2016-06-20',20030,41111),
(3146,'2016-06-20',20031,41111),
(3147,'2016-06-20',20032,41111),
(3148,'2016-06-20',20033,41111),
(3149,'2016-06-20',20034,41111),
(3150,'2016-06-20',20035,41111),
(3151,'2016-06-20',20036,41111),
(3152,'2016-06-20',20037,41111),
(3153,'2016-06-20',20038,41111),
(3154,'2016-06-20',20039,41111),
(3155,'2016-06-20',20040,41111),
(3156,'2016-06-20',20041,41111),
(3157,'2016-06-20',20042,41111),
(3158,'2016-06-20',20043,41111),
(3159,'2016-06-20',20044,41111),
(3160,'2016-06-20',20045,41111),
(3165,'2016-06-20',20050,41111),
(3166,'2016-06-20',20051,41111),
(3167,'2016-06-20',20052,41111),
(3168,'2016-06-20',20053,41111),
(3169,'2016-06-20',20054,41111),

(3170,'2016-06-20',20001,41112),
(3171,'2016-06-20',20002,41112),
(3172,'2016-06-20',20003,41112),
(3173,'2016-06-20',20004,41112),
(3174,'2016-06-20',20005,41112),
(3175,'2016-06-20',20006,41112),
(3176,'2016-06-20',20007,41112),
(3177,'2016-06-20',20008,41112),
(3178,'2016-06-20',20009,41112),
(3179,'2016-06-20',20010,41112),
(3180,'2016-06-20',20011,41112),
(3181,'2016-06-20',20012,41112),
(3182,'2016-06-20',20013,41112),
(3183,'2016-06-20',20014,41112),
(3184,'2016-06-20',20015,41112),
(3185,'2016-06-20',20016,41112),
(3186,'2016-06-20',20017,41112),
(3187,'2016-06-20',20018,41112),
(3188,'2016-06-20',20019,41112),
(3189,'2016-06-20',20020,41112),
(3190,'2016-06-20',20021,41112),
(3191,'2016-06-20',20022,41112),
(3192,'2016-06-20',20023,41112),
(3193,'2016-06-20',20024,41112),
(3194,'2016-06-20',20025,41112),
(3195,'2016-06-20',20026,41112),
(3196,'2016-06-20',20027,41112),
(3197,'2016-06-20',20028,41112),
(3198,'2016-06-20',20029,41112),
(3199,'2016-06-20',20030,41112),
(3200,'2016-06-20',20031,41112),
(3201,'2016-06-20',20032,41112),
(3202,'2016-06-20',20033,41112),
(3203,'2016-06-20',20034,41112),
(3204,'2016-06-20',20035,41112),
(3205,'2016-06-20',20036,41112),
(3206,'2016-06-20',20037,41112),
(3207,'2016-06-20',20038,41112),
(3208,'2016-06-20',20039,41112),
(3209,'2016-06-20',20040,41112),
(3210,'2016-06-20',20041,41112),
(3211,'2016-06-20',20042,41112),
(3212,'2016-06-20',20043,41112),
(3213,'2016-06-20',20044,41112),
(3214,'2016-06-20',20045,41112),
(3219,'2016-06-20',20050,41112),
(3220,'2016-06-20',20051,41112),
(3221,'2016-06-20',20052,41112),
(3222,'2016-06-20',20053,41112),
(3223,'2016-06-20',20054,41112),

(3224,'2016-06-20',20001,41113),
(3225,'2016-06-20',20002,41113),
(3226,'2016-06-20',20003,41113),
(3227,'2016-06-20',20004,41113),
(3228,'2016-06-20',20005,41113),
(3229,'2016-06-20',20006,41113),
(3230,'2016-06-20',20007,41113),
(3231,'2016-06-20',20008,41113),
(3232,'2016-06-20',20009,41113),
(3233,'2016-06-20',20010,41113),
(3234,'2016-06-20',20011,41113),
(3235,'2016-06-20',20012,41113),
(3236,'2016-06-20',20013,41113),
(3237,'2016-06-20',20014,41113),
(3238,'2016-06-20',20015,41113),
(3239,'2016-06-20',20016,41113),
(3240,'2016-06-20',20017,41113),
(3241,'2016-06-20',20018,41113),
(3242,'2016-06-20',20019,41113),
(3243,'2016-06-20',20020,41113),
(3244,'2016-06-20',20021,41113),
(3245,'2016-06-20',20022,41113),
(3246,'2016-06-20',20023,41113),
(3247,'2016-06-20',20024,41113),
(3248,'2016-06-20',20025,41113),
(3249,'2016-06-20',20026,41113),
(3250,'2016-06-20',20027,41113),
(3251,'2016-06-20',20028,41113),
(3252,'2016-06-20',20029,41113),
(3253,'2016-06-20',20030,41113),
(3254,'2016-06-20',20031,41113),
(3255,'2016-06-20',20032,41113),
(3256,'2016-06-20',20033,41113),
(3257,'2016-06-20',20034,41113),
(3258,'2016-06-20',20035,41113),
(3259,'2016-06-20',20036,41113),
(3260,'2016-06-20',20037,41113),
(3261,'2016-06-20',20038,41113),
(3262,'2016-06-20',20039,41113),
(3263,'2016-06-20',20040,41113),
(3264,'2016-06-20',20041,41113),
(3265,'2016-06-20',20042,41113),
(3266,'2016-06-20',20043,41113),
(3267,'2016-06-20',20044,41113),
(3268,'2016-06-20',20045,41113),
(3273,'2016-06-20',20050,41113),
(3274,'2016-06-20',20051,41113),
(3275,'2016-06-20',20052,41113),
(3276,'2016-06-20',20053,41113),
(3277,'2016-06-20',20054,41113),

(3278,'2016-06-20',20001,41114),
(3279,'2016-06-20',20002,41114),
(3280,'2016-06-20',20003,41114),
(3281,'2016-06-20',20004,41114),
(3282,'2016-06-20',20005,41114),
(3283,'2016-06-20',20006,41114),
(3284,'2016-06-20',20007,41114),
(3285,'2016-06-20',20008,41114),
(3286,'2016-06-20',20009,41114),
(3287,'2016-06-20',20010,41114),
(3288,'2016-06-20',20011,41114),
(3289,'2016-06-20',20012,41114),
(3290,'2016-06-20',20013,41114),
(3291,'2016-06-20',20014,41114),
(3292,'2016-06-20',20015,41114),
(3293,'2016-06-20',20016,41114),
(3294,'2016-06-20',20017,41114),
(3295,'2016-06-20',20018,41114),
(3296,'2016-06-20',20019,41114),
(3297,'2016-06-20',20020,41114),
(3298,'2016-06-20',20021,41114),
(3299,'2016-06-20',20022,41114),
(3300,'2016-06-20',20023,41114),
(3301,'2016-06-20',20024,41114),
(3302,'2016-06-20',20025,41114),
(3303,'2016-06-20',20026,41114),
(3304,'2016-06-20',20027,41114),
(3305,'2016-06-20',20028,41114),
(3306,'2016-06-20',20029,41114),
(3307,'2016-06-20',20030,41114),
(3308,'2016-06-20',20031,41114),
(3309,'2016-06-20',20032,41114),
(3310,'2016-06-20',20033,41114),
(3311,'2016-06-20',20034,41114),
(3312,'2016-06-20',20035,41114),
(3313,'2016-06-20',20036,41114),
(3314,'2016-06-20',20037,41114),
(3315,'2016-06-20',20038,41114),
(3316,'2016-06-20',20039,41114),
(3317,'2016-06-20',20040,41114),
(3318,'2016-06-20',20041,41114),
(3319,'2016-06-20',20042,41114),
(3320,'2016-06-20',20043,41114),
(3321,'2016-06-20',20044,41114),
(3322,'2016-06-20',20045,41114),
(3327,'2016-06-20',20050,41114),
(3328,'2016-06-20',20051,41114),
(3329,'2016-06-20',20052,41114),
(3330,'2016-06-20',20053,41114),
(3331,'2016-06-20',20054,41114),

(3332,'2016-06-20',20001,41115),
(3333,'2016-06-20',20002,41115),
(3334,'2016-06-20',20003,41115),
(3335,'2016-06-20',20004,41115),
(3336,'2016-06-20',20005,41115),
(3337,'2016-06-20',20006,41115),
(3338,'2016-06-20',20007,41115),
(3339,'2016-06-20',20008,41115),
(3340,'2016-06-20',20009,41115),
(3341,'2016-06-20',20010,41115),
(3342,'2016-06-20',20011,41115),
(3343,'2016-06-20',20012,41115),
(3344,'2016-06-20',20013,41115),
(3345,'2016-06-20',20014,41115),
(3346,'2016-06-20',20015,41115),
(3347,'2016-06-20',20016,41115),
(3348,'2016-06-20',20017,41115),
(3349,'2016-06-20',20018,41115),
(3350,'2016-06-20',20019,41115),
(3351,'2016-06-20',20020,41115),
(3352,'2016-06-20',20021,41115),
(3353,'2016-06-20',20022,41115),
(3354,'2016-06-20',20023,41115),
(3355,'2016-06-20',20024,41115),
(3356,'2016-06-20',20025,41115),
(3357,'2016-06-20',20026,41115),
(3358,'2016-06-20',20027,41115),
(3359,'2016-06-20',20028,41115),
(3360,'2016-06-20',20029,41115),
(3361,'2016-06-20',20030,41115),
(3362,'2016-06-20',20031,41115),
(3363,'2016-06-20',20032,41115),
(3364,'2016-06-20',20033,41115),
(3365,'2016-06-20',20034,41115),
(3366,'2016-06-20',20035,41115),
(3367,'2016-06-20',20036,41115),
(3368,'2016-06-20',20037,41115),
(3369,'2016-06-20',20038,41115),
(3370,'2016-06-20',20039,41115),
(3371,'2016-06-20',20040,41115),
(3372,'2016-06-20',20041,41115),
(3373,'2016-06-20',20042,41115),
(3374,'2016-06-20',20043,41115),
(3375,'2016-06-20',20044,41115),
(3376,'2016-06-20',20045,41115),
(3381,'2016-06-20',20050,41115),
(3382,'2016-06-20',20051,41115),
(3383,'2016-06-20',20052,41115),
(3384,'2016-06-20',20053,41115),
(3385,'2016-06-20',20054,41115),

(3386,'2016-06-20',20001,41116),
(3387,'2016-06-20',20002,41116),
(3388,'2016-06-20',20003,41116),
(3389,'2016-06-20',20004,41116),
(3390,'2016-06-20',20005,41116),
(3391,'2016-06-20',20006,41116),
(3392,'2016-06-20',20007,41116),
(3393,'2016-06-20',20008,41116),
(3394,'2016-06-20',20009,41116),
(3395,'2016-06-20',20010,41116),
(3396,'2016-06-20',20011,41116),
(3397,'2016-06-20',20012,41116),
(3398,'2016-06-20',20013,41116),
(3399,'2016-06-20',20014,41116),
(3400,'2016-06-20',20015,41116),
(3401,'2016-06-20',20016,41116),
(3402,'2016-06-20',20017,41116),
(3403,'2016-06-20',20018,41116),
(3404,'2016-06-20',20019,41116),
(3405,'2016-06-20',20020,41116),
(3406,'2016-06-20',20021,41116),
(3407,'2016-06-20',20022,41116),
(3408,'2016-06-20',20023,41116),
(3409,'2016-06-20',20024,41116),
(3410,'2016-06-20',20025,41116),
(3411,'2016-06-20',20026,41116),
(3412,'2016-06-20',20027,41116),
(3413,'2016-06-20',20028,41116),
(3414,'2016-06-20',20029,41116),
(3415,'2016-06-20',20030,41116),
(3416,'2016-06-20',20031,41116),
(3417,'2016-06-20',20032,41116),
(3418,'2016-06-20',20033,41116),
(3419,'2016-06-20',20034,41116),
(3420,'2016-06-20',20035,41116),
(3421,'2016-06-20',20036,41116),
(3422,'2016-06-20',20037,41116),
(3423,'2016-06-20',20038,41116),
(3424,'2016-06-20',20039,41116),
(3425,'2016-06-20',20040,41116),
(3426,'2016-06-20',20041,41116),
(3427,'2016-06-20',20042,41116),
(3428,'2016-06-20',20043,41116),
(3429,'2016-06-20',20044,41116),
(3430,'2016-06-20',20045,41116),
(3435,'2016-06-20',20050,41116),
(3436,'2016-06-20',20051,41116),
(3437,'2016-06-20',20052,41116),
(3438,'2016-06-20',20053,41116),
(3439,'2016-06-20',20054,41116),

(3440,'2016-06-20',20001,41117),
(3441,'2016-06-20',20002,41117),
(3442,'2016-06-20',20003,41117),
(3443,'2016-06-20',20004,41117),
(3444,'2016-06-20',20005,41117),
(3445,'2016-06-20',20006,41117),
(3446,'2016-06-20',20007,41117),
(3447,'2016-06-20',20008,41117),
(3448,'2016-06-20',20009,41117),
(3449,'2016-06-20',20010,41117),
(3450,'2016-06-20',20011,41117),
(3451,'2016-06-20',20012,41117),
(3452,'2016-06-20',20013,41117),
(3453,'2016-06-20',20014,41117),
(3454,'2016-06-20',20015,41117),
(3455,'2016-06-20',20016,41117),
(3456,'2016-06-20',20017,41117),
(3457,'2016-06-20',20018,41117),
(3458,'2016-06-20',20019,41117),
(3459,'2016-06-20',20020,41117),
(3460,'2016-06-20',20021,41117),
(3461,'2016-06-20',20022,41117),
(3462,'2016-06-20',20023,41117),
(3463,'2016-06-20',20024,41117),
(3464,'2016-06-20',20025,41117),
(3465,'2016-06-20',20026,41117),
(3466,'2016-06-20',20027,41117),
(3467,'2016-06-20',20028,41117),
(3468,'2016-06-20',20029,41117),
(3469,'2016-06-20',20030,41117),
(3470,'2016-06-20',20031,41117),
(3471,'2016-06-20',20032,41117),
(3472,'2016-06-20',20033,41117),
(3473,'2016-06-20',20034,41117),
(3474,'2016-06-20',20035,41117),
(3475,'2016-06-20',20036,41117),
(3476,'2016-06-20',20037,41117),
(3477,'2016-06-20',20038,41117),
(3478,'2016-06-20',20039,41117),
(3479,'2016-06-20',20040,41117),
(3480,'2016-06-20',20041,41117),
(3481,'2016-06-20',20042,41117),
(3482,'2016-06-20',20043,41117),
(3483,'2016-06-20',20044,41117),
(3484,'2016-06-20',20045,41117),
(3489,'2016-06-20',20050,41117),
(3490,'2016-06-20',20051,41117),
(3491,'2016-06-20',20052,41117),
(3492,'2016-06-20',20053,41117),
(3493,'2016-06-20',20054,41117),

(3494,'2016-06-20',20001,41118),
(3495,'2016-06-20',20002,41118),
(3496,'2016-06-20',20003,41118),
(3497,'2016-06-20',20004,41118),
(3498,'2016-06-20',20005,41118),
(3499,'2016-06-20',20006,41118),
(3500,'2016-06-20',20007,41118),
(3501,'2016-06-20',20008,41118),
(3502,'2016-06-20',20009,41118),
(3503,'2016-06-20',20010,41118),
(3504,'2016-06-20',20011,41118),
(3505,'2016-06-20',20012,41118),
(3506,'2016-06-20',20013,41118),
(3507,'2016-06-20',20014,41118),
(3508,'2016-06-20',20015,41118),
(3509,'2016-06-20',20016,41118),
(3510,'2016-06-20',20017,41118),
(3511,'2016-06-20',20018,41118),
(3512,'2016-06-20',20019,41118),
(3513,'2016-06-20',20020,41118),
(3514,'2016-06-20',20021,41118),
(3515,'2016-06-20',20022,41118),
(3516,'2016-06-20',20023,41118),
(3517,'2016-06-20',20024,41118),
(3518,'2016-06-20',20025,41118),
(3519,'2016-06-20',20026,41118),
(3520,'2016-06-20',20027,41118),
(3521,'2016-06-20',20028,41118),
(3522,'2016-06-20',20029,41118),
(3523,'2016-06-20',20030,41118),
(3524,'2016-06-20',20031,41118),
(3525,'2016-06-20',20032,41118),
(3526,'2016-06-20',20033,41118),
(3527,'2016-06-20',20034,41118),
(3528,'2016-06-20',20035,41118),
(3529,'2016-06-20',20036,41118),
(3530,'2016-06-20',20037,41118),
(3531,'2016-06-20',20038,41118),
(3532,'2016-06-20',20039,41118),
(3533,'2016-06-20',20040,41118),
(3534,'2016-06-20',20041,41118),
(3535,'2016-06-20',20042,41118),
(3536,'2016-06-20',20043,41118),
(3537,'2016-06-20',20044,41118),
(3538,'2016-06-20',20045,41118),
(3543,'2016-06-20',20050,41118),
(3544,'2016-06-20',20051,41118),
(3545,'2016-06-20',20052,41118),
(3546,'2016-06-20',20053,41118),
(3547,'2016-06-20',20054,41118),

(3548,'2016-06-20',20001,41119),
(3549,'2016-06-20',20002,41119),
(3550,'2016-06-20',20003,41119),
(3551,'2016-06-20',20004,41119),
(3552,'2016-06-20',20005,41119),
(3553,'2016-06-20',20006,41119),
(3554,'2016-06-20',20007,41119),
(3555,'2016-06-20',20008,41119),
(3556,'2016-06-20',20009,41119),
(3557,'2016-06-20',20010,41119),
(3558,'2016-06-20',20011,41119),
(3559,'2016-06-20',20012,41119),
(3560,'2016-06-20',20013,41119),
(3561,'2016-06-20',20014,41119),
(3562,'2016-06-20',20015,41119),
(3563,'2016-06-20',20016,41119),
(3564,'2016-06-20',20017,41119),
(3565,'2016-06-20',20018,41119),
(3566,'2016-06-20',20019,41119),
(3567,'2016-06-20',20020,41119),
(3568,'2016-06-20',20021,41119),
(3569,'2016-06-20',20022,41119),
(3570,'2016-06-20',20023,41119),
(3571,'2016-06-20',20024,41119),
(3572,'2016-06-20',20025,41119),
(3573,'2016-06-20',20026,41119),
(3574,'2016-06-20',20027,41119),
(3575,'2016-06-20',20028,41119),
(3576,'2016-06-20',20029,41119),
(3577,'2016-06-20',20030,41119),
(3578,'2016-06-20',20031,41119),
(3579,'2016-06-20',20032,41119),
(3580,'2016-06-20',20033,41119),
(3581,'2016-06-20',20034,41119),
(3582,'2016-06-20',20035,41119),
(3583,'2016-06-20',20036,41119),
(3584,'2016-06-20',20037,41119),
(3585,'2016-06-20',20038,41119),
(3586,'2016-06-20',20039,41119),
(3587,'2016-06-20',20040,41119),
(3588,'2016-06-20',20041,41119),
(3589,'2016-06-20',20042,41119),
(3590,'2016-06-20',20043,41119),
(3591,'2016-06-20',20044,41119),
(3592,'2016-06-20',20045,41119),
(3597,'2016-06-20',20050,41119),
(3598,'2016-06-20',20051,41119),
(3599,'2016-06-20',20052,41119),
(3600,'2016-06-20',20053,41119),
(3601,'2016-06-20',20054,41119),

(3602,'2016-06-20',20001,41120),
(3603,'2016-06-20',20002,41120),
(3604,'2016-06-20',20003,41120),
(3605,'2016-06-20',20004,41120),
(3606,'2016-06-20',20005,41120),
(3607,'2016-06-20',20006,41120),
(3608,'2016-06-20',20007,41120),
(3609,'2016-06-20',20008,41120),
(3610,'2016-06-20',20009,41120),
(3611,'2016-06-20',20010,41120),
(3612,'2016-06-20',20011,41120),
(3613,'2016-06-20',20012,41120),
(3614,'2016-06-20',20013,41120),
(3615,'2016-06-20',20014,41120),
(3616,'2016-06-20',20015,41120),
(3617,'2016-06-20',20016,41120),
(3618,'2016-06-20',20017,41120),
(3619,'2016-06-20',20018,41120),
(3620,'2016-06-20',20019,41120),
(3621,'2016-06-20',20020,41120),
(3622,'2016-06-20',20021,41120),
(3623,'2016-06-20',20022,41120),
(3624,'2016-06-20',20023,41120),
(3625,'2016-06-20',20024,41120),
(3626,'2016-06-20',20025,41120),
(3627,'2016-06-20',20026,41120),
(3628,'2016-06-20',20027,41120),
(3629,'2016-06-20',20028,41120),
(3630,'2016-06-20',20029,41120),
(3631,'2016-06-20',20030,41120),
(3632,'2016-06-20',20031,41120),
(3633,'2016-06-20',20032,41120),
(3634,'2016-06-20',20033,41120),
(3635,'2016-06-20',20034,41120),
(3636,'2016-06-20',20035,41120),
(3637,'2016-06-20',20036,41120),
(3638,'2016-06-20',20037,41120),
(3639,'2016-06-20',20038,41120),
(3640,'2016-06-20',20039,41120),
(3641,'2016-06-20',20040,41120),
(3642,'2016-06-20',20041,41120),
(3643,'2016-06-20',20042,41120),
(3644,'2016-06-20',20043,41120),
(3645,'2016-06-20',20044,41120),
(3646,'2016-06-20',20045,41120),
(3651,'2016-06-20',20050,41120),
(3652,'2016-06-20',20051,41120),
(3653,'2016-06-20',20052,41120),
(3654,'2016-06-20',20053,41120),
(3655,'2016-06-20',20054,41120);

-- spr2017
INSERT INTO `enrollment`(`id`,`dateEnrolled`,`course_section_id`,`student_id`) VALUES
(4656,'2017-02-20',21001,41101),
(4660,'2017-02-20',21002,41101),
(1578,'2017-02-20',21003,41101),
(1579,'2017-02-20',21004,41101),
(1580,'2017-02-20',21005,41101),
(1581,'2017-02-20',21006,41101),
(1582,'2017-02-20',21007,41101),
(1583,'2017-02-20',21008,41101),
(1584,'2017-02-20',21009,41101),
(1585,'2017-02-20',21010,41101),
(1586,'2017-02-20',21011,41101),
(1587,'2017-02-20',21012,41101),
(1588,'2017-02-20',21013,41101),
(1589,'2017-02-20',21014,41101),
(1590,'2017-02-20',21015,41101),
(1591,'2017-02-20',21016,41101),
(1592,'2017-02-20',21017,41101),
(1593,'2017-02-20',21018,41101),
(1594,'2017-02-20',21019,41101),
(1595,'2017-02-20',21020,41101),
(1596,'2017-02-20',21021,41101),
(1597,'2017-02-20',21022,41101),
(1598,'2017-02-20',21023,41101),
(1599,'2017-02-20',21024,41101),
(1600,'2017-02-20',21025,41101),
(1601,'2017-02-20',21026,41101),
(1602,'2017-02-20',20155,41101),
(1603,'2017-02-20',21028,41101),
(1604,'2017-02-20',21029,41101),
(1605,'2017-02-20',21030,41101),
(1606,'2017-02-20',21031,41101),
(1607,'2017-02-20',21032,41101),
(1608,'2017-02-20',21033,41101),
(1609,'2017-02-20',21034,41101),
(1610,'2017-02-20',21035,41101),
(1611,'2017-02-20',21036,41101),
(1612,'2017-02-20',21037,41101),
(1613,'2017-02-20',21038,41101),
(1614,'2017-02-20',21039,41101),
(1615,'2017-02-20',21040,41101),
(1616,'2017-02-20',20056,41101),
(1617,'2017-02-20',20057,41101),
(1618,'2017-02-20',20058,41101),
(1619,'2017-02-20',20079,41101),
(1625,'2017-02-20',20080,41101),
(1626,'2017-02-20',20081,41101),

(1630,'2017-02-20',21001,41102),
(1631,'2017-02-20',21002,41102),
(1632,'2017-02-20',21003,41102),
(1633,'2017-02-20',21004,41102),
(1634,'2017-02-20',21005,41102),
(1635,'2017-02-20',21006,41102),
(1636,'2017-02-20',21007,41102),
(1637,'2017-02-20',21008,41102),
(1638,'2017-02-20',21009,41102),
(1639,'2017-02-20',21010,41102),
(1640,'2017-02-20',21011,41102),
(1641,'2017-02-20',21012,41102),
(1642,'2017-02-20',21013,41102),
(1643,'2017-02-20',21014,41102),
(1644,'2017-02-20',21015,41102),
(1645,'2017-02-20',21016,41102),
(1646,'2017-02-20',21017,41102),
(1647,'2017-02-20',21018,41102),
(1648,'2017-02-20',21019,41102),
(1649,'2017-02-20',21020,41102),
(1650,'2017-02-20',21021,41102),
(1651,'2017-02-20',21022,41102),
(1652,'2017-02-20',21023,41102),
(1653,'2017-02-20',21024,41102),
(1654,'2017-02-20',21025,41102),
(1655,'2017-02-20',21026,41102),
(1656,'2017-02-20',20155,41102),
(1657,'2017-02-20',21028,41102),
(1658,'2017-02-20',21029,41102),
(1659,'2017-02-20',21030,41102),
(1660,'2017-02-20',21031,41102),
(1661,'2017-02-20',21032,41102),
(1662,'2017-02-20',21033,41102),
(1663,'2017-02-20',21034,41102),
(1664,'2017-02-20',21035,41102),
(1665,'2017-02-20',21036,41102),
(1666,'2017-02-20',21037,41102),
(1667,'2017-02-20',21038,41102),
(1668,'2017-02-20',21039,41102),
(1669,'2017-02-20',21040,41102),
(1670,'2017-02-20',20056,41102),
(1671,'2017-02-20',20057,41102),
(1672,'2017-02-20',20058,41102),
(1673,'2017-02-20',20079,41102),
(1679,'2017-02-20',20080,41102),
(1680,'2017-02-20',20081,41102),


(1684,'2017-02-20',21001,41103),
(1685,'2017-02-20',21002,41103),
(1686,'2017-02-20',21003,41103),
(1687,'2017-02-20',21004,41103),
(1688,'2017-02-20',21005,41103),
(1689,'2017-02-20',21006,41103),
(1690,'2017-02-20',21007,41103),
(1691,'2017-02-20',21008,41103),
(1692,'2017-02-20',21009,41103),
(1693,'2017-02-20',21010,41103),
(1694,'2017-02-20',21011,41103),
(1695,'2017-02-20',21012,41103),
(1696,'2017-02-20',21013,41103),
(1697,'2017-02-20',21014,41103),
(1698,'2017-02-20',21015,41103),
(1699,'2017-02-20',21016,41103),
(3700,'2017-02-20',21017,41103),
(3701,'2017-02-20',21018,41103),
(3702,'2017-02-20',21019,41103),
(3703,'2017-02-20',21020,41103),
(3704,'2017-02-20',21021,41103),
(3705,'2017-02-20',21022,41103),
(3706,'2017-02-20',21023,41103),
(3707,'2017-02-20',21024,41103),
(3708,'2017-02-20',21025,41103),
(3709,'2017-02-20',21026,41103),
(3710,'2017-02-20',20155,41103),
(3711,'2017-02-20',21028,41103),
(3712,'2017-02-20',21029,41103),
(3713,'2017-02-20',21030,41103),
(3714,'2017-02-20',21031,41103),
(3715,'2017-02-20',21032,41103),
(3716,'2017-02-20',21033,41103),
(3717,'2017-02-20',21034,41103),
(3718,'2017-02-20',21035,41103),
(3719,'2017-02-20',21036,41103),
(3720,'2017-02-20',21037,41103),
(3721,'2017-02-20',21038,41103),
(3722,'2017-02-20',21039,41103),
(3723,'2017-02-20',21040,41103),
(3724,'2017-02-20',20056,41103),
(3725,'2017-02-20',20057,41103),
(3726,'2017-02-20',20058,41103),
(3727,'2017-02-20',20079,41103),
(3733,'2017-02-20',20080,41103),
(3734,'2017-02-20',20081,41103),


(3738,'2017-02-20',21001,41104),
(3739,'2017-02-20',21002,41104),
(3740,'2017-02-20',21003,41104),
(3741,'2017-02-20',21004,41104),
(3742,'2017-02-20',21005,41104),
(3743,'2017-02-20',21006,41104),
(3744,'2017-02-20',21007,41104),
(3745,'2017-02-20',21008,41104),
(3746,'2017-02-20',21009,41104),
(3747,'2017-02-20',21010,41104),
(3748,'2017-02-20',21011,41104),
(3749,'2017-02-20',21012,41104),
(3750,'2017-02-20',21013,41104),
(3751,'2017-02-20',21014,41104),
(3752,'2017-02-20',21015,41104),
(3753,'2017-02-20',21016,41104),
(3754,'2017-02-20',21017,41104),
(3755,'2017-02-20',21018,41104),
(3756,'2017-02-20',21019,41104),
(3757,'2017-02-20',21020,41104),
(3758,'2017-02-20',21021,41104),
(3759,'2017-02-20',21022,41104),
(3760,'2017-02-20',21023,41104),
(3761,'2017-02-20',21024,41104),
(3762,'2017-02-20',21025,41104),
(3763,'2017-02-20',21026,41104),
(3764,'2017-02-20',20155,41104),
(3765,'2017-02-20',21028,41104),
(3766,'2017-02-20',21029,41104),
(3767,'2017-02-20',21030,41104),
(3768,'2017-02-20',21031,41104),
(3769,'2017-02-20',21032,41104),
(3770,'2017-02-20',21033,41104),
(3771,'2017-02-20',21034,41104),
(3772,'2017-02-20',21035,41104),
(3773,'2017-02-20',21036,41104),
(3774,'2017-02-20',21037,41104),
(3775,'2017-02-20',21038,41104),
(3776,'2017-02-20',21039,41104),
(3777,'2017-02-20',21040,41104),
(3778,'2017-02-20',20056,41104),
(3779,'2017-02-20',20057,41104),
(3780,'2017-02-20',20058,41104),
(3781,'2017-02-20',20079,41104),
(3787,'2017-02-20',20080,41104),
(3788,'2017-02-20',20081,41104),


(3792,'2017-02-20',21001,41105),
(3793,'2017-02-20',21002,41105),
(3794,'2017-02-20',21003,41105),
(3795,'2017-02-20',21004,41105),
(3796,'2017-02-20',21005,41105),
(3797,'2017-02-20',21006,41105),
(3798,'2017-02-20',21007,41105),
(3799,'2017-02-20',21008,41105),
(3800,'2017-02-20',21009,41105),
(3801,'2017-02-20',21010,41105),
(3802,'2017-02-20',21011,41105),
(3803,'2017-02-20',21012,41105),
(3804,'2017-02-20',21013,41105),
(3805,'2017-02-20',21014,41105),
(3806,'2017-02-20',21015,41105),
(3807,'2017-02-20',21016,41105),
(3808,'2017-02-20',21017,41105),
(3809,'2017-02-20',21018,41105),
(3810,'2017-02-20',21019,41105),
(3811,'2017-02-20',21020,41105),
(3812,'2017-02-20',21021,41105),
(3813,'2017-02-20',21022,41105),
(3814,'2017-02-20',21023,41105),
(3815,'2017-02-20',21024,41105),
(3816,'2017-02-20',21025,41105),
(3817,'2017-02-20',21026,41105),
(3818,'2017-02-20',20155,41105),
(3819,'2017-02-20',21028,41105),
(3820,'2017-02-20',21029,41105),
(3821,'2017-02-20',21030,41105),
(3822,'2017-02-20',21031,41105),
(3823,'2017-02-20',21032,41105),
(3824,'2017-02-20',21033,41105),
(3825,'2017-02-20',21034,41105),
(3826,'2017-02-20',21035,41105),
(3827,'2017-02-20',21036,41105),
(3828,'2017-02-20',21037,41105),
(3829,'2017-02-20',21038,41105),
(3830,'2017-02-20',21039,41105),
(3831,'2017-02-20',21040,41105),
(3832,'2017-02-20',20056,41105),
(3833,'2017-02-20',20057,41105),
(3834,'2017-02-20',20058,41105),
(3835,'2017-02-20',20079,41105),
(3841,'2017-02-20',20080,41105),
(3842,'2017-02-20',20081,41105),


(3846,'2017-02-20',21001,41106),
(3847,'2017-02-20',21002,41106),
(3848,'2017-02-20',21003,41106),
(3849,'2017-02-20',21004,41106),
(3850,'2017-02-20',21005,41106),
(3851,'2017-02-20',21006,41106),
(3852,'2017-02-20',21007,41106),
(3853,'2017-02-20',21008,41106),
(3854,'2017-02-20',21009,41106),
(3855,'2017-02-20',21010,41106),
(3856,'2017-02-20',21011,41106),
(3857,'2017-02-20',21012,41106),
(3858,'2017-02-20',21013,41106),
(3859,'2017-02-20',21014,41106),
(3860,'2017-02-20',21015,41106),
(3861,'2017-02-20',21016,41106),
(3862,'2017-02-20',21017,41106),
(3863,'2017-02-20',21018,41106),
(3864,'2017-02-20',21019,41106),
(3865,'2017-02-20',21020,41106),
(3866,'2017-02-20',21021,41106),
(3867,'2017-02-20',21022,41106),
(3868,'2017-02-20',21023,41106),
(3869,'2017-02-20',21024,41106),
(3870,'2017-02-20',21025,41106),
(3871,'2017-02-20',21026,41106),
(3872,'2017-02-20',20155,41106),
(3873,'2017-02-20',21028,41106),
(3874,'2017-02-20',21029,41106),
(3875,'2017-02-20',21030,41106),
(3876,'2017-02-20',21031,41106),
(3877,'2017-02-20',21032,41106),
(3878,'2017-02-20',21033,41106),
(3879,'2017-02-20',21034,41106),
(3880,'2017-02-20',21035,41106),
(3881,'2017-02-20',21036,41106),
(3882,'2017-02-20',21037,41106),
(3883,'2017-02-20',21038,41106),
(3884,'2017-02-20',21039,41106),
(3885,'2017-02-20',21040,41106),
(3886,'2017-02-20',20056,41106),
(3887,'2017-02-20',20057,41106),
(3888,'2017-02-20',20058,41106),
(3889,'2017-02-20',20079,41106),
(3895,'2017-02-20',20080,41106),
(3896,'2017-02-20',20081,41106),

(3900,'2017-02-20',21001,41107),
(3901,'2017-02-20',21002,41107),
(3902,'2017-02-20',21003,41107),
(3903,'2017-02-20',21004,41107),
(3904,'2017-02-20',21005,41107),
(3905,'2017-02-20',21006,41107),
(3906,'2017-02-20',21007,41107),
(3907,'2017-02-20',21008,41107),
(3908,'2017-02-20',21009,41107),
(3909,'2017-02-20',21010,41107),
(3910,'2017-02-20',21011,41107),
(3911,'2017-02-20',21012,41107),
(3912,'2017-02-20',21013,41107),
(3913,'2017-02-20',21014,41107),
(3914,'2017-02-20',21015,41107),
(3915,'2017-02-20',21016,41107),
(3916,'2017-02-20',21017,41107),
(3917,'2017-02-20',21018,41107),
(3918,'2017-02-20',21019,41107),
(3919,'2017-02-20',21020,41107),
(3920,'2017-02-20',21021,41107),
(3921,'2017-02-20',21022,41107),
(3922,'2017-02-20',21023,41107),
(3923,'2017-02-20',21024,41107),
(3924,'2017-02-20',21025,41107),
(3925,'2017-02-20',21026,41107),
(3926,'2017-02-20',20155,41107),
(3927,'2017-02-20',21028,41107),
(3928,'2017-02-20',21029,41107),
(3929,'2017-02-20',21030,41107),
(3930,'2017-02-20',21031,41107),
(3931,'2017-02-20',21032,41107),
(3932,'2017-02-20',21033,41107),
(3933,'2017-02-20',21034,41107),
(3934,'2017-02-20',21035,41107),
(3935,'2017-02-20',21036,41107),
(3936,'2017-02-20',21037,41107),
(3937,'2017-02-20',21038,41107),
(3938,'2017-02-20',21039,41107),
(3939,'2017-02-20',21040,41107),
(3940,'2017-02-20',20056,41107),
(3941,'2017-02-20',20057,41107),
(3942,'2017-02-20',20058,41107),
(3943,'2017-02-20',20079,41107),
(3949,'2017-02-20',20080,41107),
(3950,'2017-02-20',20081,41107),

(3954,'2017-02-20',21001,41108),
(3955,'2017-02-20',21002,41108),
(3956,'2017-02-20',21003,41108),
(3957,'2017-02-20',21004,41108),
(3958,'2017-02-20',21005,41108),
(3959,'2017-02-20',21006,41108),
(3960,'2017-02-20',21007,41108),
(3961,'2017-02-20',21008,41108),
(3962,'2017-02-20',21009,41108),
(3963,'2017-02-20',21010,41108),
(3964,'2017-02-20',21011,41108),
(3965,'2017-02-20',21012,41108),
(3966,'2017-02-20',21013,41108),
(3967,'2017-02-20',21014,41108),
(3968,'2017-02-20',21015,41108),
(3969,'2017-02-20',21016,41108),
(3970,'2017-02-20',21017,41108),
(3971,'2017-02-20',21018,41108),
(3972,'2017-02-20',21019,41108),
(3973,'2017-02-20',21020,41108),
(3974,'2017-02-20',21021,41108),
(3975,'2017-02-20',21022,41108),
(3976,'2017-02-20',21023,41108),
(3977,'2017-02-20',21024,41108),
(3978,'2017-02-20',21025,41108),
(3979,'2017-02-20',21026,41108),
(3980,'2017-02-20',20155,41108),
(3981,'2017-02-20',21028,41108),
(3982,'2017-02-20',21029,41108),
(3983,'2017-02-20',21030,41108),
(3984,'2017-02-20',21031,41108),
(3985,'2017-02-20',21032,41108),
(3986,'2017-02-20',21033,41108),
(3987,'2017-02-20',21034,41108),
(3988,'2017-02-20',21035,41108),
(3989,'2017-02-20',21036,41108),
(3990,'2017-02-20',21037,41108),
(3991,'2017-02-20',21038,41108),
(3992,'2017-02-20',21039,41108),
(3993,'2017-02-20',21040,41108),
(3994,'2017-02-20',20056,41108),
(3995,'2017-02-20',20057,41108),
(3996,'2017-02-20',20058,41108),
(3997,'2017-02-20',20079,41108),
(4003,'2017-02-20',20080,41108),
(4004,'2017-02-20',20081,41108),


(4008,'2017-02-20',21001,41109),
(4009,'2017-02-20',21002,41109),
(4010,'2017-02-20',21003,41109),
(4011,'2017-02-20',21004,41109),
(4012,'2017-02-20',21005,41109),
(4013,'2017-02-20',21006,41109),
(4014,'2017-02-20',21007,41109),
(4015,'2017-02-20',21008,41109),
(4016,'2017-02-20',21009,41109),
(4017,'2017-02-20',21010,41109),
(4018,'2017-02-20',21011,41109),
(4019,'2017-02-20',21012,41109),
(4020,'2017-02-20',21013,41109),
(4021,'2017-02-20',21014,41109),
(4022,'2017-02-20',21015,41109),
(4023,'2017-02-20',21016,41109),
(4024,'2017-02-20',21017,41109),
(4025,'2017-02-20',21018,41109),
(4026,'2017-02-20',21019,41109),
(4027,'2017-02-20',21020,41109),
(4028,'2017-02-20',21021,41109),
(4029,'2017-02-20',21022,41109),
(4030,'2017-02-20',21023,41109),
(4031,'2017-02-20',21024,41109),
(4032,'2017-02-20',21025,41109),
(4033,'2017-02-20',21026,41109),
(4034,'2017-02-20',20155,41109),
(4035,'2017-02-20',21028,41109),
(4036,'2017-02-20',21029,41109),
(4037,'2017-02-20',21030,41109),
(4038,'2017-02-20',21031,41109),
(4039,'2017-02-20',21032,41109),
(4040,'2017-02-20',21033,41109),
(4041,'2017-02-20',21034,41109),
(4042,'2017-02-20',21035,41109),
(4043,'2017-02-20',21036,41109),
(4044,'2017-02-20',21037,41109),
(4045,'2017-02-20',21038,41109),
(4046,'2017-02-20',21039,41109),
(4047,'2017-02-20',21040,41109),
(4048,'2017-02-20',20056,41109),
(4049,'2017-02-20',20057,41109),
(4050,'2017-02-20',20058,41109),
(4051,'2017-02-20',20079,41109),
(4057,'2017-02-20',20080,41109),
(4058,'2017-02-20',20081,41109),

(4062,'2017-02-20',21001,41110),
(4063,'2017-02-20',21002,41110),
(4064,'2017-02-20',21003,41110),
(4065,'2017-02-20',21004,41110),
(4066,'2017-02-20',21005,41110),
(4067,'2017-02-20',21006,41110),
(4068,'2017-02-20',21007,41110),
(4069,'2017-02-20',21008,41110),
(4070,'2017-02-20',21009,41110),
(4071,'2017-02-20',21010,41110),
(4072,'2017-02-20',21011,41110),
(4073,'2017-02-20',21012,41110),
(4074,'2017-02-20',21013,41110),
(4075,'2017-02-20',21014,41110),
(4076,'2017-02-20',21015,41110),
(4077,'2017-02-20',21016,41110),
(4078,'2017-02-20',21017,41110),
(4079,'2017-02-20',21018,41110),
(4080,'2017-02-20',21019,41110),
(4081,'2017-02-20',21020,41110),
(4082,'2017-02-20',21021,41110),
(4083,'2017-02-20',21022,41110),
(4084,'2017-02-20',21023,41110),
(4085,'2017-02-20',21024,41110),
(4086,'2017-02-20',21025,41110),
(4087,'2017-02-20',21026,41110),
(4088,'2017-02-20',20155,41110),
(4089,'2017-02-20',21028,41110),
(4090,'2017-02-20',21029,41110),
(4091,'2017-02-20',21030,41110),
(4092,'2017-02-20',21031,41110),
(4093,'2017-02-20',21032,41110),
(4094,'2017-02-20',21033,41110),
(4095,'2017-02-20',21034,41110),
(4096,'2017-02-20',21035,41110),
(4097,'2017-02-20',21036,41110),
(4098,'2017-02-20',21037,41110),
(4099,'2017-02-20',21038,41110),
(4100,'2017-02-20',21039,41110),
(4101,'2017-02-20',21040,41110),
(4102,'2017-02-20',20056,41110),
(4103,'2017-02-20',20057,41110),
(4104,'2017-02-20',20058,41110),
(4105,'2017-02-20',20079,41110),
(4111,'2017-02-20',20080,41110),
(4112,'2017-02-20',20081,41110),


(4116,'2017-02-20',21001,41111),
(4117,'2017-02-20',21002,41111),
(4118,'2017-02-20',21003,41111),
(4119,'2017-02-20',21004,41111),
(4120,'2017-02-20',21005,41111),
(4121,'2017-02-20',21006,41111),
(4122,'2017-02-20',21007,41111),
(4123,'2017-02-20',21008,41111),
(4124,'2017-02-20',21009,41111),
(4125,'2017-02-20',21010,41111),
(4126,'2017-02-20',21011,41111),
(4127,'2017-02-20',21012,41111),
(4128,'2017-02-20',21013,41111),
(4129,'2017-02-20',21014,41111),
(4130,'2017-02-20',21015,41111),
(4131,'2017-02-20',21016,41111),
(4132,'2017-02-20',21017,41111),
(4133,'2017-02-20',21018,41111),
(4134,'2017-02-20',21019,41111),
(4135,'2017-02-20',21020,41111),
(4136,'2017-02-20',21021,41111),
(4137,'2017-02-20',21022,41111),
(4138,'2017-02-20',21023,41111),
(4139,'2017-02-20',21024,41111),
(4140,'2017-02-20',21025,41111),
(4141,'2017-02-20',21026,41111),
(4142,'2017-02-20',20155,41111),
(4143,'2017-02-20',21028,41111),
(4144,'2017-02-20',21029,41111),
(4145,'2017-02-20',21030,41111),
(4146,'2017-02-20',21031,41111),
(4147,'2017-02-20',21032,41111),
(4148,'2017-02-20',21033,41111),
(4149,'2017-02-20',21034,41111),
(4150,'2017-02-20',21035,41111),
(4151,'2017-02-20',21036,41111),
(4152,'2017-02-20',21037,41111),
(4153,'2017-02-20',21038,41111),
(4154,'2017-02-20',21039,41111),
(4155,'2017-02-20',21040,41111),
(4156,'2017-02-20',20056,41111),
(4157,'2017-02-20',20057,41111),
(4158,'2017-02-20',20058,41111),
(4159,'2017-02-20',20079,41111),
(4165,'2017-02-20',20080,41111),
(4166,'2017-02-20',20081,41111),


(4170,'2017-02-20',21001,41112),
(4171,'2017-02-20',21002,41112),
(4172,'2017-02-20',21003,41112),
(4173,'2017-02-20',21004,41112),
(4174,'2017-02-20',21005,41112),
(4175,'2017-02-20',21006,41112),
(4176,'2017-02-20',21007,41112),
(4177,'2017-02-20',21008,41112),
(4178,'2017-02-20',21009,41112),
(4179,'2017-02-20',21010,41112),
(4180,'2017-02-20',21011,41112),
(4181,'2017-02-20',21012,41112),
(4182,'2017-02-20',21013,41112),
(4183,'2017-02-20',21014,41112),
(4184,'2017-02-20',21015,41112),
(4185,'2017-02-20',21016,41112),
(4186,'2017-02-20',21017,41112),
(4187,'2017-02-20',21018,41112),
(4188,'2017-02-20',21019,41112),
(4189,'2017-02-20',21020,41112),
(4190,'2017-02-20',21021,41112),
(4191,'2017-02-20',21022,41112),
(4192,'2017-02-20',21023,41112),
(4193,'2017-02-20',21024,41112),
(4194,'2017-02-20',21025,41112),
(4195,'2017-02-20',21026,41112),
(4196,'2017-02-20',20155,41112),
(4197,'2017-02-20',21028,41112),
(4198,'2017-02-20',21029,41112),
(4199,'2017-02-20',21030,41112),
(4200,'2017-02-20',21031,41112),
(4201,'2017-02-20',21032,41112),
(4202,'2017-02-20',21033,41112),
(4203,'2017-02-20',21034,41112),
(4204,'2017-02-20',21035,41112),
(4205,'2017-02-20',21036,41112),
(4206,'2017-02-20',21037,41112),
(4207,'2017-02-20',21038,41112),
(4208,'2017-02-20',21039,41112),
(4209,'2017-02-20',21040,41112),
(4210,'2017-02-20',20056,41112),
(4211,'2017-02-20',20057,41112),
(4212,'2017-02-20',20058,41112),
(4213,'2017-02-20',20079,41112),
(4219,'2017-02-20',20080,41112),
(4220,'2017-02-20',20081,41112),


(4224,'2017-02-20',21001,41113),
(4225,'2017-02-20',21002,41113),
(4226,'2017-02-20',21003,41113),
(4227,'2017-02-20',21004,41113),
(4228,'2017-02-20',21005,41113),
(4229,'2017-02-20',21006,41113),
(4230,'2017-02-20',21007,41113),
(4231,'2017-02-20',21008,41113),
(4232,'2017-02-20',21009,41113),
(4233,'2017-02-20',21010,41113),
(4234,'2017-02-20',21011,41113),
(4235,'2017-02-20',21012,41113),
(4236,'2017-02-20',21013,41113),
(4237,'2017-02-20',21014,41113),
(4238,'2017-02-20',21015,41113),
(4239,'2017-02-20',21016,41113),
(4240,'2017-02-20',21017,41113),
(4241,'2017-02-20',21018,41113),
(4242,'2017-02-20',21019,41113),
(4243,'2017-02-20',21020,41113),
(4244,'2017-02-20',21021,41113),
(4245,'2017-02-20',21022,41113),
(4246,'2017-02-20',21023,41113),
(4247,'2017-02-20',21024,41113),
(4248,'2017-02-20',21025,41113),
(4249,'2017-02-20',21026,41113),
(4250,'2017-02-20',20155,41113),
(4251,'2017-02-20',21028,41113),
(4252,'2017-02-20',21029,41113),
(4253,'2017-02-20',21030,41113),
(4254,'2017-02-20',21031,41113),
(4255,'2017-02-20',21032,41113),
(4256,'2017-02-20',21033,41113),
(4257,'2017-02-20',21034,41113),
(4258,'2017-02-20',21035,41113),
(4259,'2017-02-20',21036,41113),
(4260,'2017-02-20',21037,41113),
(4261,'2017-02-20',21038,41113),
(4262,'2017-02-20',21039,41113),
(4263,'2017-02-20',21040,41113),
(4264,'2017-02-20',20056,41113),
(4265,'2017-02-20',20057,41113),
(4266,'2017-02-20',20058,41113),
(4267,'2017-02-20',20079,41113),
(4273,'2017-02-20',20080,41113),
(4274,'2017-02-20',20081,41113),


(4278,'2017-02-20',21001,41114),
(4279,'2017-02-20',21002,41114),
(4280,'2017-02-20',21003,41114),
(4281,'2017-02-20',21004,41114),
(4282,'2017-02-20',21005,41114),
(4283,'2017-02-20',21006,41114),
(4284,'2017-02-20',21007,41114),
(4285,'2017-02-20',21008,41114),
(4286,'2017-02-20',21009,41114),
(4287,'2017-02-20',21010,41114),
(4288,'2017-02-20',21011,41114),
(4289,'2017-02-20',21012,41114),
(4290,'2017-02-20',21013,41114),
(4291,'2017-02-20',21014,41114),
(4292,'2017-02-20',21015,41114),
(4293,'2017-02-20',21016,41114),
(4294,'2017-02-20',21017,41114),
(4295,'2017-02-20',21018,41114),
(4296,'2017-02-20',21019,41114),
(4297,'2017-02-20',21020,41114),
(4298,'2017-02-20',21021,41114),
(4299,'2017-02-20',21022,41114),
(4300,'2017-02-20',21023,41114),
(4301,'2017-02-20',21024,41114),
(4302,'2017-02-20',21025,41114),
(4303,'2017-02-20',21026,41114),
(4304,'2017-02-20',20155,41114),
(4305,'2017-02-20',21028,41114),
(4306,'2017-02-20',21029,41114),
(4307,'2017-02-20',21030,41114),
(4308,'2017-02-20',21031,41114),
(4309,'2017-02-20',21032,41114),
(4310,'2017-02-20',21033,41114),
(4311,'2017-02-20',21034,41114),
(4312,'2017-02-20',21035,41114),
(4313,'2017-02-20',21036,41114),
(4314,'2017-02-20',21037,41114),
(4315,'2017-02-20',21038,41114),
(4316,'2017-02-20',21039,41114),
(4317,'2017-02-20',21040,41114),
(4318,'2017-02-20',20056,41114),
(4319,'2017-02-20',20057,41114),
(4320,'2017-02-20',20058,41114),
(4321,'2017-02-20',20079,41114),
(4327,'2017-02-20',20080,41114),
(4328,'2017-02-20',20081,41114),


(4332,'2017-02-20',21001,41115),
(4333,'2017-02-20',21002,41115),
(4334,'2017-02-20',21003,41115),
(4335,'2017-02-20',21004,41115),
(4336,'2017-02-20',21005,41115),
(4337,'2017-02-20',21006,41115),
(4338,'2017-02-20',21007,41115),
(4339,'2017-02-20',21008,41115),
(4340,'2017-02-20',21009,41115),
(4341,'2017-02-20',21010,41115),
(4342,'2017-02-20',21011,41115),
(4343,'2017-02-20',21012,41115),
(4344,'2017-02-20',21013,41115),
(4345,'2017-02-20',21014,41115),
(4346,'2017-02-20',21015,41115),
(4347,'2017-02-20',21016,41115),
(4348,'2017-02-20',21017,41115),
(4349,'2017-02-20',21018,41115),
(4350,'2017-02-20',21019,41115),
(4351,'2017-02-20',21020,41115),
(4352,'2017-02-20',21021,41115),
(4353,'2017-02-20',21022,41115),
(4354,'2017-02-20',21023,41115),
(4355,'2017-02-20',21024,41115),
(4356,'2017-02-20',21025,41115),
(4357,'2017-02-20',21026,41115),
(4358,'2017-02-20',20155,41115),
(4359,'2017-02-20',21028,41115),
(4360,'2017-02-20',21029,41115),
(4361,'2017-02-20',21030,41115),
(4362,'2017-02-20',21031,41115),
(4363,'2017-02-20',21032,41115),
(4364,'2017-02-20',21033,41115),
(4365,'2017-02-20',21034,41115),
(4366,'2017-02-20',21035,41115),
(4367,'2017-02-20',21036,41115),
(4368,'2017-02-20',21037,41115),
(4369,'2017-02-20',21038,41115),
(4370,'2017-02-20',21039,41115),
(4371,'2017-02-20',21040,41115),
(4372,'2017-02-20',20056,41115),
(4373,'2017-02-20',20057,41115),
(4374,'2017-02-20',20058,41115),
(4375,'2017-02-20',20079,41115),
(4381,'2017-02-20',20080,41115),
(4382,'2017-02-20',20081,41115),


(4386,'2017-02-20',21001,41116),
(4387,'2017-02-20',21002,41116),
(4388,'2017-02-20',21003,41116),
(4389,'2017-02-20',21004,41116),
(4390,'2017-02-20',21005,41116),
(4391,'2017-02-20',21006,41116),
(4392,'2017-02-20',21007,41116),
(4393,'2017-02-20',21008,41116),
(4394,'2017-02-20',21009,41116),
(4395,'2017-02-20',21010,41116),
(4396,'2017-02-20',21011,41116),
(4397,'2017-02-20',21012,41116),
(4398,'2017-02-20',21013,41116),
(4399,'2017-02-20',21014,41116),
(4400,'2017-02-20',21015,41116),
(4401,'2017-02-20',21016,41116),
(4402,'2017-02-20',21017,41116),
(4403,'2017-02-20',21018,41116),
(4404,'2017-02-20',21019,41116),
(4405,'2017-02-20',21020,41116),
(4406,'2017-02-20',21021,41116),
(4407,'2017-02-20',21022,41116),
(4408,'2017-02-20',21023,41116),
(4409,'2017-02-20',21024,41116),
(4410,'2017-02-20',21025,41116),
(4411,'2017-02-20',21026,41116),
(4412,'2017-02-20',20155,41116),
(4413,'2017-02-20',21028,41116),
(4414,'2017-02-20',21029,41116),
(4415,'2017-02-20',21030,41116),
(4416,'2017-02-20',21031,41116),
(4417,'2017-02-20',21032,41116),
(4418,'2017-02-20',21033,41116),
(4419,'2017-02-20',21034,41116),
(4420,'2017-02-20',21035,41116),
(4421,'2017-02-20',21036,41116),
(4422,'2017-02-20',21037,41116),
(4423,'2017-02-20',21038,41116),
(4424,'2017-02-20',21039,41116),
(4425,'2017-02-20',21040,41116),
(4426,'2017-02-20',20056,41116),
(4427,'2017-02-20',20057,41116),
(4428,'2017-02-20',20058,41116),
(4429,'2017-02-20',20079,41116),
(4435,'2017-02-20',20080,41116),
(4436,'2017-02-20',20081,41116),


(4440,'2017-02-20',21001,41117),
(4441,'2017-02-20',21002,41117),
(4442,'2017-02-20',21003,41117),
(4443,'2017-02-20',21004,41117),
(4444,'2017-02-20',21005,41117),
(4445,'2017-02-20',21006,41117),
(4446,'2017-02-20',21007,41117),
(4447,'2017-02-20',21008,41117),
(4448,'2017-02-20',21009,41117),
(4449,'2017-02-20',21010,41117),
(4450,'2017-02-20',21011,41117),
(4451,'2017-02-20',21012,41117),
(4452,'2017-02-20',21013,41117),
(4453,'2017-02-20',21014,41117),
(4454,'2017-02-20',21015,41117),
(4455,'2017-02-20',21016,41117),
(4456,'2017-02-20',21017,41117),
(4457,'2017-02-20',21018,41117),
(4458,'2017-02-20',21019,41117),
(4459,'2017-02-20',21020,41117),
(4460,'2017-02-20',21021,41117),
(4461,'2017-02-20',21022,41117),
(4462,'2017-02-20',21023,41117),
(4463,'2017-02-20',21024,41117),
(4464,'2017-02-20',21025,41117),
(4465,'2017-02-20',21026,41117),
(4466,'2017-02-20',20155,41117),
(4467,'2017-02-20',21028,41117),
(4468,'2017-02-20',21029,41117),
(4469,'2017-02-20',21030,41117),
(4470,'2017-02-20',21031,41117),
(4471,'2017-02-20',21032,41117),
(4472,'2017-02-20',21033,41117),
(4473,'2017-02-20',21034,41117),
(4474,'2017-02-20',21035,41117),
(4475,'2017-02-20',21036,41117),
(4476,'2017-02-20',21037,41117),
(4477,'2017-02-20',21038,41117),
(4478,'2017-02-20',21039,41117),
(4479,'2017-02-20',21040,41117),
(4480,'2017-02-20',20056,41117),
(4481,'2017-02-20',20057,41117),
(4482,'2017-02-20',20058,41117),
(4483,'2017-02-20',20079,41117),
(4489,'2017-02-20',20080,41117),
(4490,'2017-02-20',20081,41117),


(4494,'2017-02-20',21001,41118),
(4495,'2017-02-20',21002,41118),
(4496,'2017-02-20',21003,41118),
(4497,'2017-02-20',21004,41118),
(4498,'2017-02-20',21005,41118),
(4499,'2017-02-20',21006,41118),
(4500,'2017-02-20',21007,41118),
(4501,'2017-02-20',21008,41118),
(4502,'2017-02-20',21009,41118),
(4503,'2017-02-20',21010,41118),
(4504,'2017-02-20',21011,41118),
(4505,'2017-02-20',21012,41118),
(4506,'2017-02-20',21013,41118),
(4507,'2017-02-20',21014,41118),
(4508,'2017-02-20',21015,41118),
(4509,'2017-02-20',21016,41118),
(4510,'2017-02-20',21017,41118),
(4511,'2017-02-20',21018,41118),
(4512,'2017-02-20',21019,41118),
(4513,'2017-02-20',21020,41118),
(4514,'2017-02-20',21021,41118),
(4515,'2017-02-20',21022,41118),
(4516,'2017-02-20',21023,41118),
(4517,'2017-02-20',21024,41118),
(4518,'2017-02-20',21025,41118),
(4519,'2017-02-20',21026,41118),
(4520,'2017-02-20',20155,41118),
(4521,'2017-02-20',21028,41118),
(4522,'2017-02-20',21029,41118),
(4523,'2017-02-20',21030,41118),
(4524,'2017-02-20',21031,41118),
(4525,'2017-02-20',21032,41118),
(4526,'2017-02-20',21033,41118),
(4527,'2017-02-20',21034,41118),
(4528,'2017-02-20',21035,41118),
(4529,'2017-02-20',21036,41118),
(4530,'2017-02-20',21037,41118),
(4531,'2017-02-20',21038,41118),
(4532,'2017-02-20',21039,41118),
(4533,'2017-02-20',21040,41118),
(4534,'2017-02-20',20056,41118),
(4535,'2017-02-20',20057,41118),
(4536,'2017-02-20',20058,41118),
(4537,'2017-02-20',20079,41118),
(4543,'2017-02-20',20080,41118),
(4544,'2017-02-20',20081,41118),


(4548,'2017-02-20',21001,41119),
(4549,'2017-02-20',21002,41119),
(4550,'2017-02-20',21003,41119),
(4551,'2017-02-20',21004,41119),
(4552,'2017-02-20',21005,41119),
(4553,'2017-02-20',21006,41119),
(4554,'2017-02-20',21007,41119),
(4555,'2017-02-20',21008,41119),
(4556,'2017-02-20',21009,41119),
(4557,'2017-02-20',21010,41119),
(4558,'2017-02-20',21011,41119),
(4559,'2017-02-20',21012,41119),
(4560,'2017-02-20',21013,41119),
(4561,'2017-02-20',21014,41119),
(4562,'2017-02-20',21015,41119),
(4563,'2017-02-20',21016,41119),
(4564,'2017-02-20',21017,41119),
(4565,'2017-02-20',21018,41119),
(4566,'2017-02-20',21019,41119),
(4567,'2017-02-20',21020,41119),
(4568,'2017-02-20',21021,41119),
(4569,'2017-02-20',21022,41119),
(4570,'2017-02-20',21023,41119),
(4571,'2017-02-20',21024,41119),
(4572,'2017-02-20',21025,41119),
(4573,'2017-02-20',21026,41119),
(4574,'2017-02-20',20155,41119),
(4575,'2017-02-20',21028,41119),
(4576,'2017-02-20',21029,41119),
(4577,'2017-02-20',21030,41119),
(4578,'2017-02-20',21031,41119),
(4579,'2017-02-20',21032,41119),
(4580,'2017-02-20',21033,41119),
(4581,'2017-02-20',21034,41119),
(4582,'2017-02-20',21035,41119),
(4583,'2017-02-20',21036,41119),
(4584,'2017-02-20',21037,41119),
(4585,'2017-02-20',21038,41119),
(4586,'2017-02-20',21039,41119),
(4587,'2017-02-20',21040,41119),
(4588,'2017-02-20',20056,41119),
(4589,'2017-02-20',20057,41119),
(4590,'2017-02-20',20058,41119),
(4591,'2017-02-20',20079,41119),
(4597,'2017-02-20',20080,41119),
(4598,'2017-02-20',20081,41119),

(4602,'2017-02-20',21001,41120),
(4603,'2017-02-20',21002,41120),
(4604,'2017-02-20',21003,41120),
(4605,'2017-02-20',21004,41120),
(4606,'2017-02-20',21005,41120),
(4607,'2017-02-20',21006,41120),
(4608,'2017-02-20',21007,41120),
(4609,'2017-02-20',21008,41120),
(4610,'2017-02-20',21009,41120),
(4611,'2017-02-20',21010,41120),
(4612,'2017-02-20',21011,41120),
(4613,'2017-02-20',21012,41120),
(4614,'2017-02-20',21013,41120),
(4615,'2017-02-20',21014,41120),
(4616,'2017-02-20',21015,41120),
(4617,'2017-02-20',21016,41120),
(4618,'2017-02-20',21017,41120),
(4619,'2017-02-20',21018,41120),
(4620,'2017-02-20',21019,41120),
(4621,'2017-02-20',21020,41120),
(4622,'2017-02-20',21021,41120),
(4623,'2017-02-20',21022,41120),
(4624,'2017-02-20',21023,41120),
(4625,'2017-02-20',21024,41120),
(4626,'2017-02-20',21025,41120),
(4627,'2017-02-20',21026,41120),
(4628,'2017-02-20',20155,41120),
(4629,'2017-02-20',21028,41120),
(4630,'2017-02-20',21029,41120),
(4631,'2017-02-20',21030,41120),
(4632,'2017-02-20',21031,41120),
(4633,'2017-02-20',21032,41120),
(4634,'2017-02-20',21033,41120),
(4635,'2017-02-20',21034,41120),
(4636,'2017-02-20',21035,41120),
(4637,'2017-02-20',21036,41120),
(4638,'2017-02-20',21037,41120),
(4639,'2017-02-20',21038,41120),
(4640,'2017-02-20',21039,41120),
(4641,'2017-02-20',21040,41120),
(4642,'2017-02-20',20056,41120),
(4643,'2017-02-20',20057,41120),
(4644,'2017-02-20',20058,41120),
(4645,'2017-02-20',20079,41120),
(4651,'2017-02-20',20080,41120),
(4652,'2017-02-20',20081,41120);