USE system;

INSERT INTO `user`
(`id`, `password`, `type`, `email`, `firstName`, `lastName`, `address`, `city`, `state`, `country`, `zipCode`, `phoneNumber`, `isLockout`) VALUES
(10000, '1234', 'S', 'LopezM', 'Maria', 'Lopez', '223 Grand Ave', 'Garden City', 'NY', 'USA', '11530', '5165601525', 0),
(10002, '5678', 'F', 'ChungS', 'SikhoC', 'Chung', '100 Main St', 'Lynbrrok', 'NY', 'USA', '11563', '5167900666', 0),
(10003, '9101', 'A', 'MooreM', 'Mark', 'Moore', '50 Hill Ave', 'Forest Hill', 'NY', 'USA', '11568', '7184502569', 0),
(10004, '1213', 'R', 'ShawP', 'Paul', 'Shaw', '45 Mill Rd', 'Valley', 'NY', 'USA', '11570', '5164506000', 0),
(10005, '1415', 'S', 'MillH', 'Harry', 'Mill', '78 Bail Rd','White Plains', 'NY', 'USA', '11710', '9146321550', 0),
(10006, '1516', 'S', 'LynerC', 'Carl', 'Lyner', '890 Wake Rd','Garden City', 'NY', 'USA', '11530', '5169698500', 0),
(10007, '2021', 'A', 'MarkJ', 'Jannet', 'Mark', '1000 Horton Ave', 'Manhattan', 'NY', 'USA', '11100', '2125468900', 1),
(10008, '2223', 'S', 'GuzmanG', 'Garry', 'Guzman', '45 Lewis Rd', 'Riverdale', 'NY', 'USA', '11710', '9144507777', 1),
(10009, '1920', 'S', 'KurstJ', 'John', 'Kurst', '8500 Jill Rd', 'Hicksville', 'NY', 'USA', '11598', '5168799999', 0),
(10010, '1718', 'S', 'AlvaR', 'Ron', 'Alva', '1212 North Ave','Baldwin', 'NY', 'USA', '11570', '5169600000', 0),
(10011, '2425', 'F', 'HarrisonD', 'David', 'Harrison', '546 Hill St', 'Garden City', 'NY', 'USA', '11560', '5164545555', 0),
(10012, '2526', 'F', 'AlgarE', 'Edward', 'Algar', '7th Ave', 'New York', 'NY', 'USA', '11020', '2475684747', 1),
(10013, '2627', 'F', 'LewisG', 'George', 'Lewis', '87 Fair View','Horton', 'NY', 'USA', '11400', '7188774545', 1),
(10014, '2728', 'F', 'Jhonsonk', 'Carly', 'Johonsn', '4500 Mill Rd','Saw Mill', 'NY', 'USA', '11760', '9144506565', 0),
(10015, '2829', 'F', 'WilliamsF', 'Frank', 'Williams', '30 George Rd','Portchester', 'NY', 'USA', '11789', '9195857777', 0),
(10016, '3031', 'F', 'SamsD', 'David', 'Sams', '67 Valentine Lane', 'Freeport', 'NY', 'USA', '11545', '5164141111', 1),
(10017, '3120', 'A', 'DavisM', 'Maria', 'Davis', '788 Dixie Rd', 'Farmingdale ', 'NY', 'USA', '11590', '5163636666', 0),
(10018, '3124', 'A', 'FreemanS', 'Samuel', 'Freeman', '1212 Moon Ave', 'Valley Stream', 'NY', 'USA', '11580', '5167925000', 0),
(10019, '3130', 'A', 'LynchC', 'Carmen', 'Lynch', '56 Front St', 'Hempstead', 'NY', 'USA', '11530', '5167870000', 0),
(10020, '3145', 'A', 'WallsH', 'Hazel', 'Walls', '2345 Wilson Ave', 'Williamsburg', 'NY', 'USA', '110777', '7184564747', 0),
(10021, '4010', 'R', 'ThomasE', 'Eddie', 'Thomas', '112 Carl Ave', 'Lynbrook', 'NY', 'USA', '11563', '5167122020', 0),
(10022, '3146', 'R', 'PortN', 'Norman', 'Port', '124 Gill Ave', 'Brentwood', 'NY', 'USA', '11745', '6318004455', 0),
(10023, '3146', 'R', 'DunkenT', 'Terry', 'Dunken', '666 Fence Ave','Manhattan', 'NY', 'USA', '11001', '2125887771', 0),
(10024, '3047', 'R', 'MurrayT', 'Tyrone', 'Murray', '9600 8th Ave', 'New York', 'NY', 'USA', '11004', '2122020000', 0),
(10025, '3149', 'R', 'YumiR', 'Ralph', 'Yumi', '222 Lime St', 'Massapequa', 'NY', 'USA', '11590', '5164508888', 0),
(10026, '3150', 'R', 'AlemanK', 'Kerri', 'Aleman', '227 Palisade Ave','Yonkers', 'NY', 'USA', '11706', '9146341245', 0),
(10027, '4500', 'A', 'TempanoM', 'Michael', 'Tempano', '12 Freeway Rd', 'Jamaica', 'NY', 'USA', '11350', '7185554444', 0),
(10028, '4501', 'A', 'SummitP', 'Peter', 'Summit', '5600 Jones Lane', 'Bellmore', 'NY', 'USA', '11740', '5161216666', 0),
(10029, '3320', 'A', 'CheungD', 'Doris', 'Cheung', '345 Hillside Ave', 'Hillside', 'NY', 'USA', '11300', '7185004444', 1),
(10030, '3321', 'A', 'TongiR', 'Rachel', 'Tongi', '45 Groomy Lane', 'New Jersey', 'NJ', 'USA', '10023', '2167846666', 0),
(10031, '4050', 'S', 'PhillpsF', 'Fernanado', 'Phillips', '1234 Powell Rd', 'Ohio', 'OH', 'USA', '45066', '879789000', 0),
(10032, '4051', 'S', 'TuckerE', 'Eddie', 'Tucker', '899 Tailor St', 'San Diego', 'CA', 'USA', '65001', '7074515555', 0),
(10033, '4501', 'F', 'ChewY', 'Yonny', 'Chew', '34 Park Ave','Union', 'NJ', 'USA', '20560', '7064569999', 0),
(10034, '4502', 'F', 'ChenD', 'Denna', 'Chen', '59 Moonside St', 'Valley Stream', 'NY', 'USA', '11580', '5166338080', 1),
(10035, '4503', 'F', 'ParkM', 'Marie', 'Park', '258 Golf Rd', 'New Rochelle', 'NY', 'USA', '10530', '5777845043', 0),
(10036, '4504', 'F', 'DanteT', 'Thomas', 'Dante', '699 Hill Ave', 'Toronto', 'CA', 'Canada', '0015', '1565550000', 0),
(10037, '1168', 'A', 'GioviV', 'Connie', 'Vasquez', '100 Main St', 'valley Central', 'NY', 'USA', '11580', '5167905000', 1);

INSERT INTO `user` 
(`id`, `email`, `password`, `type`, `firstName`, `lastName`, `address`, `city`, `state`, `country`, `zipCode`, `phoneNumber`, `isLockout`) VALUES
(10038, 'SheltonD','1111', 'F', 'Dawn', 'Shelton', '529 Newton Street', 'St Cloud', 'MN', 'USA', '11178', '3202911613', 0),
(10039, 'PolaskiD', '2222', 'F', 'Nancy', 'Polaski', '5221 Newton Street', 'Farmingdale', 'NY', 'USA', '11472', '3491223132', 0),
(10040, 'ChungM', '5678', 'F', 'Mari', 'Chung', '101 Main St', 'Lynbrrok', 'NY', 'USA', '11563', '5167907070', 0),
(10041, 'ChevyD', '1111', 'F', 'Dan', 'Chevy', '530 Newton Street', 'St Cloud', 'MN', 'USA', '11148', '3202912312', 0),
(10042, 'HammerD', '2425', 'F', 'Dave', 'Hammer', '554 Hill St', 'Garden City', 'NY', 'USA', '11560', '5164545123', 0),
(10043, 'Patp', '2526', 'F', 'Patrick', 'Pat', '11th Ave', 'New York', 'NY', 'USA', '11022', '2475684723', 0),
(10044, 'LewisC',  '2627', 'F', 'Corriene', 'Lewis', '87 Fair Mountain', 'Horton', 'NY', 'USA', '11212', '7188772431', 0),
(10045, 'Admask', '2728', 'F', 'Kiara', 'Admas', '4512 Mill Rd', 'Saw Mill', 'NY', 'USA', '11723', '9144506323', 0),
(10046, 'RoseF',  '2829', 'F',  'Frank', 'Rose', '323 George Rd', 'Portchester', 'NY', 'USA', '11742', '9195857764', 0),
(10047, 'SamsA', '3031', 'F', 'Adam', 'Sams', '600 Valentine Lane', 'Freeport', 'NY', 'USA', '11545', '5164141211', 0),
(10048, 'ChuckR', '2222', 'F', 'Rose', 'Chuck', '232 Hammer St', 'Hicksville', 'NY', 'USA', '11801', '5168291212', 0),
(10049, 'mathewK', '4501', 'F', 'Kill', 'mathew', '334 Park Ave', 'Union', 'PA', 'USA', '20560', '7064569923', 0),
(10050, 'CriagD', '4502', 'F', 'Denna', 'Criag', '549 Moonside St', 'Valley Stream', 'NY', 'USA', '11580', '5166238080', 0),
(10051, 'ParkJ', '4503', 'F', 'John', 'Park', '2128 Golf Rd', 'New Rochelle', 'NY', 'USA', '10530', '9145251092', 0),
(10052, 'DanteR', '4504', 'F', 'Rilley', 'Dante', '691 Hill Ave', 'Toronto', 'TO', 'Canada', '0015', '5165554212', 0),
(10053, 'MollyD', '4502', 'F', 'Dolly', 'Molly', '549 Moonside St', 'Valley Stream', 'NY', 'USA', '11580', '5166238080', 0),
(10054, 'MollyE', '4502', 'F', 'Ellen', 'Molly', '5442 Moonside St', 'Valley Stream', 'NY', 'USA', '11580', '5166238080', 0),
(10055, 'HarrisonP', '2425', 'F',  'Patrick', 'Harrison', '542 Hill St', 'Garden City', 'NY', 'USA', '11560', '5164545211', 0),
(10056, 'TylerW', '2526', 'F', 'Walter', 'Tyler', '51th Ave', 'New York', 'NY', 'USA', '11020', '2475684723', 0),
(10057, 'BourneJ', '4503', 'F', 'Jason', 'Bourne', '2123 Golf Rd', 'New Rochelle', 'NY', 'USA', '10530', '9145251231', 0),
(10058, 'BrownJ', '2728', 'F', 'Jennifer', 'Brown', '4520 Mill Rd', 'Saw Mill', 'NY', 'USA', '11760', '9144506551', 0),
(10059, 'WilliamsM', '2829', 'F', 'Mary', 'Williams', '310 George Rd', 'Portchester', 'NY', 'USA', '11789', '9195857621', 0),
(10060, 'JonesM', '5678', 'F', 'Mary', 'Jones', '102 Main St', 'Lynbrrok', 'NY', 'USA', '11563', '5167900623', 0),
(10061, 'BrownD', '2425', 'F', 'Dave', 'Brown', '5421 Hill St', 'Garden City', 'NY', 'USA', '11560', '5164545521', 0),
(10062, 'MiaN', '2526', 'F', 'Nazim', 'Mia', '100th Ave', 'New York', 'NY', 'USA', '11020', '2475682222', 0),
(10063, 'VasquezC', '2627', 'F', 'Connie', 'Vasquez', '812 Fair View', 'Horton', 'NY', 'USA', '11400', '7188774121', 0),
(10064, 'ChaseL', '2728', 'F',  'Lorane', 'Chase', '4500 Mill Rd', 'Saw Mill', 'FL', 'USA', '11760', '9144506511', 0),
(10065, 'QueensT', '2829', 'F', 'Telly', 'Queens', '321 George Rd', 'Portchester', 'NY', 'USA', '11789', '9195857212', 0),
(10066, 'JamesP', '3031', 'F', 'Polly', 'James', '67 Valentine Lane', 'Freeport', 'NY', 'USA', '11545', '5164141112', 0),
(10067, 'MarciaA', '4501', 'F', 'Anthony', 'Marcia', '34 Park Ave', 'Union', 'NJ', 'USA', '20560', '7064569912', 0),
(10068, 'ChenH', '4502', 'F', 'Hat', 'Chen', '59 Moonside St', 'Valley Stream', 'NY', 'USA', '11580', '5166338021', 0),
(10069, 'RobertsJ', '4503', 'F', 'Jane', 'Roberts', '258 Golf Rd', 'New Rochelle', 'NY', 'USA', '10530', '9145257121', 0),
(10070, 'LewisP', '7878', 'S', 'Patrice', 'Lewis', '54 Locust Hill', 'Yonkers', 'NY', 'USA', '10710', '9144845554', 0),
(10071, 'MoonL', '4747', 'S', 'Larry', 'Moon', '4788 Liberty Ave', 'Seattle', 'WA', 'USA', '98101', '4258585566', 0),
(10072, 'MilanO', '3654', 'S',  'Opina', 'Milan', '458 Bismark Ct', 'Ocean ', 'CA', 'USA', '93304', '6618511525', 0),
(10073, 'JuneK', '3971', 'S', 'Kelly', 'June', '5468 Rock Pl', 'Yonkers', 'NY', 'USA', '10706', '5169145656', 0),
(10074, 'KapiloskiU', '5586', 'S', 'Ubert', 'Kapilski', '300 Moon Lane', 'Brooklyn', 'NY', 'USA', '11209', '2129998787', 0),
(10075, 'LordC', '7784', 'S', 'Connie', 'Lord', '227 Place Terrace', 'Queens', 'NY', 'USA', '11405', '7188523636', 0),
(10076, 'PewisP', '7870', 'S', 'Patrice', 'Pewis', '54 Locust Hill', 'Yonkers', 'NY', 'USA', '10710', '9144845554', 0),
(10077, 'HomerF', '7411', 'S', 'Fatima', 'Homer', '65 Little Neck Rd', 'White Stone', 'NY', 'USA', '11406', '2122333636', 0),
(10078, 'HoltzH', '2512', 'S', 'Hazel', 'Holtz', '45688 Hillside', 'Long Beach', 'NC', 'USA', '27012', '9085839696', 0),
(10079, 'GordonH', '1136', 'S', 'Harriett', 'Gordon', '45 Pine St', 'Valley Stream', 'NY', 'USA', '11881', '5169898989', 0),
(10080, 'BursonF', '2364', 'S', 'Fanny', 'Burson', '1075 Court Lane', 'Connecticut', 'NY', 'USA', '06002', '2037898888', 0),
(10081, 'VasquezL', '9713', 'S', 'Letty', 'Vasquez', '14 Caryl Rd', 'FishKill', 'NY', 'USA', '12524', '8459708711', 0),
(10082, 'MayorI', '3698', 'S', 'Irma', 'Mayor', '14 Capital Lane', 'Wishkill', 'WI', 'USA', '00081', '7060555600', 0),
(10083, 'CastroJ', '9636', 'S', 'Jeannie', 'Castro', '568 Pine Lane', 'Hartford', 'NY', 'USA', '06004', '2031414578', 0),
(10084, 'def', 'xyz', 'S', 'Joe', 'Brown', '223 Grand Ave', 'Garden City', 'NY', 'USA', '11530', '5165601525', 0),
(10085, 'abc', 'xyz', 'A', 'Mary', 'McDonald', '50 Hill Ave', 'Forest Hill', 'NY', 'USA', '11568', '7184502569', 0),
(10086, 'CollinsE', 'A5454', 'F', 'Edwin', 'Collins', '134 Cherry Road', 'New Rochelle', 'NY', 'USA', '10802', '9146574432', 0),
(10087, 'PetrovskyC', 'petro1', 'F', 'Conrad', 'Petrovsky', '65 Harvest Lane', 'Yonkers', 'NY', 'USA', '10704', '9145646677', 0),
(10088, 'WestE', 'east1234', 'F', 'Emily', 'West', '44 Green Street', 'Garden City', 'NY', 'USA', '11530', '5162430910', 0),
(10089, 'LeviB', 'b4321', 'F', 'Beatrice', 'Levi', '11 Shell Avenue', 'Port Jefferson', 'NY', 'USA', '11777', '6312231974', 0),
(10090, 'HansonS', '24680', 'F', 'Sue', 'Hanson', '642 Rose Lane', 'Hempstead', 'NY', 'USA', '11530', '5169881012', 0),
(10091, 'DowlingS', 'george123', 'F', 'Sandy', 'Dowling', '64 Washington Boulevard', 'Mineola', 'NY', 'USA', '11501', '5167554315', 0),
(10092, 'DavisC', '8547', 'F', 'Cristopher', 'Davis', '2394 Frum Street', 'Dickson', 'TN', 'USA', '37055', '6153266921', 0),
(10093, 'DesrosiersR', '9541', 'F', 'Rebecca', 'Desrosiers', '3517 Centennial Farm Road', 'Wall Lake', 'IA', 'USA', '51466', '7126640082', 0),
(10094, 'DicksonJ', '1749', 'F', 'Jeff', 'Dickson', '1410 Zappia Drive', 'Lexington', 'KY', 'USA', '40507', '8593681491', 0),
(10095, 'TregreL', '3609', 'F', 'Linh', 'Tregre', '2518 Cedarstone Drive', 'Defiance', 'OH', 'USA', '43512', '4194984411', 0),
(10096, 'GertzG', '7329', 'F', 'George', 'Gertz', '1092 Pooh Bear Lane', 'Greenville', 'SC', 'USA', '29607', '8647064684', 0),
(10097, 'HillsC', '1046', 'F', 'Caleb', 'Hills', '2610 Angie Drive', 'Huntington Beach', 'CA', 'USA', '92648', '7149608153', 0),
(10098, 'McGeeB', '9757', 'F', 'Betty', 'McGee', '1513 Bates Brothers Road', 'Columbus', 'OH', 'USA', '43204', '6143084533', 0),
(10099, 'CardenasK', '8732', 'F', 'Kecia', 'Cardenas', '484 Huntz Lane', 'Acton', 'MA', 'USA', '01720', '9786061225', 0),
(10100, 'BermudezG', '5573', 'F', 'George', 'Bermudez', '2224 Marietta Street', 'Oakland', 'CA', 'USA', '94612', '7075977671', 0),
(10101, 'FarrellD', '4121', 'F', 'Don', 'Farrell', '2884 Lakewood Drive', 'Fair Lawn', 'NJ', 'USA', '07410', '2017964116', 0),
(10102, 'BurtonM', '7169', 'F', 'Maria', 'Burton', '707 Anmoore Road', 'Staten Island', 'NY', 'USA', '10314', '7187616915', 0),
(10103, 'HoltonD', '4367', 'F', 'Donald', 'Holton', '2291 Martha Ellen Drive', 'Elko', 'NV', 'USA', '89801', '7757388174', 0),
(10104, 'WardS', '6974', 'F', 'Sasha', 'Ward', '690 Golf Course Drive', 'Manassas', 'VA', 'USA', '22110', '7033358491', 0),
(10105, 'ShintaniK', '5854', 'F',  'Kisa', 'Shintani', '42 Goosetown Drive', 'Taylorsville', 'NC', 'USA', '28681', '8286355900', 0),
(10106, 'HamadaS', '8494', 'F', 'Sahara', 'Hamada', '806 Stratford Park', 'Terre Haute', 'IN', 'USA', '47805', '8128724626', 0),
(10107, 'TaketouI', '9072', 'F',  'Isae', 'Taketou', '2125 Lake Road', 'Egg Harbor', 'NJ', 'USA', '08232', '6094120025', 0),
(10108, 'MotsuzukiR', '2802', 'F', 'Ryou', 'Motsuzuki', '679 Jadewood Drive', 'South Bend', 'IN', 'USA', '46601', '2199734248', 0),
(10109, 'MunguiaO', '5410', 'F', 'Ozias', 'Munguia', '720 Hawks Nest Lane', 'Saint Louis', 'MO', 'USA', '63101', '3146788245', 0),
(10110, 'GranadosS', '9575', 'F', 'Sibila', 'Granados', '2899 Apple Lane', 'San Jose', 'IL', 'USA', '62682', '3092477424', 0),
(10111, 'HallG', '3481', 'F',  'Sibila', 'Granados', '184 Heatherleigh', 'Cooksville', 'ON', 'Canada', 'L5A 1V9', '9058975797', 0),
(10112, 'EberhardtJ', '8022', 'F', 'Juliane', 'Eberhardt', '388 Custer Street', 'Chicago', 'IL', 'USA', '60607', '8152155274', 0),
(10113, 'SalibT', '7129', 'F',  'Tareef', 'Salib', '4397 Pin Oak Drive', 'Pomona', 'CA', 'USA', '91766', '5629993704', 0),
(10114, 'TumaA', '7044', 'F',  'Ajib', 'Tuma', '3462 Huntz Lane', 'Cambridge', 'MA', 'USA', '02141', '9786073839', 0),
(10115, 'BisharaW', '5823', 'F', 'Waliy', 'Bishara', '104 Poplar Street', 'Burr Ridge', 'IL', 'USA', '61257', '7087277744', 0),
(10116, 'MarounA', '2582', 'F', 'Ataa', 'Maroun', '1511 Hoffman Avenue', 'New York', 'NY', 'USA', '10003', '9179614688', 0),
(10117, 'StankovicT', '3340', 'F', 'Teo', 'Stankovic', '1481 Baker Avenue', 'Dallas', 'TX', 'USA', '75244', '8178937793', 0),
(10118, 'JepsenR', '5632', 'F', 'Rikke', 'Jepsen', '1093 Snowbird Lane', 'Hooper', 'NE', 'USA', '68031', '4026545363', 0),
(10119, 'JoudaS', '6155', 'F', 'Sai', 'Jouda', '4918 Oakmound Drive', 'Chicago', 'IL', 'USA', '60605', '7733517885', 0),
(10120, 'EndoO', '2767', 'F', 'Otohiko', 'Endo', '1613 Deans Lane', 'Fairview Park', 'NY', 'USA', '10603', '9147892888', 0),
(10121, 'SandovalG', '8370', 'F', 'George', 'Sandoval', '4889 Glen Street', 'Brandenburg', 'KY', 'USA', '40108', '2704227409', 0),
(10122, 'CooleyA', '3089', 'F', 'Alfred', 'Cooley', '4884 John Avenue', 'East Lansing', 'MI', 'USA', '48823', '5179250756', 0),
(10123, 'NashS', '3332', 'F', 'Sergio', 'Nash', '433 Golden Street', 'Miami', 'FL', 'USA', '33143', '3056616606', 0),
(10124, 'ThompsonM', '2519', 'F', 'Mary', 'Thompson', '4589 Windy Ridge Road', 'Fort Wayne', 'IN', 'USA', '46805', '2604719988', 0),
(10125, 'FlemingK', '8284', 'F', 'Kathryn', 'Fleming', '4478 Myra Street', 'Providence', 'RI', 'USA', '02906', '4015599812', 0),
(10126, 'CatheyC', '2306', 'F ', 'Constance', 'Cathey', '190 Hiddenview Drive', 'Portland', 'PA', 'USA', '97205', '2159261768', 0),
(10127, 'LockhartJ', '1825', 'F', 'James', 'Lockhart', '3603 Warner Street', 'Miami', 'FL', 'USA', '33169', '3059926675', 0),
(10128, 'RiddleB', '1999', 'F', 'Betty', 'Riddle', '607 August Lane', 'Shreveport', 'LA', 'USA', '71101', '3184613457', 0);

INSERT INTO `building` (`code`, `name`) VALUES
('MAIN', 'SCND Campus Center'),
('STUN', 'SCND Student Union'),
('BUSH', 'Business Hall'),
('NTSC', 'Natural Sciences Building'),
('PHSC', 'Physical Sciences Building'),
('TECH', 'Technology Tower'),
('LTLN', 'Literature and Languages Building'),
('ENGB', 'Engineering Building'),
('SSCB', 'Social Sciences Building'),
('ARTS', 'Picasso Center For The Arts'),
('SYMP', 'SCND University Symphony Hall'),
('MATH', 'Mathematics Building'),
('CLRN', 'Center for Learning'),
('THTR', 'SCND Theatre'),
('NSSB', 'New Social Sciences Building'),
('HUMB', 'Humanities Building');

INSERT INTO `room` (`id`, `building_id`, `number`, `type`, `capacity`) VALUES
('MAIN1', 'MAIN', 101, 'C', 30),
('MAIN2', 'MAIN', 103, 'C', 30),
('MAIN3', 'MAIN', 105, 'C', 30),
('MAIN4', 'MAIN', 107, 'C', 30),
('MAIN5', 'MAIN', 109, 'C', 40),
('MAIN6', 'MAIN', 111, 'C', 30),
('MAIN7', 'MAIN', 113, 'C', 30),
('MAIN8', 'MAIN', 115, 'C', 30),
('MAIN9', 'MAIN', 117, 'C', 30),
('MAIN10', 'MAIN', 201, 'C', 30),
('MAIN11', 'MAIN', 203, 'C', 30),
('MAIN12', 'MAIN', 205, 'C', 30),
('MAIN13', 'MAIN', 207, 'C', 30),
('MAIN14', 'MAIN', 209, 'C', 40),
('MAIN15', 'MAIN', 211, 'C', 30),
('MAIN16', 'MAIN', 213, 'C', 30),
('MAIN17', 'MAIN', 215, 'C', 30),
('MAIN18', 'MAIN', 217, 'C', 30),
('MAIN19', 'MAIN', 219, 'C', 40),
('MAIN20', 'MAIN', 221, 'C', 30),
('MAIN21', 'MAIN', 223, 'C', 30),
('MAIN22', 'MAIN', 225, 'C', 30),
('MAIN23', 'MAIN', 227, 'O', 10),
('MAIN24', 'MAIN', 229, 'O', 20),
('MAIN25', 'MAIN', 227, 'O', 10),
('MAIN26', 'MAIN', 229, 'O', 20),
('MAIN27', 'MAIN', 227, 'O', 10),
('MAIN28', 'MAIN', 229, 'O', 20),
('STUN1', 'STUN', 101, 'C', 30),
('STUN2', 'STUN', 103, 'C', 30),
('STUN3', 'STUN', 105, 'C', 30),
('STUN4', 'STUN', 107, 'C', 30),
('STUN5', 'STUN', 109, 'C', 40),
('STUN6', 'STUN', 111, 'C', 30),
('STUN7', 'STUN', 113, 'C', 30),
('STUN8', 'STUN', 115, 'C', 30),
('STUN9', 'STUN', 117, 'C', 30),
('STUN10', 'STUN', 119, 'C', 40),
('STUN11', 'STUN', 121, 'C', 30),
('STUN12', 'STUN', 123, 'C', 30),
('STUN13', 'STUN', 125, 'O', 10),
('STUN14', 'STUN', 127, 'O', 10),
('STUN15', 'STUN', 129, 'O', 20),
('STUN16', 'STUN', 129, 'O', 25),
('BUSH1', 'BUSH', 101, 'C', 30),
('BUSH2', 'BUSH', 103, 'C', 30),
('BUSH3', 'BUSH', 105, 'C', 30),
('BUSH4', 'BUSH', 107, 'C', 30),
('BUSH5', 'BUSH', 109, 'C', 40),
('BUSH6', 'BUSH', 111, 'C', 30),
('BUSH7', 'BUSH', 113, 'C', 30),
('BUSH8', 'BUSH', 115, 'C', 30),
('BUSH9', 'BUSH', 117, 'C', 30),
('BUSH10', 'BUSH', 201, 'C', 30),
('BUSH11', 'BUSH', 203, 'C', 30),
('BUSH12', 'BUSH', 205, 'C', 30),
('BUSH13', 'BUSH', 207, 'C', 30),
('BUSH14', 'BUSH', 209, 'C', 40),
('BUSH15', 'BUSH', 211, 'C', 30),
('BUSH16', 'BUSH', 213, 'C', 30),
('BUSH17', 'BUSH', 215, 'C', 30),
('BUSH18', 'BUSH', 217, 'C', 30),
('BUSH19', 'BUSH', 219, 'C', 40),
('BUSH20', 'BUSH', 221, 'C', 30),
('BUSH21', 'BUSH', 223, 'C', 30),
('BUSH22', 'BUSH', 225, 'C', 30),
('BUSH23', 'BUSH', 227, 'C', 30),
('BUSH24', 'BUSH', 229, 'C', 40),
('BUSH25', 'BUSH', 301, 'F', 1),
('BUSH26', 'BUSH', 303, 'F', 1),
('BUSH27', 'BUSH', 305, 'F', 1),
('BUSH28', 'BUSH', 307, 'F', 1),
('BUSH29', 'BUSH', 309, 'F', 1),
('BUSH30', 'BUSH', 311, 'F', 1),
('BUSH31', 'BUSH', 313, 'F', 1),
('BUSH32', 'BUSH', 315, 'F', 1),
('BUSH33', 'BUSH', 317, 'F', 1),
('BUSH34', 'BUSH', 319, 'F', 1),
('BUSH35', 'BUSH', 401, 'F', 1),
('BUSH36', 'BUSH', 403, 'F', 1),
('BUSH37', 'BUSH', 405, 'O', 10),
('BUSH38', 'BUSH', 407, 'O', 10),
('BUSH39', 'BUSH', 409, 'O', 20),
('NTSC1', 'NTSC', 102, 'C', 30),
('NTSC2', 'NTSC', 104, 'C', 30),
('NTSC3', 'NTSC', 106, 'C', 30),
('NTSC4', 'NTSC', 108, 'C', 30),
('NTSC5', 'NTSC', 110, 'C', 40),
('NTSC6', 'NTSC', 112, 'C', 30),
('NTSC7', 'NTSC', 202, 'C', 30),
('NTSC8', 'NTSC', 204, 'C', 30),
('NTSC9', 'NTSC', 206, 'C', 30),
('NTSC10', 'NTSC', 208, 'C', 30),
('NTSC11', 'NTSC', 210, 'C', 40),
('NTSC12', 'NTSC', 212, 'C', 30),
('NTSC13', 'NTSC', 214, 'C', 30),
('NTSC14', 'NTSC', 216, 'C', 30),
('NTSC15', 'NTSC', 218, 'C', 30),
('NTSC16', 'NTSC', 220, 'C', 40),
('NTSC17', 'NTSC', 302, 'L', 35),
('NTSC18', 'NTSC', 304, 'L', 35),
('NTSC19', 'NTSC', 306, 'L', 35),
('NTSC20', 'NTSC', 308, 'L', 35),
('NTSC21', 'NTSC', 310, 'L', 35),
('NTSC22', 'NTSC', 312, 'L', 35),
('NTSC23', 'NTSC', 314, 'L', 35),
('NTSC24', 'NTSC', 402, 'F', 1),
('NTSC25', 'NTSC', 404, 'F', 1),
('NTSC26', 'NTSC', 406, 'F', 1),
('NTSC27', 'NTSC', 408, 'F', 1),
('NTSC28', 'NTSC', 410, 'F', 1),
('NTSC29', 'NTSC', 412, 'F', 1),
('NTSC30', 'NTSC', 414, 'F', 1),
('NTSC31', 'NTSC', 416, 'F', 1),
('NTSC32', 'NTSC', 418, 'F', 1),
('NTSC33', 'NTSC', 420, 'F', 1),
('NTSC34', 'NTSC', 422, 'F', 1),
('NTSC35', 'NTSC', 424, 'O', 10),
('NTSC36', 'NTSC', 426, 'O', 10),
('NTSC37', 'NTSC', 428, 'O', 20),
('PHSC1', 'PHSC', 101, 'C', 30),
('PHSC2', 'PHSC', 103, 'C', 30),
('PHSC3', 'PHSC', 105, 'C', 30),
('PHSC4', 'PHSC', 107, 'C', 30),
('PHSC5', 'PHSC', 109, 'C', 40),
('PHSC6', 'PHSC', 111, 'C', 30),
('PHSC7', 'PHSC', 201, 'C', 30),
('PHSC8', 'PHSC', 203, 'C', 30),
('PHSC9', 'PHSC', 205, 'C', 30),
('PHSC10', 'PHSC', 207, 'C', 30),
('PHSC11', 'PHSC', 209, 'C', 40),
('PHSC12', 'PHSC', 211, 'C', 30),
('PHSC13', 'PHSC', 213, 'C', 30),
('PHSC14', 'PHSC', 215, 'C', 30),
('PHSC15', 'PHSC', 217, 'C', 30),
('PHSC16', 'PHSC', 219, 'C', 40),
('PHSC17', 'PHSC', 301, 'L', 35),
('PHSC18', 'PHSC', 303, 'L', 35),
('PHSC19', 'PHSC', 305, 'L', 35),
('PHSC20', 'PHSC', 307, 'L', 35),
('PHSC21', 'PHSC', 309, 'L', 35),
('PHSC22', 'PHSC', 311, 'L', 35),
('PHSC23', 'PHSC', 313, 'L', 35),
('PHSC24', 'PHSC', 401, 'F', 1),
('PHSC25', 'PHSC', 403, 'F', 1),
('PHSC26', 'PHSC', 405, 'F', 1),
('PHSC27', 'PHSC', 407, 'F', 1),
('PHSC28', 'PHSC', 409, 'F', 1),
('PHSC29', 'PHSC', 411, 'F', 1),
('PHSC30', 'PHSC', 413, 'F', 1),
('PHSC31', 'PHSC', 415, 'F', 1),
('PHSC32', 'PHSC', 417, 'F', 1),
('PHSC33', 'PHSC', 419, 'F', 1),
('PHSC34', 'PHSC', 421, 'F', 1),
('PHSC35', 'PHSC', 423, 'O', 10),
('PHSC36', 'PHSC', 425, 'O', 10),
('PHSC37', 'PHSC', 429, 'O', 20),
('TECH1', 'TECH', 101, 'L', 40),
('TECH2', 'TECH', 103, 'L', 40),
('TECH3', 'TECH', 105, 'L', 40),
('TECH4', 'TECH', 107, 'L', 40),
('TECH5', 'TECH', 109, 'L', 40),
('TECH6', 'TECH', 111, 'L', 40),
('TECH7', 'TECH', 113, 'L', 40),
('TECH8', 'TECH', 201, 'C', 30),
('TECH9', 'TECH', 203, 'C', 30),
('TECH10', 'TECH', 205, 'C', 30),
('TECH11', 'TECH', 207, 'C', 30),
('TECH12', 'TECH', 209, 'C', 40),
('TECH13', 'TECH', 211, 'C', 30),
('TECH14', 'TECH', 213, 'C', 30),
('TECH15', 'TECH', 215, 'C', 30),
('TECH16', 'TECH', 217, 'C', 30),
('TECH17', 'TECH', 219, 'C', 40),
('TECH18', 'TECH', 221, 'C', 30),
('TECH19', 'TECH', 223, 'C', 30),
('TECH20', 'TECH', 225, 'C', 30),
('TECH21', 'TECH', 227, 'C', 30),
('TECH22', 'TECH', 229, 'C', 40),
('TECH23', 'TECH', 231, 'C', 30),
('TECH24', 'TECH', 301, 'F', 1),
('TECH25', 'TECH', 303, 'F', 1),
('TECH26', 'TECH', 305, 'F', 1),
('TECH27', 'TECH', 307, 'F', 1),
('TECH28', 'TECH', 309, 'F', 1),
('TECH29', 'TECH', 311, 'F', 1),
('TECH30', 'TECH', 313, 'F', 1),
('TECH31', 'TECH', 315, 'F', 1),
('TECH32', 'TECH', 317, 'F', 1),
('TECH33', 'TECH', 319, 'F', 1),
('TECH34', 'TECH', 321, 'F', 1),
('TECH35', 'TECH', 323, 'O', 10),
('TECH36', 'TECH', 325, 'O', 10),
('TECH37', 'TECH', 327, 'O', 20),
('LTLN1', 'LTLN', 101, 'F', 1),
('LTLN2', 'LTLN', 103, 'F', 1),
('LTLN3', 'LTLN', 105, 'F', 1),
('LTLN4', 'LTLN', 107, 'C', 30),
('LTLN5', 'LTLN', 109, 'C', 40),
('LTLN6', 'LTLN', 111, 'C', 30),
('LTLN7', 'LTLN', 113, 'C', 30),
('LTLN8', 'LTLN', 115, 'C', 30),
('LTLN9', 'LTLN', 117, 'C', 30),
('LTLN10', 'LTLN', 201, 'F', 1),
('LTLN11', 'LTLN', 203, 'F', 1),
('LTLN12', 'LTLN', 205, 'F', 1),
('LTLN13', 'LTLN', 207, 'C', 30),
('LTLN14', 'LTLN', 209, 'C', 40),
('LTLN15', 'LTLN', 211, 'C', 30),
('LTLN16', 'LTLN', 213, 'C', 30),
('LTLN17', 'LTLN', 215, 'C', 30),
('LTLN18', 'LTLN', 217, 'C', 30),
('LTLN19', 'LTLN', 219, 'C', 40),
('LTLN20', 'LTLN', 221, 'C', 30),
('LTLN21', 'LTLN', 223, 'C', 30),
('LTLN22', 'LTLN', 225, 'C', 30),
('LTLN23', 'LTLN', 227, 'C', 30),
('LTLN24', 'LTLN', 229, 'C', 40),
('LTLN25', 'LTLN', 301, 'F', 1),
('LTLN26', 'LTLN', 303, 'F', 1),
('LTLN27', 'LTLN', 305, 'F', 1),
('LTLN28', 'LTLN', 307, 'C', 35),
('LTLN29', 'LTLN', 309, 'C', 25),
('LTLN30', 'LTLN', 311, 'C', 40),
('LTLN31', 'LTLN', 313, 'C', 20),
('LTLN32', 'LTLN', 401, 'O', 10),
('LTLN33', 'LTLN', 403, 'O', 10),
('LTLN34', 'LTLN', 405, 'O', 20),
('ENGB1', 'ENGB', 101, 'F', 1),
('ENGB2', 'ENGB', 103, 'F', 1),
('ENGB3', 'ENGB', 105, 'F', 1),
('ENGB4', 'ENGB', 107, 'F', 1),
('ENGB5', 'ENGB', 109, 'F', 1),
('ENGB6', 'ENGB', 111, 'F', 1),
('ENGB7', 'ENGB', 113, 'F', 1),
('ENGB8', 'ENGB', 115, 'F', 1),
('ENGB9', 'ENGB', 117, 'F', 1),
('ENGB10', 'ENGB', 201, 'O', 10),
('ENGB11', 'ENGB', 203, 'O', 10),
('ENGB12', 'ENGB', 205, 'O', 20),
('ENGB13', 'ENGB', 207, 'C', 30),
('ENGB14', 'ENGB', 209, 'C', 40),
('ENGB15', 'ENGB', 211, 'C', 30),
('ENGB16', 'ENGB', 213, 'C', 30),
('ENGB17', 'ENGB', 215, 'C', 30),
('ENGB18', 'ENGB', 217, 'C', 30),
('ENGB19', 'ENGB', 219, 'C', 40),
('ENGB20', 'ENGB', 221, 'C', 30),
('ENGB21', 'ENGB', 223, 'C', 30),
('ENGB22', 'ENGB', 225, 'C', 30),
('ENGB23', 'ENGB', 227, 'C', 30),
('ENGB24', 'ENGB', 229, 'C', 40),
('ENGB25', 'ENGB', 301, 'C', 35),
('ENGB26', 'ENGB', 303, 'C', 35),
('ENGB27', 'ENGB', 305, 'C', 35),
('ENGB28', 'ENGB', 307, 'C', 35),
('ENGB29', 'ENGB', 309, 'C', 35),
('ENGB30', 'ENGB', 311, 'C', 35),
('ENGB31', 'ENGB', 401, 'L', 35),
('ENGB32', 'ENGB', 403, 'L', 40),
('ENGB33', 'ENGB', 405, 'L', 40),
('ENGB34', 'ENGB', 407, 'L', 40),
('ENGB35', 'ENGB', 409, 'L', 40),
('SSCB1', 'SSCB', 101, 'C', 30),
('SSCB2', 'SSCB', 103, 'C', 30),
('SSCB3', 'SSCB', 105, 'C', 30),
('SSCB4', 'SSCB', 107, 'C', 30),
('SSCB5', 'SSCB', 109, 'C', 40),
('SSCB6', 'SSCB', 111, 'C', 30),
('SSCB7', 'SSCB', 113, 'C', 30),
('SSCB8', 'SSCB', 115, 'C', 30),
('SSCB9', 'SSCB', 117, 'C', 30),
('SSCB10', 'SSCB', 201, 'C', 30),
('SSCB11', 'SSCB', 203, 'C', 30),
('SSCB12', 'SSCB', 205, 'C', 30),
('SSCB13', 'SSCB', 207, 'C', 30),
('SSCB14', 'SSCB', 209, 'C', 40),
('SSCB15', 'SSCB', 211, 'C', 30),
('SSCB16', 'SSCB', 213, 'C', 30),
('SSCB17', 'SSCB', 301, 'F', 1),
('SSCB18', 'SSCB', 303, 'F', 1),
('SSCB19', 'SSCB', 305, 'F', 1),
('SSCB20', 'SSCB', 307, 'F', 1),
('SSCB21', 'SSCB', 309, 'F', 1),
('SSCB22', 'SSCB', 311, 'F', 1),
('SSCB23', 'SSCB', 313, 'F', 1),
('SSCB24', 'SSCB', 315, 'F', 1),
('SSCB25', 'SSCB', 317, 'F', 1),
('SSCB26', 'SSCB', 319, 'F', 1),
('SSCB27', 'SSCB', 321, 'F', 1),
('SSCB28', 'SSCB', 323, 'O', 10),
('SSCB29', 'SSCB', 325, 'O', 10),
('SSCB30', 'SSCB', 327, 'O', 20),
('ARTS1', 'ARTS', 111, 'F', 1),
('ARTS2', 'ARTS', 113, 'F', 1),
('ARTS3', 'ARTS', 115, 'F', 1),
('ARTS4', 'ARTS', 117, 'F', 1),
('ARTS5', 'ARTS', 119, 'F', 1),
('ARTS6', 'ARTS', 121, 'F', 1),
('ARTS7', 'ARTS', 123, 'F', 1),
('ARTS8', 'ARTS', 125, 'F', 1),
('ARTS9', 'ARTS', 210, 'F', 1),
('ARTS10', 'ARTS', 212, 'F', 1),
('ARTS11', 'ARTS', 214, 'F', 1),
('ARTS12', 'ARTS', 216, 'O', 10),
('ARTS13', 'ARTS', 218, 'O', 10),
('ARTS14', 'ARTS', 220, 'O', 20),
('ARTS15', 'ARTS', 232, 'C', 30),
('ARTS16', 'ARTS', 234, 'C', 30),
('ARTS17', 'ARTS', 236, 'C', 30),
('ARTS18', 'ARTS', 238, 'C', 30),
('ARTS19', 'ARTS', 240, 'C', 40),
('ARTS20', 'ARTS', 242, 'C', 30),
('ARTS21', 'ARTS', 244, 'C', 30),
('ARTS22', 'ARTS', 246, 'C', 30),
('ARTS23', 'ARTS', 248, 'C', 30),
('ARTS24', 'ARTS', 330, 'L', 20),
('ARTS25', 'ARTS', 332, 'L', 20),
('ARTS26', 'ARTS', 334, 'L', 20),
('ARTS27', 'ARTS', 336, 'L', 20),
('ARTS28', 'ARTS', 338, 'L', 20),
('ARTS29', 'ARTS', 340, 'L', 20),
('ARTS30', 'ARTS', 342, 'L', 20),
('ARTS31', 'ARTS', 344, 'L', 20),
('SYMP1', 'SYMP', 101, 'S', 300),
('SYMP2', 'SYMP', 109, 'S', 100),
('SYMP3', 'SYMP', 201, 'C', 20),
('SYMP4', 'SYMP', 203, 'C', 20),
('SYMP5', 'SYMP', 205, 'C', 30),
('SYMP6', 'SYMP', 207, 'C', 30),
('SYMP7', 'SYMP', 209, 'C', 30),
('SYMP8', 'SYMP', 211, 'C', 30),
('SYMP9', 'SYMP', 213, 'O', 25),
('MATH2', 'MATH', 103, 'C', 30),
('MATH3', 'MATH', 105, 'C', 30),
('MATH4', 'MATH', 107, 'C', 30),
('MATH5', 'MATH', 109, 'C', 40),
('MATH6', 'MATH', 111, 'C', 30),
('MATH7', 'MATH', 113, 'C', 30),
('MATH8', 'MATH', 115, 'C', 30),
('MATH9', 'MATH', 117, 'C', 30),
('MATH10', 'MATH', 201, 'C', 30),
('MATH11', 'MATH', 203, 'C', 30),
('MATH12', 'MATH', 205, 'C', 30),
('MATH13', 'MATH', 207, 'C', 30),
('MATH14', 'MATH', 209, 'C', 40),
('MATH15', 'MATH', 211, 'C', 30),
('MATH16', 'MATH', 213, 'C', 30),
('MATH17', 'MATH', 215, 'C', 30),
('MATH18', 'MATH', 217, 'C', 30),
('MATH19', 'MATH', 219, 'C', 40),
('MATH20', 'MATH', 221, 'C', 30),
('MATH21', 'MATH', 301, 'F', 1),
('MATH22', 'MATH', 303, 'F', 1),
('MATH23', 'MATH', 305, 'F', 1),
('MATH24', 'MATH', 307, 'F', 1),
('MATH25', 'MATH', 309, 'F', 1),
('MATH26', 'MATH', 311, 'F', 1),
('MATH27', 'MATH', 313, 'F', 1),
('MATH28', 'MATH', 315, 'F', 1),
('MATH29', 'MATH', 317, 'F', 1),
('MATH30', 'MATH', 319, 'F', 1),
('MATH31', 'MATH', 321, 'O', 10),
('MATH32', 'MATH', 323, 'O', 10),
('MATH33', 'MATH', 325, 'O', 20),
('NSSB1', 'NSSB', 103, 'C', 25),
('NSSB2', 'NSSB', 102, 'C', 25),
('NSSB3', 'NSSB', 101, 'C', 20),
('NSSB4', 'NSSB', 105, 'C', 30),
('NSSB5', 'NSSB', 106, 'C', 25),
('CLRN1', 'CLRN', 122, 'C', 15),
('NTSC38', 'NTSC', 501, 'F', 1),
('NTSC39', 'NTSC', 503, 'F', 1),
('NTSC40', 'NTSC', 505, 'F', 1),
('NTSC41', 'NTSC', 507, 'F', 1),
('NTSC42', 'NTSC', 509, 'F', 1),
('NTSC43', 'NTSC', 511, 'F', 1),
('NTSC44', 'NTSC', 513, 'F', 1),
('NTSC45', 'NTSC', 515, 'F', 1),
('NTSC46', 'NTSC', 517, 'F', 1),
('NTSC47', 'NTSC', 519, 'F', 1),
('NTSC48', 'NTSC', 521, 'F', 1),
('MAIN29', 'MAIN', 301, 'F', 1),
('MAIN30', 'MAIN', 303, 'F', 1),
('MAIN31', 'MAIN', 305, 'F', 1),
('MAIN32', 'MAIN', 307, 'F', 1),
('MAIN33', 'MAIN', 309, 'F', 1),
('MAIN34', 'MAIN', 311, 'F', 1),
('MAIN35', 'MAIN', 313, 'F', 1),
('MAIN36', 'MAIN', 315, 'F', 1),
('MAIN37', 'MAIN', 317, 'F', 1),
('MAIN38', 'MAIN', 319, 'F', 1),
('MAIN39', 'MAIN', 321, 'F', 1),
('MAIN40', 'MAIN', 323, 'F', 1),
('MAIN41', 'MAIN', 325, 'F', 1),
('MAIN42', 'MAIN', 327, 'F', 1),
('MAIN43', 'MAIN', 329, 'F', 1),
('MAIN44', 'MAIN', 331, 'F', 1),
('MAIN45', 'MAIN', 333, 'F', 1);


INSERT INTO `department` (`code`, `name`) VALUES
('ANT', 'Anthropology'),
('CSC', 'Computer Science'),
('ENG', 'English'),
('CHM', 'Chemistry'),
('CIS', 'Computer Science'),
('MAT', 'Mathematics'),
('PSY', 'Psychology'),
('VAR', 'Visual Arts'),
('PHI', 'Philosophy'),
('EDU', 'Education'),
('BIO', 'Biology'),
('GEO', 'Geology'),
('BUS', 'Business'),
('SOC', 'Sociology'),
('PHE', 'Public Health'),
('MLA', 'Modern Languages'),
('SCI', 'Science'),
('HIS', 'History'),
('PHY', 'Physics'),
('MUS', 'Music'),
('MED', 'Medicine'),
('LIN', 'Linguistics'),
('THR', 'Theater'),
('MEC', 'Mechanical'),
('JRN', 'Journalism');


INSERT INTO `faculty` (`user_id`, `isFullTime`, `department_id`, `room_id`) VALUES
(10002, 1, 'GEO', 'ARTS1'),
(10011, 1, 'PHE', 'ARTS1'),
(10012, 1, 'ENG', 'ARTS1'),
(10013, 1, 'CHM', 'ARTS1'),
(10014, 1, 'MAT', 'ARTS1'),
(10015, 1, 'PSY', 'ARTS1'),
(10016, 1, 'VAR', 'ARTS1'),
(10033, 1, 'PHI', 'ARTS1'),
(10034, 1, 'EDU', 'ARTS1'),
(10035, 1, 'BIO', 'ARTS1'),
(10036, 1, 'BUS', 'ARTS1'),
(10038, 1, 'MLA', 'ARTS1'),
(10039, 1, 'SCI', 'ARTS1'),
(10040, 1, 'HIS', 'ARTS1'),
(10041, 1, 'PHY', 'ARTS1'),
(10042, 1, 'ENG', 'ARTS1'),
(10043, 1, 'CHM', 'ARTS1'),
(10044, 1, 'CSC', 'ARTS1'),
(10045, 1, 'MAT', 'ARTS1'),
(10046, 1, 'PSY', 'ARTS1'),
(10047, 1, 'VAR', 'ARTS1'),
(10048, 1, 'PHY', 'ARTS1'),
(10049, 1, 'EDU', 'ARTS1'),
(10050, 1, 'BIO', 'ARTS1'),
(10051, 1, 'GEO', 'ARTS1'),
(10052, 1, 'PHE', 'ARTS1'),
(10053, 1, 'MLA', 'ARTS1'),
(10054, 1, 'SCI', 'ARTS1'),
(10055, 1, 'HIS', 'ARTS1'),
(10056, 1, 'PHY', 'ARTS1'),
(10057, 1, 'CSC', 'ARTS1'),
(10058, 1, 'MAT', 'ARTS1'),
(10059, 1, 'SOC', 'ARTS1'),
(10092,1, 'CSC', 'ARTS1'),
(10093,1, 'CSC', 'ARTS1'),
(10094,1, 'CSC', 'ARTS1'),
(10095,1, 'CSC', 'ARTS1'),
(10096,1, 'CSC', 'ARTS1'),
(10097,1, 'CSC', 'ARTS1'),
(10098,1, 'CSC', 'ARTS1'),
(10099,1, 'BUS', 'ARTS1'),
(10100,1, 'BUS', 'ARTS1'),
(10101,1, 'BUS', 'ARTS1'),
(10102,1, 'BUS', 'ARTS1'),
(10103, 1, 'EDU', 'ARTS1'),
(10104, 1, 'EDU', 'ARTS1'),
(10105, 1, 'EDU', 'ARTS1'),
(10106, 1, 'EDU', 'ARTS1'),
(10107, 1, 'MLA', 'ARTS1'),
(10108, 1, 'MLA', 'ARTS1'),
(10109, 1, 'MLA', 'ARTS1'),
(10110, 1, 'MLA', 'ARTS1'),
(10111, 1, 'VAR', 'ARTS1'),
(10112, 1, 'ENG', 'ARTS1'),
(10113, 1, 'ANT', 'ARTS1'),
(10114, 1, 'HIS', 'ARTS1'),
(10115, 1, 'CHM', 'ARTS1'),
(10116, 1, 'CHM', 'ARTS1'),
(10117, 1, 'PHE', 'ARTS1'),
(10118, 1, 'PHE', 'ARTS1'),
(10119, 1, 'SOC', 'ARTS1'),
(10120, 1, 'SOC', 'ARTS1'),
(10121,1, 'MAT', 'ARTS1'),
(10122,1, 'MAT','ARTS1'),
(10123,1, 'MAT','ARTS1'),
(10124,1, 'MAT','ARTS1'),
(10125,1, 'MAT','ARTS1'),
(10126,1, 'MAT','ARTS1'),
(10127,1, 'MAT','ARTS1'),
(10128,1, 'CSC','ARTS1');

INSERT INTO `full_time_faculty` (`faculty_id`) VALUES
(10002),
(10012),
(10013),
(10014),
(10015),
(10016),
(10033);

INSERT INTO `part_time_faculty` (`faculty_id`) VALUES
(10034);

INSERT INTO `admin`(`user_id`) VALUES
(10003),
(10007),
(10017),
(10018),
(10019),
(10020),
(10027),
(10028),
(10029),
(10030),
(10037);

INSERT INTO `researcher` (`user_id`) VALUES
(10004),
(10021),
(10022),
(10023),
(10024),
(10025),
(10026);

INSERT INTO `department_chair` (`faculty_id`) VALUES
(10002),
(10012),
(10013),
(10014),
(10015),
(10016),
(10033),
(10034);

INSERT INTO `major` (`id`,`name`,`department_id`, `type`) VALUES
(1, 'English', 'ENG', 'BA'),
(2, 'Biology', 'BIO', 'BS'),
(3, 'Education', 'EDU', 'BA'),
(4, 'Computer Science', 'CSC', 'BS');

INSERT INTO `minor` (`id`,`name`,`department_id`) VALUES
(1, 'English', 'ENG'),
(2, 'Biology', 'BIO'), 
(3, 'Education', 'EDU'),
(4, 'Computer Science', 'CSC');

INSERT INTO `term` (`id`, `season`, `year`) VALUES
(1, 'F', 2016),
(2, 'SP', 2017),
(3, 'F', 2017),
(4, 'SP', 2018),
(5, 'F', 2018),
(6, 'SP', 2019),
(7, 'F', 2019),
(8, 'SP', 2020);

-- INSERT INTO `Student_Major` (`student_id`, `major_id`, `dateDeclared`) VALUES
-- (10005, 2, '2019-10-02'),
-- (10006, 3, '2018-09-03'),
-- (10008, 4, '2018-11-05');
-- 
-- INSERT INTO `Student_Minor` (`student_id`, `minor_id`, `dateDeclared`) VALUES
-- (10005, 3, '2019-10-02'),
-- (10006, 2, '2018-09-03'),
-- (10008, 1, '2018-11-05');

INSERT INTO `hold` (`name`, `type`, `description`) VALUES
('BB01', 'Bursar', 'Unpaid Balance'),
('BB02', 'Bursar', 'Payyment plan amount due'),
('AD03', 'Admission', 'Admission Application Incomplete'),
('BB03', 'Bursar', 'Admission Application fee required '),
('AD04', 'Admission', 'Transfer transcript required'),
('AD50', 'Admission', 'Orientation required'),
('FA05', 'Financial Aid', 'Incomplete/Missing Income documents'),
('FA06', 'Financial Aid', 'Incomplete/Missing FASA'),
('FA07', 'Financial Aid', 'Incomplete/Missing TAP'),
('FA08', 'Financial Aid', 'Incomplete/Missing PELL'),
('AD10', 'Admission', 'Graduate Student Recommendation letters missing'),
('RG01', 'Registration', 'Undeclared Major'),
('RG02', 'Registration', 'Pre-Requisite required'),
('RG03', 'Registration', 'Academic Probation'),
('AD11', 'Admission', 'Immunization records required'),
('AD52', 'Admission', 'High School records required'),
('AD20', 'Admission', 'International Student Visa required'),
('AD56', 'Admission', 'International Student Transcript/Records required'),
('BB60', 'Bursar', 'Bounced check'),
('RG65', 'Registration', 'Instructor approval required'),
('RG66', 'Registration', 'Academic advisement required'),
('RG42', 'Registration', 'Scholarship warning grade requirement is below B '),
('BB68', 'Bursar', 'Graduation fee required'),
('BB80', 'Bursar', 'Student dorm balance due '),
('AD89', 'Admission', 'Graduate Application required');

-- INSERT INTO `Student_Hold` (`id`,`student_id`, `hold_id`) VALUES
-- (1,10006, 'FA05');

-- INSERT INTO `Major_Requirement` (`major_id`, `course_id`, `grade_required`) VALUES
-- (2, 102, 'C');
-- 
-- INSERT INTO `Minor_Requirement` (`minor_id`, `course_id`, `grade_required`) VALUES
-- (2, 102, 'C');



