INSERT INTO `time` (`id`, `start`, `end`) VALUES
(1, '08:00:00', '09:30:00'), -- 8:00 - 9:30
(2, '09:40:00', '11:10:00'), -- 9:40 - 11:10
(3, '11:20:00', '12:50:00'), -- 11:20 - 12:50
(4, '13:00:00', '14:30:00'), -- 1:00 - 2:30
(5, '15:50:00', '17:20:00'), -- 3:50 - 5:20
(6, '17:30:00', '19:00:00'), -- 5:30 - 7:00
(7, '19:10:00', '20:40:00'), -- 7:10 - 8:40
(8, '20:50:00', '22:20:00'); -- 8:50 - 10:20

INSERT INTO `day` (`id`, `name`) VALUES
(1,'MO'),
(2,'TU'),
(3,'WE'),
(4,'TH');

-- INSERT INTO `slot` (`id`, `time_id`, `day_id`,) VALUES
-- ('101', 1, 1),
-- ('102', 1, 2),
-- ('103', 1, 3),
-- ('104', 1, 4),
-- ('105', 2, 1),
-- ('106', 2, 2),
-- ('107', 2, 3),
-- ('108', 2, 4),
-- ('109', 3, 1),
-- ('110', 3, 2),
-- ('111', 3, 3),
-- ('112', 3, 4),
-- ('113', 4, 1),
-- ('114', 4, 2),
-- ('115', 4, 3),
-- ('116', 4, 4),
-- ('117', 5, 1),
-- ('118', 5, 2),
-- ('119', 5, 3),
-- ('120', 5, 4),
-- ('121', 6, 1),
-- ('122', 6, 2),
-- ('123', 6, 3),
-- ('124', 6, 4),
-- ('125', 7, 1),
-- ('126', 7, 2),
-- ('127', 7, 3),
-- ('128', 7, 4),
-- ('129', 8, 1),
-- ('130', 8, 2),
-- ('131', 8, 3),
-- ('132', 8, 4);


INSERT INTO `student` (`user_id`, `isUndergrad`) VALUES
(10000,1),
(10005,1),
(10006,1),
(10008,1),
(10009,1),
(10010,1),
(10031,0),
(10032,0),
(10070,0),
(10071,1),
(10072,0),
(10073,0),
(10074,1),
(10075,1),
(10076,1),
(10077,1),
(10078,1),
(10079,0),
(10080,0),
(10081,0),
(10082,0),
(10083,1),
(10084,1);
    
INSERT INTO `undergrad_student` (`student_id`, `isFullTime`) VALUES
(10000,1),
(10005,1),
(10006,1),
(10008,1),
(10009,1),
(10010,1),
(10071,0),
(10074,0),
(10075,0),
(10076,0),
(10077,0),
(10078,0),
(10083,1),
(10084,1);

INSERT INTO `part_time_undergrad_student` (`undergrad_id`) VALUES
(10071),
(10074),
(10075),
(10076),
(10077),
(10078);

INSERT INTO `full_time_undergrad_student` (`undergrad_id`) VALUES
(10006),
(10008),
(10005),
(10000),
(10010),
(10009),
(10083),
(10084);

INSERT INTO `grad_student` (`student_id`, `isFullTime`) VALUES
(10031,0),
(10032,0),
(10070,0),
(10072,0),
(10073,0),
(10079,1),
(10080,1),
(10081,1),
(10082,1);

INSERT INTO `part_time_grad_student` (`grad_id`) VALUES
(10031),
(10032),
(10073),
(10072),
(10070);

INSERT INTO `full_time_grad_student` (`grad_id`) VALUES
(10079),
(10080),
(10081),
(10082);

